Employee Name,Manager Name,Email,Date of Hire,Store,Shift Start,Shift End,Station,Hourly Pay Rate
"Sean, Mr.","Compton, Jeffrey",mr..sean@abcfoodmart.com,2023-03-25,ABC Foodmart - Staten Island,2023-04-14 00:00,2023-04-14 00:00,seafood,12.60
"Foster, Jennifer","Hoffman, Tina",jennifer.foster@abcfoodmart.com,2023-06-15,ABC Foodmart - DUMBO,2023-07-08 00:00,2023-07-08 00:00,dry goods,17.43
"Shah, Amanda","Ellis, Grant",amanda.shah@abcfoodmart.com,2023-10-07,ABC Foodmart - DUMBO,2023-10-18 00:00,2023-10-18 00:00,cashier,16.21
"Garcia, Sarah","Cooper, Robert",sarah.garcia@abcfoodmart.com,2022-12-14,ABC Foodmart - Tribeca,2023-01-06 00:00,2023-01-06 00:00,cashier,15.74
"Riley, Ashley","Hoffman, Tina",ashley.riley@abcfoodmart.com,2022-08-17,ABC Foodmart - DUMBO,2022-08-27 00:00,2022-08-27 00:00,customer service,13.23
"Campbell, Brittany","Flores, Angela",brittany.campbell@abcfoodmart.com,2023-03-25,ABC Foodmart - Tribeca,2023-04-23 00:00,2023-04-23 00:00,fresh produce,12.82
"Burns, Kendra","Farrell, Christopher",kendra.burns@abcfoodmart.com,2022-12-13,ABC Foodmart - Tribeca,2022-12-26 00:00,2022-12-26 00:00,floral,13.21
"Ellis, Lauren","Cooper, Robert",lauren.ellis@abcfoodmart.com,2022-10-22,ABC Foodmart - Whitestone,2022-11-11 00:00,2022-11-11 00:00,deli,18.09
"Walters, Jay","Carter, Karen",jay.walters@abcfoodmart.com,2023-12-17,ABC Foodmart - Staten Island,2024-01-11 00:00,2024-01-11 00:00,cashier,12.85
"Hull, Shane","Cooper, Robert",shane.hull@abcfoodmart.com,2024-01-09,ABC Foodmart - Staten Island,2024-01-23 00:00,2024-01-23 00:00,bakery,16.96
"Wells, Monica","Hoffman, Tina",monica.wells@abcfoodmart.com,2024-03-12,ABC Foodmart - Bay Ridge,2024-03-26 00:00,2024-03-26 00:00,deli,14.08
"Campbell, Brittany","Flores, Angela",brittany.campbell@abcfoodmart.com,2023-03-25,ABC Foodmart - Tribeca,2023-05-04 00:00,2023-05-04 00:00,cashier,16.73
"Carroll, Eric","David, Mr.",eric.carroll@abcfoodmart.com,2022-12-26,ABC Foodmart - Bay Ridge,2023-01-02 00:00,2023-01-02 00:00,cashier,18.14
"White, Kenneth","Moran, John",kenneth.white@abcfoodmart.com,2023-01-22,ABC Foodmart - Staten Island,2023-02-13 00:00,2023-02-13 00:00,pharmacy,14.45
"Werner, Kara","Johnston, William",kara.werner@abcfoodmart.com,2023-10-12,ABC Foodmart - Staten Island,2023-10-18 00:00,2023-10-18 00:00,seafood,14.91
"Tate, Harry","Farrell, Christopher",harry.tate@abcfoodmart.com,2022-09-18,ABC Foodmart - Whitestone,2022-10-11 00:00,2022-10-11 00:00,frozen foods,15.77
"Sosa, David","Williams, Gina",david.sosa@abcfoodmart.com,2023-07-27,ABC Foodmart - Tribeca,2023-08-19 00:00,2023-08-19 00:00,dairy,15.68
"Chen, Kathleen","Flores, Angela",kathleen.chen@abcfoodmart.com,2024-02-03,ABC Foodmart - Tribeca,2024-02-09 00:00,2024-02-09 00:00,dairy,13.92
"Foster, Kenneth","Hoffman, Tina",kenneth.foster@abcfoodmart.com,2023-04-23,ABC Foodmart - Staten Island,2023-05-20 00:00,2023-05-20 00:00,bakery,18.49
"Manning, Maria","Waller, Chad",maria.manning@abcfoodmart.com,2022-11-16,ABC Foodmart - DUMBO,2022-11-23 00:00,2022-11-23 00:00,pharmacy,19.71
"Martin, Monica","Flores, Angela",monica.martin@abcfoodmart.com,2023-11-23,ABC Foodmart - DUMBO,2023-11-25 00:00,2023-11-25 00:00,meats,16.05
"Walters, Jay","Johnston, William",jay.walters@abcfoodmart.com,2023-12-17,ABC Foodmart - Tribeca,2024-02-05 00:00,2024-02-05 00:00,floral,14.40
"Walters, Jay","Williams, Gina",jay.walters@abcfoodmart.com,2023-12-17,ABC Foodmart - Tribeca,2024-02-11 00:00,2024-02-11 00:00,dry goods,12.56
"Hernandez, Michael","Compton, Jeffrey",michael.hernandez@abcfoodmart.com,2022-05-24,ABC Foodmart - Whitestone,2022-06-06 00:00,2022-06-06 00:00,floral,17.90
"Glover, Michelle","Cooper, Robert",michelle.glover@abcfoodmart.com,2022-08-25,ABC Foodmart - Bay Ridge,2022-09-16 00:00,2022-09-16 00:00,dry goods,15.88
"Colon, Lindsey","Ellis, Grant",lindsey.colon@abcfoodmart.com,2023-02-16,ABC Foodmart - Bay Ridge,2023-02-21 00:00,2023-02-21 00:00,cashier,18.15
"Randolph, Emily","David, Mr.",emily.randolph@abcfoodmart.com,2023-03-09,ABC Foodmart - Bay Ridge,2023-03-31 00:00,2023-03-31 00:00,deli,14.18
"Jones, Christopher","Williams, Gina",christopher.jones@abcfoodmart.com,2022-05-19,ABC Foodmart - Whitestone,2022-06-06 00:00,2022-06-06 00:00,floral,18.05
"Walters, Jay","Farrell, Christopher",jay.walters@abcfoodmart.com,2023-12-17,ABC Foodmart - Staten Island,2024-03-05 00:00,2024-03-05 00:00,dairy,18.91
"Harrell, Angie","Ellis, Grant",angie.harrell@abcfoodmart.com,2023-06-01,ABC Foodmart - Staten Island,2023-06-27 00:00,2023-06-27 00:00,frozen foods,13.21
"Chambers, Jeffrey","Farrell, Christopher",jeffrey.chambers@abcfoodmart.com,2022-09-29,ABC Foodmart - Tribeca,2022-10-04 00:00,2022-10-04 00:00,pharmacy,15.11
"Nichols, Mitchell","Compton, Jeffrey",mitchell.nichols@abcfoodmart.com,2022-09-30,ABC Foodmart - Staten Island,2022-10-04 00:00,2022-10-04 00:00,floral,14.45
"Campbell, Brittany","Cooper, Robert",brittany.campbell@abcfoodmart.com,2023-03-25,ABC Foodmart - DUMBO,2023-05-30 00:00,2023-05-30 00:00,bakery,12.79
"Jacobs, Brenda","Moran, John",brenda.jacobs@abcfoodmart.com,2024-02-09,ABC Foodmart - Tribeca,2024-02-29 00:00,2024-02-29 00:00,floral,17.49
"Mckenzie, William","Moran, John",william.mckenzie@abcfoodmart.com,2023-01-04,ABC Foodmart - Whitestone,2023-01-28 00:00,2023-01-28 00:00,pharmacy,16.84
"Jones, Evelyn","Johnston, William",evelyn.jones@abcfoodmart.com,2024-02-25,ABC Foodmart - Tribeca,2024-02-28 00:00,2024-02-28 00:00,frozen foods,17.47
"Martin, Monica","Hoffman, Tina",monica.martin@abcfoodmart.com,2023-11-23,ABC Foodmart - Staten Island,2023-11-26 00:00,2023-11-26 00:00,meats,18.30
"Riley, Ashley","Ellis, Grant",ashley.riley@abcfoodmart.com,2022-08-17,ABC Foodmart - Bay Ridge,2022-09-18 00:00,2022-09-18 00:00,dry goods,15.28
"Love, Thomas","Williams, Gina",thomas.love@abcfoodmart.com,2024-02-18,ABC Foodmart - DUMBO,2024-02-21 00:00,2024-02-21 00:00,cashier,17.86
"Smith, Diana","Johnston, William",diana.smith@abcfoodmart.com,2023-05-31,ABC Foodmart - Whitestone,2023-06-28 00:00,2023-06-28 00:00,deli,14.70
"Durham, Denise","David, Mr.",denise.durham@abcfoodmart.com,2022-10-24,ABC Foodmart - DUMBO,2022-11-07 00:00,2022-11-07 00:00,customer service,13.96
"Galvan, Lori","Carter, Karen",lori.galvan@abcfoodmart.com,2022-05-24,ABC Foodmart - Tribeca,2022-06-02 00:00,2022-06-02 00:00,meats,15.65
"Mckinney, Marcus","Hoffman, Tina",marcus.mckinney@abcfoodmart.com,2022-08-14,ABC Foodmart - DUMBO,2022-09-12 00:00,2022-09-12 00:00,seafood,18.85
"Church, Joshua","Hoffman, Tina",joshua.church@abcfoodmart.com,2024-03-03,ABC Foodmart - DUMBO,2024-03-20 00:00,2024-03-20 00:00,cashier,16.73
"Mckenzie, William","Compton, Jeffrey",william.mckenzie@abcfoodmart.com,2023-01-04,ABC Foodmart - DUMBO,2023-01-29 00:00,2023-01-29 00:00,meats,18.36
"Riley, Ashley","Williams, Gina",ashley.riley@abcfoodmart.com,2022-08-17,ABC Foodmart - DUMBO,2022-10-03 00:00,2022-10-03 00:00,seafood,13.61
"Woods, Marcus","Farrell, Christopher",marcus.woods@abcfoodmart.com,2024-04-01,ABC Foodmart - Bay Ridge,2024-04-04 00:00,2024-04-04 00:00,meats,13.91
"Kramer, Veronica","Carter, Karen",veronica.kramer@abcfoodmart.com,2023-03-28,ABC Foodmart - Whitestone,2023-03-31 00:00,2023-03-31 00:00,seafood,18.88
"Burns, Kendra","Cooper, Robert",kendra.burns@abcfoodmart.com,2022-12-13,ABC Foodmart - Tribeca,2023-01-03 00:00,2023-01-03 00:00,meats,19.47
"Terri, Mrs.","Moran, John",mrs..terri@abcfoodmart.com,2022-09-23,ABC Foodmart - Whitestone,2022-10-04 00:00,2022-10-04 00:00,fresh produce,13.87
"Eric, Mr.","Waller, Chad",mr..eric@abcfoodmart.com,2022-09-02,ABC Foodmart - Tribeca,2022-09-22 00:00,2022-09-22 00:00,deli,14.33
"Spears, Erin","Carter, Karen",erin.spears@abcfoodmart.com,2023-07-30,ABC Foodmart - Whitestone,2023-08-18 00:00,2023-08-18 00:00,deli,15.53
"Pena, Johnathan","Moran, John",johnathan.pena@abcfoodmart.com,2023-02-22,ABC Foodmart - Bay Ridge,2023-02-28 00:00,2023-02-28 00:00,pharmacy,15.08
"Chambers, Jeffrey","Carter, Karen",jeffrey.chambers@abcfoodmart.com,2022-09-29,ABC Foodmart - Whitestone,2022-10-13 00:00,2022-10-13 00:00,dry goods,18.92
"Davis, Jennifer","Flores, Angela",jennifer.davis@abcfoodmart.com,2023-11-03,ABC Foodmart - DUMBO,2023-11-26 00:00,2023-11-26 00:00,bakery,19.44
"Walters, Jay","Johnston, William",jay.walters@abcfoodmart.com,2023-12-17,ABC Foodmart - Whitestone,2024-04-03 00:00,2024-04-03 00:00,seafood,12.48
"Kramer, Veronica","Carter, Karen",veronica.kramer@abcfoodmart.com,2023-03-28,ABC Foodmart - Tribeca,2023-04-05 00:00,2023-04-05 00:00,meats,16.80
"Warren, Timothy","Hoffman, Tina",timothy.warren@abcfoodmart.com,2022-12-27,ABC Foodmart - Tribeca,2023-01-14 00:00,2023-01-14 00:00,cashier,19.21
"Gonzalez, Michele","Cooper, Robert",michele.gonzalez@abcfoodmart.com,2023-09-23,ABC Foodmart - Staten Island,2023-09-27 00:00,2023-09-27 00:00,dry goods,14.19
"Perry, Andrea","Ellis, Grant",andrea.perry@abcfoodmart.com,2023-05-05,ABC Foodmart - Bay Ridge,2023-05-24 00:00,2023-05-24 00:00,dry goods,19.39
"Marquez, Jeffrey","Carter, Karen",jeffrey.marquez@abcfoodmart.com,2023-02-19,ABC Foodmart - Tribeca,2023-03-03 00:00,2023-03-03 00:00,floral,14.00
"Nguyen, Richard","Carter, Karen",richard.nguyen@abcfoodmart.com,2022-09-27,ABC Foodmart - Tribeca,2022-10-05 00:00,2022-10-05 00:00,pharmacy,16.59
"Torres, Steven","Moran, John",steven.torres@abcfoodmart.com,2023-05-10,ABC Foodmart - Whitestone,2023-05-28 00:00,2023-05-28 00:00,seafood,13.55
"Hernandez, Michael","Hoffman, Tina",michael.hernandez@abcfoodmart.com,2022-05-24,ABC Foodmart - DUMBO,2022-06-29 00:00,2022-06-29 00:00,cashier,13.97
"Terri, Mrs.","David, Mr.",mrs..terri@abcfoodmart.com,2022-09-23,ABC Foodmart - Tribeca,2022-10-28 00:00,2022-10-28 00:00,pharmacy,18.47
"Walls, Kristen","Cooper, Robert",kristen.walls@abcfoodmart.com,2023-02-10,ABC Foodmart - Tribeca,2023-02-21 00:00,2023-02-21 00:00,bakery,19.84
"Jones, Evelyn","Waller, Chad",evelyn.jones@abcfoodmart.com,2024-02-25,ABC Foodmart - Whitestone,2024-03-02 00:00,2024-03-02 00:00,seafood,15.00
"Brown, Lisa","Johnston, William",lisa.brown@abcfoodmart.com,2022-08-18,ABC Foodmart - DUMBO,2022-08-27 00:00,2022-08-27 00:00,floral,16.87
"Hull, Shane","Waller, Chad",shane.hull@abcfoodmart.com,2024-01-09,ABC Foodmart - DUMBO,2024-01-28 00:00,2024-01-28 00:00,deli,13.56
"Nichols, Brandon","Compton, Jeffrey",brandon.nichols@abcfoodmart.com,2024-02-28,ABC Foodmart - Staten Island,2024-03-21 00:00,2024-03-21 00:00,cashier,15.24
"White, Kenneth","Hoffman, Tina",kenneth.white@abcfoodmart.com,2023-01-22,ABC Foodmart - Whitestone,2023-02-20 00:00,2023-02-20 00:00,meats,15.37
"Hull, Shane","Waller, Chad",shane.hull@abcfoodmart.com,2024-01-09,ABC Foodmart - Bay Ridge,2024-02-05 00:00,2024-02-05 00:00,pharmacy,14.57
"Bryan, Mr.","Hoffman, Tina",mr..bryan@abcfoodmart.com,2023-08-26,ABC Foodmart - Staten Island,2023-08-28 00:00,2023-08-28 00:00,cashier,18.78
"Moon, James","Farrell, Christopher",james.moon@abcfoodmart.com,2023-10-20,ABC Foodmart - Staten Island,2023-11-02 00:00,2023-11-02 00:00,cashier,16.63
"Thompson, Andrea","Moran, John",andrea.thompson@abcfoodmart.com,2023-01-06,ABC Foodmart - Bay Ridge,2023-01-18 00:00,2023-01-18 00:00,seafood,19.40
"Bennett, Alec","Williams, Gina",alec.bennett@abcfoodmart.com,2023-10-03,ABC Foodmart - Staten Island,2023-10-29 00:00,2023-10-29 00:00,dairy,12.85
"Herrera, Spencer","Hoffman, Tina",spencer.herrera@abcfoodmart.com,2023-01-16,ABC Foodmart - Tribeca,2023-02-02 00:00,2023-02-02 00:00,fresh produce,17.54
"Ellis, Lauren","Ellis, Grant",lauren.ellis@abcfoodmart.com,2022-10-22,ABC Foodmart - Whitestone,2022-12-04 00:00,2022-12-04 00:00,dry goods,18.03
"Galvan, Lori","Johnston, William",lori.galvan@abcfoodmart.com,2022-05-24,ABC Foodmart - DUMBO,2022-06-28 00:00,2022-06-28 00:00,deli,13.54
"Walters, Jay","Hoffman, Tina",jay.walters@abcfoodmart.com,2023-12-17,ABC Foodmart - Tribeca,2024-05-02 00:00,2024-05-02 00:00,deli,17.40
"Foster, Kenneth","Waller, Chad",kenneth.foster@abcfoodmart.com,2023-04-23,ABC Foodmart - Staten Island,2023-06-06 00:00,2023-06-06 00:00,fresh produce,19.97
"Carroll, Eric","Williams, Gina",eric.carroll@abcfoodmart.com,2022-12-26,ABC Foodmart - Tribeca,2023-01-05 00:00,2023-01-05 00:00,meats,18.09
"Rogers, Mark","Farrell, Christopher",mark.rogers@abcfoodmart.com,2023-05-08,ABC Foodmart - Whitestone,2023-05-21 00:00,2023-05-21 00:00,pharmacy,14.95
"Church, Joshua","Waller, Chad",joshua.church@abcfoodmart.com,2024-03-03,ABC Foodmart - Bay Ridge,2024-04-16 00:00,2024-04-16 00:00,bakery,18.72
"Burns, Kendra","Carter, Karen",kendra.burns@abcfoodmart.com,2022-12-13,ABC Foodmart - Staten Island,2023-01-21 00:00,2023-01-21 00:00,bakery,16.31
"Jones, Christopher","Carter, Karen",christopher.jones@abcfoodmart.com,2022-05-19,ABC Foodmart - Tribeca,2022-06-24 00:00,2022-06-24 00:00,dry goods,19.97
"Brooks, Renee","Hoffman, Tina",renee.brooks@abcfoodmart.com,2023-07-15,ABC Foodmart - Tribeca,2023-07-25 00:00,2023-07-25 00:00,bakery,14.43
"Mckinney, Marcus","Flores, Angela",marcus.mckinney@abcfoodmart.com,2022-08-14,ABC Foodmart - Staten Island,2022-10-11 00:00,2022-10-11 00:00,fresh produce,14.19
"Wells, Monica","Waller, Chad",monica.wells@abcfoodmart.com,2024-03-12,ABC Foodmart - Bay Ridge,2024-04-16 00:00,2024-04-16 00:00,frozen foods,13.62
"Roach, Christine","Flores, Angela",christine.roach@abcfoodmart.com,2023-10-15,ABC Foodmart - Staten Island,2023-10-30 00:00,2023-10-30 00:00,fresh produce,18.04
"Woods, Marcus","Compton, Jeffrey",marcus.woods@abcfoodmart.com,2024-04-01,ABC Foodmart - Bay Ridge,2024-05-01 00:00,2024-05-01 00:00,pharmacy,16.09
"Manning, Maria","Williams, Gina",maria.manning@abcfoodmart.com,2022-11-16,ABC Foodmart - Staten Island,2022-12-01 00:00,2022-12-01 00:00,frozen foods,19.80
"Wilson, Jill","David, Mr.",jill.wilson@abcfoodmart.com,2022-12-06,ABC Foodmart - DUMBO,2022-12-25 00:00,2022-12-25 00:00,bakery,12.25
"Johnson, Samantha","Flores, Angela",samantha.johnson@abcfoodmart.com,2023-01-16,ABC Foodmart - Tribeca,2023-01-21 00:00,2023-01-21 00:00,customer service,15.86
"Burns, Kendra","Moran, John",kendra.burns@abcfoodmart.com,2022-12-13,ABC Foodmart - Bay Ridge,2023-01-31 00:00,2023-01-31 00:00,dairy,19.66
"Day, Natasha","Moran, John",natasha.day@abcfoodmart.com,2023-08-02,ABC Foodmart - Whitestone,2023-08-16 00:00,2023-08-16 00:00,frozen foods,17.27
"Sosa, David","David, Mr.",david.sosa@abcfoodmart.com,2023-07-27,ABC Foodmart - Staten Island,2023-08-21 00:00,2023-08-21 00:00,dry goods,16.00
"Wilson, Jill","Compton, Jeffrey",jill.wilson@abcfoodmart.com,2022-12-06,ABC Foodmart - Whitestone,2023-01-18 00:00,2023-01-18 00:00,deli,13.33
"Roach, Christine","David, Mr.",christine.roach@abcfoodmart.com,2023-10-15,ABC Foodmart - Tribeca,2023-11-20 00:00,2023-11-20 00:00,dairy,15.27
"Davis, Jennifer","Cooper, Robert",jennifer.davis@abcfoodmart.com,2023-11-03,ABC Foodmart - Bay Ridge,2023-12-12 00:00,2023-12-12 00:00,frozen foods,16.52
"Waters, Julie","Waller, Chad",julie.waters@abcfoodmart.com,2023-05-20,ABC Foodmart - DUMBO,2023-05-21 00:00,2023-05-21 00:00,dairy,15.40
"Garcia, Sarah","Hoffman, Tina",sarah.garcia@abcfoodmart.com,2022-12-14,ABC Foodmart - Tribeca,2023-01-17 00:00,2023-01-17 00:00,dairy,14.52
"Nichols, Mitchell","Moran, John",mitchell.nichols@abcfoodmart.com,2022-09-30,ABC Foodmart - DUMBO,2022-10-23 00:00,2022-10-23 00:00,dairy,14.53
"Davis, Jennifer","Carter, Karen",jennifer.davis@abcfoodmart.com,2023-11-03,ABC Foodmart - Tribeca,2024-01-03 00:00,2024-01-03 00:00,deli,14.13
"Garcia, Sarah","Cooper, Robert",sarah.garcia@abcfoodmart.com,2022-12-14,ABC Foodmart - DUMBO,2023-01-30 00:00,2023-01-30 00:00,fresh produce,18.67
"Meyer, James","David, Mr.",james.meyer@abcfoodmart.com,2022-05-02,ABC Foodmart - Whitestone,2022-05-29 00:00,2022-05-29 00:00,meats,16.73
"Wilson, Jill","Compton, Jeffrey",jill.wilson@abcfoodmart.com,2022-12-06,ABC Foodmart - DUMBO,2023-01-26 00:00,2023-01-26 00:00,deli,15.79
"Martin, Monica","Farrell, Christopher",monica.martin@abcfoodmart.com,2023-11-23,ABC Foodmart - Whitestone,2023-12-25 00:00,2023-12-25 00:00,fresh produce,19.51
"Henderson, Nancy","Johnston, William",nancy.henderson@abcfoodmart.com,2023-12-30,ABC Foodmart - Bay Ridge,2024-01-26 00:00,2024-01-26 00:00,floral,12.41
"Conrad, Frederick","Waller, Chad",frederick.conrad@abcfoodmart.com,2023-11-24,ABC Foodmart - Tribeca,2023-12-13 00:00,2023-12-13 00:00,deli,19.29
"Jacobs, Brenda","Waller, Chad",brenda.jacobs@abcfoodmart.com,2024-02-09,ABC Foodmart - Staten Island,2024-03-29 00:00,2024-03-29 00:00,dry goods,13.25
"Chen, Kathleen","Farrell, Christopher",kathleen.chen@abcfoodmart.com,2024-02-03,ABC Foodmart - Bay Ridge,2024-02-10 00:00,2024-02-10 00:00,bakery,15.66
"Dodson, Courtney","Johnston, William",courtney.dodson@abcfoodmart.com,2023-01-10,ABC Foodmart - Staten Island,2023-01-12 00:00,2023-01-12 00:00,floral,18.41
"Martin, Monica","Williams, Gina",monica.martin@abcfoodmart.com,2023-11-23,ABC Foodmart - Staten Island,2024-01-06 00:00,2024-01-06 00:00,deli,20.00
"Glover, Michelle","Johnston, William",michelle.glover@abcfoodmart.com,2022-08-25,ABC Foodmart - DUMBO,2022-10-04 00:00,2022-10-04 00:00,deli,14.94
"Atkinson, Gary","David, Mr.",gary.atkinson@abcfoodmart.com,2022-05-24,ABC Foodmart - DUMBO,2022-05-28 00:00,2022-05-28 00:00,meats,15.92
"Blanchard, Ricky","Moran, John",ricky.blanchard@abcfoodmart.com,2023-05-23,ABC Foodmart - Whitestone,2023-06-02 00:00,2023-06-02 00:00,bakery,19.92
"Wood, Joshua","Johnston, William",joshua.wood@abcfoodmart.com,2022-11-26,ABC Foodmart - Bay Ridge,2022-11-28 00:00,2022-11-28 00:00,cashier,18.25
"Marquez, Jeffrey","Farrell, Christopher",jeffrey.marquez@abcfoodmart.com,2023-02-19,ABC Foodmart - Tribeca,2023-03-18 00:00,2023-03-18 00:00,pharmacy,13.24
"Nguyen, Richard","Carter, Karen",richard.nguyen@abcfoodmart.com,2022-09-27,ABC Foodmart - Tribeca,2022-10-15 00:00,2022-10-15 00:00,dry goods,12.39
"Martin, Monica","Williams, Gina",monica.martin@abcfoodmart.com,2023-11-23,ABC Foodmart - Whitestone,2024-01-17 00:00,2024-01-17 00:00,customer service,13.20
"Gardner, Laura","Moran, John",laura.gardner@abcfoodmart.com,2023-09-04,ABC Foodmart - Bay Ridge,2023-09-23 00:00,2023-09-23 00:00,seafood,13.26
"Carroll, Eric","Johnston, William",eric.carroll@abcfoodmart.com,2022-12-26,ABC Foodmart - DUMBO,2023-01-07 00:00,2023-01-07 00:00,dairy,14.88
"Burns, Kendra","Moran, John",kendra.burns@abcfoodmart.com,2022-12-13,ABC Foodmart - Tribeca,2023-02-06 00:00,2023-02-06 00:00,bakery,16.09
"Riley, Ashley","Carter, Karen",ashley.riley@abcfoodmart.com,2022-08-17,ABC Foodmart - Bay Ridge,2022-10-12 00:00,2022-10-12 00:00,dry goods,12.85
"Jessica, Ms.","Williams, Gina",ms..jessica@abcfoodmart.com,2022-06-10,ABC Foodmart - Staten Island,2022-06-25 00:00,2022-06-25 00:00,seafood,17.90
"Walls, Kristen","Hoffman, Tina",kristen.walls@abcfoodmart.com,2023-02-10,ABC Foodmart - Staten Island,2023-03-14 00:00,2023-03-14 00:00,bakery,12.57
"Jackson, Michael","Cooper, Robert",michael.jackson@abcfoodmart.com,2022-10-31,ABC Foodmart - Tribeca,2022-11-29 00:00,2022-11-29 00:00,meats,14.06
"Durham, Denise","Williams, Gina",denise.durham@abcfoodmart.com,2022-10-24,ABC Foodmart - DUMBO,2022-11-22 00:00,2022-11-22 00:00,floral,17.81
"Love, Thomas","Williams, Gina",thomas.love@abcfoodmart.com,2024-02-18,ABC Foodmart - DUMBO,2024-03-06 00:00,2024-03-06 00:00,floral,19.50
"Brown, Lisa","Compton, Jeffrey",lisa.brown@abcfoodmart.com,2022-08-18,ABC Foodmart - Staten Island,2022-08-30 00:00,2022-08-30 00:00,dry goods,19.10
"Hughes, Christopher","Moran, John",christopher.hughes@abcfoodmart.com,2022-09-01,ABC Foodmart - Staten Island,2022-09-11 00:00,2022-09-11 00:00,seafood,14.11
"Bradley, Rita","David, Mr.",rita.bradley@abcfoodmart.com,2023-08-06,ABC Foodmart - DUMBO,2023-09-04 00:00,2023-09-04 00:00,deli,14.27
"Riley, Ashley","Hoffman, Tina",ashley.riley@abcfoodmart.com,2022-08-17,ABC Foodmart - DUMBO,2022-11-02 00:00,2022-11-02 00:00,bakery,16.31
"Eric, Mr.","Johnston, William",mr..eric@abcfoodmart.com,2022-09-02,ABC Foodmart - Bay Ridge,2022-10-12 00:00,2022-10-12 00:00,seafood,13.12
"Terri, Mrs.","Hoffman, Tina",mrs..terri@abcfoodmart.com,2022-09-23,ABC Foodmart - Bay Ridge,2022-11-11 00:00,2022-11-11 00:00,customer service,14.51
"Horton, Ashley","Compton, Jeffrey",ashley.horton@abcfoodmart.com,2024-01-24,ABC Foodmart - Bay Ridge,2024-02-15 00:00,2024-02-15 00:00,deli,16.73
"Ellis, Lauren","Ellis, Grant",lauren.ellis@abcfoodmart.com,2022-10-22,ABC Foodmart - DUMBO,2022-12-19 00:00,2022-12-19 00:00,pharmacy,18.52
"Foster, Jennifer","Waller, Chad",jennifer.foster@abcfoodmart.com,2023-06-15,ABC Foodmart - Staten Island,2023-08-02 00:00,2023-08-02 00:00,customer service,14.99
"Bryan, Mr.","Moran, John",mr..bryan@abcfoodmart.com,2023-08-26,ABC Foodmart - Tribeca,2023-09-20 00:00,2023-09-20 00:00,customer service,14.11
"Campbell, Brittany","David, Mr.",brittany.campbell@abcfoodmart.com,2023-03-25,ABC Foodmart - Tribeca,2023-06-05 00:00,2023-06-05 00:00,frozen foods,17.10
"Martin, Monica","Compton, Jeffrey",monica.martin@abcfoodmart.com,2023-11-23,ABC Foodmart - Staten Island,2024-01-26 00:00,2024-01-26 00:00,bakery,18.03
"Sean, Mr.","Cooper, Robert",mr..sean@abcfoodmart.com,2023-03-25,ABC Foodmart - Staten Island,2023-04-24 00:00,2023-04-24 00:00,pharmacy,14.14
"Jones, Christopher","Farrell, Christopher",christopher.jones@abcfoodmart.com,2022-05-19,ABC Foodmart - DUMBO,2022-07-10 00:00,2022-07-10 00:00,deli,19.80
"Love, Thomas","Flores, Angela",thomas.love@abcfoodmart.com,2024-02-18,ABC Foodmart - DUMBO,2024-03-30 00:00,2024-03-30 00:00,cashier,17.70
"Alvarez, Brenda","Carter, Karen",brenda.alvarez@abcfoodmart.com,2023-11-16,ABC Foodmart - Tribeca,2023-12-03 00:00,2023-12-03 00:00,dairy,18.64
"Chen, Kathleen","Carter, Karen",kathleen.chen@abcfoodmart.com,2024-02-03,ABC Foodmart - Bay Ridge,2024-02-15 00:00,2024-02-15 00:00,seafood,17.16
"Dodson, Courtney","David, Mr.",courtney.dodson@abcfoodmart.com,2023-01-10,ABC Foodmart - DUMBO,2023-02-10 00:00,2023-02-10 00:00,bakery,12.83
"Johnson, Samantha","Hoffman, Tina",samantha.johnson@abcfoodmart.com,2023-01-16,ABC Foodmart - Tribeca,2023-02-09 00:00,2023-02-09 00:00,floral,19.57
"Walls, Kristen","Moran, John",kristen.walls@abcfoodmart.com,2023-02-10,ABC Foodmart - Staten Island,2023-03-28 00:00,2023-03-28 00:00,deli,14.84
"Terri, Mrs.","Waller, Chad",mrs..terri@abcfoodmart.com,2022-09-23,ABC Foodmart - Staten Island,2022-12-07 00:00,2022-12-07 00:00,frozen foods,15.05
"Payne, Samantha","David, Mr.",samantha.payne@abcfoodmart.com,2024-04-06,ABC Foodmart - Bay Ridge,2024-04-11 00:00,2024-04-11 00:00,frozen foods,14.38
"Waters, Julie","Waller, Chad",julie.waters@abcfoodmart.com,2023-05-20,ABC Foodmart - Tribeca,2023-05-31 00:00,2023-05-31 00:00,deli,17.42
"Dodson, Courtney","Waller, Chad",courtney.dodson@abcfoodmart.com,2023-01-10,ABC Foodmart - Bay Ridge,2023-03-04 00:00,2023-03-04 00:00,cashier,15.93
"Jessica, Ms.","Williams, Gina",ms..jessica@abcfoodmart.com,2022-06-10,ABC Foodmart - Bay Ridge,2022-07-03 00:00,2022-07-03 00:00,cashier,16.12
"Atkinson, Gary","Compton, Jeffrey",gary.atkinson@abcfoodmart.com,2022-05-24,ABC Foodmart - Tribeca,2022-06-18 00:00,2022-06-18 00:00,cashier,12.53
"Davis, Jennifer","Flores, Angela",jennifer.davis@abcfoodmart.com,2023-11-03,ABC Foodmart - Bay Ridge,2024-01-31 00:00,2024-01-31 00:00,dairy,12.43
"Smith, Diana","David, Mr.",diana.smith@abcfoodmart.com,2023-05-31,ABC Foodmart - DUMBO,2023-07-02 00:00,2023-07-02 00:00,customer service,15.75
"Thomas, Robert","Moran, John",robert.thomas@abcfoodmart.com,2022-05-18,ABC Foodmart - Staten Island,2022-05-27 00:00,2022-05-27 00:00,floral,19.81
"Glover, Michelle","Cooper, Robert",michelle.glover@abcfoodmart.com,2022-08-25,ABC Foodmart - DUMBO,2022-10-17 00:00,2022-10-17 00:00,seafood,16.41
"Warren, Timothy","Compton, Jeffrey",timothy.warren@abcfoodmart.com,2022-12-27,ABC Foodmart - Whitestone,2023-01-29 00:00,2023-01-29 00:00,dry goods,18.08
"Gonzalez, Michele","Williams, Gina",michele.gonzalez@abcfoodmart.com,2023-09-23,ABC Foodmart - Whitestone,2023-10-10 00:00,2023-10-10 00:00,dairy,18.39
"Sosa, David","Hoffman, Tina",david.sosa@abcfoodmart.com,2023-07-27,ABC Foodmart - Whitestone,2023-09-08 00:00,2023-09-08 00:00,dry goods,17.29
"Nichols, Brandon","Farrell, Christopher",brandon.nichols@abcfoodmart.com,2024-02-28,ABC Foodmart - Bay Ridge,2024-04-02 00:00,2024-04-02 00:00,frozen foods,17.79
"Garcia, Sarah","Compton, Jeffrey",sarah.garcia@abcfoodmart.com,2022-12-14,ABC Foodmart - Staten Island,2023-02-19 00:00,2023-02-19 00:00,dry goods,12.58
"Kramer, Veronica","Johnston, William",veronica.kramer@abcfoodmart.com,2023-03-28,ABC Foodmart - Whitestone,2023-04-29 00:00,2023-04-29 00:00,dry goods,12.76
"Smith, Brandy","Hoffman, Tina",brandy.smith@abcfoodmart.com,2023-12-26,ABC Foodmart - Whitestone,2024-01-18 00:00,2024-01-18 00:00,meats,13.71
"Marquez, Jeffrey","Farrell, Christopher",jeffrey.marquez@abcfoodmart.com,2023-02-19,ABC Foodmart - Whitestone,2023-04-14 00:00,2023-04-14 00:00,frozen foods,13.30
"Jordan, Carla","Flores, Angela",carla.jordan@abcfoodmart.com,2023-12-17,ABC Foodmart - Bay Ridge,2024-01-05 00:00,2024-01-05 00:00,bakery,15.50
"Foster, Kenneth","Williams, Gina",kenneth.foster@abcfoodmart.com,2023-04-23,ABC Foodmart - Staten Island,2023-07-02 00:00,2023-07-02 00:00,deli,15.76
"Mckinney, Marcus","Farrell, Christopher",marcus.mckinney@abcfoodmart.com,2022-08-14,ABC Foodmart - Bay Ridge,2022-10-15 00:00,2022-10-15 00:00,pharmacy,16.98
"Sean, Mr.","Cooper, Robert",mr..sean@abcfoodmart.com,2023-03-25,ABC Foodmart - Staten Island,2023-05-08 00:00,2023-05-08 00:00,dairy,13.15
"Spears, Erin","Ellis, Grant",erin.spears@abcfoodmart.com,2023-07-30,ABC Foodmart - Bay Ridge,2023-08-31 00:00,2023-08-31 00:00,dry goods,15.99
"Horton, Ashley","Compton, Jeffrey",ashley.horton@abcfoodmart.com,2024-01-24,ABC Foodmart - Staten Island,2024-02-23 00:00,2024-02-23 00:00,floral,18.69
"Alvarez, Brenda","Farrell, Christopher",brenda.alvarez@abcfoodmart.com,2023-11-16,ABC Foodmart - Bay Ridge,2023-12-24 00:00,2023-12-24 00:00,deli,12.01
"Brown, Lisa","Moran, John",lisa.brown@abcfoodmart.com,2022-08-18,ABC Foodmart - Staten Island,2022-09-19 00:00,2022-09-19 00:00,frozen foods,16.48
"Riley, Ashley","Ellis, Grant",ashley.riley@abcfoodmart.com,2022-08-17,ABC Foodmart - DUMBO,2022-11-25 00:00,2022-11-25 00:00,pharmacy,16.24
"Nguyen, Richard","David, Mr.",richard.nguyen@abcfoodmart.com,2022-09-27,ABC Foodmart - Bay Ridge,2022-11-03 00:00,2022-11-03 00:00,pharmacy,13.76
"Wilson, Jill","Moran, John",jill.wilson@abcfoodmart.com,2022-12-06,ABC Foodmart - Bay Ridge,2023-02-03 00:00,2023-02-03 00:00,fresh produce,12.21
"Johnson, Samantha","Williams, Gina",samantha.johnson@abcfoodmart.com,2023-01-16,ABC Foodmart - Staten Island,2023-02-10 00:00,2023-02-10 00:00,floral,14.19
"Nichols, Brandon","Ellis, Grant",brandon.nichols@abcfoodmart.com,2024-02-28,ABC Foodmart - DUMBO,2024-04-28 00:00,2024-04-28 00:00,bakery,16.18
"Thompson, Matthew","Waller, Chad",matthew.thompson@abcfoodmart.com,2022-04-22,ABC Foodmart - Staten Island,2022-05-05 00:00,2022-05-05 00:00,floral,13.75
"Horton, Ashley","Cooper, Robert",ashley.horton@abcfoodmart.com,2024-01-24,ABC Foodmart - DUMBO,2024-03-13 00:00,2024-03-13 00:00,customer service,16.67
"Riley, Ashley","Waller, Chad",ashley.riley@abcfoodmart.com,2022-08-17,ABC Foodmart - Bay Ridge,2022-12-11 00:00,2022-12-11 00:00,fresh produce,16.18
"Alvarez, Brenda","Compton, Jeffrey",brenda.alvarez@abcfoodmart.com,2023-11-16,ABC Foodmart - DUMBO,2023-12-31 00:00,2023-12-31 00:00,cashier,18.70
"Moyer, Steven","Flores, Angela",steven.moyer@abcfoodmart.com,2022-12-26,ABC Foodmart - Whitestone,2022-12-27 00:00,2022-12-27 00:00,frozen foods,14.44
"Johnson, Samantha","Johnston, William",samantha.johnson@abcfoodmart.com,2023-01-16,ABC Foodmart - Bay Ridge,2023-03-08 00:00,2023-03-08 00:00,fresh produce,12.11
"Eric, Mr.","Cooper, Robert",mr..eric@abcfoodmart.com,2022-09-02,ABC Foodmart - Whitestone,2022-10-21 00:00,2022-10-21 00:00,seafood,17.77
"Carroll, Eric","Johnston, William",eric.carroll@abcfoodmart.com,2022-12-26,ABC Foodmart - Staten Island,2023-02-03 00:00,2023-02-03 00:00,customer service,16.54
"Moore, Jason","Compton, Jeffrey",jason.moore@abcfoodmart.com,2023-07-11,ABC Foodmart - Whitestone,2023-07-14 00:00,2023-07-14 00:00,bakery,18.74
"Woods, Marcus","Cooper, Robert",marcus.woods@abcfoodmart.com,2024-04-01,ABC Foodmart - Tribeca,2024-05-03 00:00,2024-05-03 00:00,cashier,12.49
"Perry, Andrea","Farrell, Christopher",andrea.perry@abcfoodmart.com,2023-05-05,ABC Foodmart - Whitestone,2023-06-12 00:00,2023-06-12 00:00,meats,12.52
"Nichols, Brandon","Williams, Gina",brandon.nichols@abcfoodmart.com,2024-02-28,ABC Foodmart - Bay Ridge,2024-05-26 00:00,2024-05-26 00:00,meats,16.96
"Williams, Michael","Farrell, Christopher",michael.williams@abcfoodmart.com,2023-06-11,ABC Foodmart - Whitestone,2023-06-13 00:00,2023-06-13 00:00,dry goods,14.25
"Sean, Mr.","Compton, Jeffrey",mr..sean@abcfoodmart.com,2023-03-25,ABC Foodmart - Staten Island,2023-05-20 00:00,2023-05-20 00:00,dairy,15.14
"Kramer, Veronica","Hoffman, Tina",veronica.kramer@abcfoodmart.com,2023-03-28,ABC Foodmart - Whitestone,2023-05-06 00:00,2023-05-06 00:00,fresh produce,18.20
"Brooks, Renee","Farrell, Christopher",renee.brooks@abcfoodmart.com,2023-07-15,ABC Foodmart - Staten Island,2023-07-26 00:00,2023-07-26 00:00,dairy,18.22
"Wood, Joshua","Hoffman, Tina",joshua.wood@abcfoodmart.com,2022-11-26,ABC Foodmart - Tribeca,2022-12-16 00:00,2022-12-16 00:00,floral,12.14
"Perry, Andrea","David, Mr.",andrea.perry@abcfoodmart.com,2023-05-05,ABC Foodmart - Tribeca,2023-06-28 00:00,2023-06-28 00:00,bakery,17.91
"Roach, Christine","Cooper, Robert",christine.roach@abcfoodmart.com,2023-10-15,ABC Foodmart - Bay Ridge,2023-12-10 00:00,2023-12-10 00:00,pharmacy,17.89
"Mckinney, Marcus","Carter, Karen",marcus.mckinney@abcfoodmart.com,2022-08-14,ABC Foodmart - Bay Ridge,2022-11-09 00:00,2022-11-09 00:00,bakery,16.11
"Williams, Michael","Williams, Gina",michael.williams@abcfoodmart.com,2023-06-11,ABC Foodmart - Staten Island,2023-07-11 00:00,2023-07-11 00:00,pharmacy,14.44
"Tate, Harry","Compton, Jeffrey",harry.tate@abcfoodmart.com,2022-09-18,ABC Foodmart - Tribeca,2022-10-14 00:00,2022-10-14 00:00,dry goods,14.20
"Chambers, Jeffrey","Carter, Karen",jeffrey.chambers@abcfoodmart.com,2022-09-29,ABC Foodmart - Staten Island,2022-10-28 00:00,2022-10-28 00:00,dairy,18.23
"Brooks, Renee","Flores, Angela",renee.brooks@abcfoodmart.com,2023-07-15,ABC Foodmart - Whitestone,2023-08-20 00:00,2023-08-20 00:00,frozen foods,15.66
"Waters, Julie","Flores, Angela",julie.waters@abcfoodmart.com,2023-05-20,ABC Foodmart - Bay Ridge,2023-06-13 00:00,2023-06-13 00:00,bakery,15.04
"Church, Joshua","Compton, Jeffrey",joshua.church@abcfoodmart.com,2024-03-03,ABC Foodmart - DUMBO,2024-04-28 00:00,2024-04-28 00:00,deli,18.24
"Marquez, Jeffrey","Carter, Karen",jeffrey.marquez@abcfoodmart.com,2023-02-19,ABC Foodmart - Staten Island,2023-05-06 00:00,2023-05-06 00:00,bakery,13.78
"Myers, Gary","Williams, Gina",gary.myers@abcfoodmart.com,2023-10-13,ABC Foodmart - Staten Island,2023-10-30 00:00,2023-10-30 00:00,pharmacy,18.56
"Walters, Jay","Ellis, Grant",jay.walters@abcfoodmart.com,2023-12-17,ABC Foodmart - Tribeca,2024-05-28 00:00,2024-05-28 00:00,deli,12.11
"Williams, Michael","Carter, Karen",michael.williams@abcfoodmart.com,2023-06-11,ABC Foodmart - Whitestone,2023-07-18 00:00,2023-07-18 00:00,dry goods,16.78
"Conrad, Frederick","Ellis, Grant",frederick.conrad@abcfoodmart.com,2023-11-24,ABC Foodmart - Staten Island,2024-01-05 00:00,2024-01-05 00:00,deli,18.66
"Vasquez, Peter","Compton, Jeffrey",peter.vasquez@abcfoodmart.com,2023-01-05,ABC Foodmart - Whitestone,2023-02-01 00:00,2023-02-01 00:00,frozen foods,14.17
"Campbell, Bethany","Compton, Jeffrey",bethany.campbell@abcfoodmart.com,2023-10-07,ABC Foodmart - DUMBO,2023-10-20 00:00,2023-10-20 00:00,cashier,12.58
"Gross, Andrew","Farrell, Christopher",andrew.gross@abcfoodmart.com,2022-04-30,ABC Foodmart - Bay Ridge,2022-05-07 00:00,2022-05-07 00:00,cashier,18.40
"Frederick, Evan","Cooper, Robert",evan.frederick@abcfoodmart.com,2023-02-24,ABC Foodmart - Staten Island,2023-03-24 00:00,2023-03-24 00:00,dairy,12.20
"Terri, Mrs.","Waller, Chad",mrs..terri@abcfoodmart.com,2022-09-23,ABC Foodmart - Bay Ridge,2022-12-08 00:00,2022-12-08 00:00,bakery,12.72
"Mckenzie, William","Williams, Gina",william.mckenzie@abcfoodmart.com,2023-01-04,ABC Foodmart - Bay Ridge,2023-02-09 00:00,2023-02-09 00:00,cashier,19.90
"Horton, Mark","Farrell, Christopher",mark.horton@abcfoodmart.com,2023-02-14,ABC Foodmart - Bay Ridge,2023-02-16 00:00,2023-02-16 00:00,meats,14.12
"Durham, Denise","Moran, John",denise.durham@abcfoodmart.com,2022-10-24,ABC Foodmart - Tribeca,2022-12-11 00:00,2022-12-11 00:00,cashier,17.95
"Bryan, Mr.","Flores, Angela",mr..bryan@abcfoodmart.com,2023-08-26,ABC Foodmart - Tribeca,2023-10-19 00:00,2023-10-19 00:00,seafood,15.38
"Kerr, Jason","Waller, Chad",jason.kerr@abcfoodmart.com,2022-11-21,ABC Foodmart - Staten Island,2022-12-11 00:00,2022-12-11 00:00,floral,16.08
"Owens, Jeffrey","Waller, Chad",jeffrey.owens@abcfoodmart.com,2022-05-03,ABC Foodmart - Tribeca,2022-05-11 00:00,2022-05-11 00:00,pharmacy,18.60
"Roach, Christine","Moran, John",christine.roach@abcfoodmart.com,2023-10-15,ABC Foodmart - Staten Island,2024-01-04 00:00,2024-01-04 00:00,dairy,18.96
"Campbell, Bethany","Moran, John",bethany.campbell@abcfoodmart.com,2023-10-07,ABC Foodmart - Bay Ridge,2023-11-04 00:00,2023-11-04 00:00,bakery,16.05
"Jacobs, Brenda","Moran, John",brenda.jacobs@abcfoodmart.com,2024-02-09,ABC Foodmart - DUMBO,2024-04-01 00:00,2024-04-01 00:00,dairy,18.98
"Galvan, Lori","Hoffman, Tina",lori.galvan@abcfoodmart.com,2022-05-24,ABC Foodmart - Staten Island,2022-07-05 00:00,2022-07-05 00:00,floral,13.11
"Church, Joshua","Johnston, William",joshua.church@abcfoodmart.com,2024-03-03,ABC Foodmart - Whitestone,2024-05-16 00:00,2024-05-16 00:00,meats,19.94
"Marquez, Jeffrey","David, Mr.",jeffrey.marquez@abcfoodmart.com,2023-02-19,ABC Foodmart - Bay Ridge,2023-05-18 00:00,2023-05-18 00:00,pharmacy,13.43
"Harrell, Angie","Ellis, Grant",angie.harrell@abcfoodmart.com,2023-06-01,ABC Foodmart - Staten Island,2023-07-19 00:00,2023-07-19 00:00,deli,12.05
"Smith, Brandy","Flores, Angela",brandy.smith@abcfoodmart.com,2023-12-26,ABC Foodmart - Bay Ridge,2024-01-25 00:00,2024-01-25 00:00,cashier,19.27
"Mckinney, Marcus","Moran, John",marcus.mckinney@abcfoodmart.com,2022-08-14,ABC Foodmart - Bay Ridge,2022-11-29 00:00,2022-11-29 00:00,dry goods,15.17
"Sosa, David","Farrell, Christopher",david.sosa@abcfoodmart.com,2023-07-27,ABC Foodmart - Staten Island,2023-10-01 00:00,2023-10-01 00:00,dairy,19.15
"Frederick, Evan","David, Mr.",evan.frederick@abcfoodmart.com,2023-02-24,ABC Foodmart - Whitestone,2023-03-27 00:00,2023-03-27 00:00,frozen foods,13.77
"Campbell, Bethany","Ellis, Grant",bethany.campbell@abcfoodmart.com,2023-10-07,ABC Foodmart - DUMBO,2023-11-13 00:00,2023-11-13 00:00,pharmacy,14.46
"Spears, Erin","Hoffman, Tina",erin.spears@abcfoodmart.com,2023-07-30,ABC Foodmart - Staten Island,2023-09-18 00:00,2023-09-18 00:00,bakery,15.99
"Harrell, Angie","Williams, Gina",angie.harrell@abcfoodmart.com,2023-06-01,ABC Foodmart - Tribeca,2023-08-17 00:00,2023-08-17 00:00,fresh produce,19.47
"Manning, Maria","Ellis, Grant",maria.manning@abcfoodmart.com,2022-11-16,ABC Foodmart - Bay Ridge,2022-12-29 00:00,2022-12-29 00:00,bakery,15.46
"Burns, Kendra","Flores, Angela",kendra.burns@abcfoodmart.com,2022-12-13,ABC Foodmart - Staten Island,2023-02-08 00:00,2023-02-08 00:00,cashier,12.27
"Smith, Brandy","Carter, Karen",brandy.smith@abcfoodmart.com,2023-12-26,ABC Foodmart - Bay Ridge,2024-02-04 00:00,2024-02-04 00:00,meats,19.61
"Durham, Denise","Williams, Gina",denise.durham@abcfoodmart.com,2022-10-24,ABC Foodmart - Tribeca,2023-01-01 00:00,2023-01-01 00:00,customer service,24.37
"Brown, Lisa","Farrell, Christopher",lisa.brown@abcfoodmart.com,2022-08-18,ABC Foodmart - DUMBO,2022-09-29 00:00,2022-09-29 00:00,dairy,14.93
"Jones, Michael","Hoffman, Tina",michael.jones@abcfoodmart.com,2023-01-19,ABC Foodmart - DUMBO,2023-02-01 00:00,2023-02-01 00:00,floral,18.04
"Thompson, Matthew","David, Mr.",matthew.thompson@abcfoodmart.com,2022-04-22,ABC Foodmart - Tribeca,2022-05-23 00:00,2022-05-23 00:00,meats,16.49
"Sean, Mr.","Compton, Jeffrey",mr..sean@abcfoodmart.com,2023-03-25,ABC Foodmart - DUMBO,2023-06-05 00:00,2023-06-05 00:00,frozen foods,13.67
"Chen, Kathleen","Cooper, Robert",kathleen.chen@abcfoodmart.com,2024-02-03,ABC Foodmart - Whitestone,2024-03-15 00:00,2024-03-15 00:00,bakery,14.60
"Sosa, David","Carter, Karen",david.sosa@abcfoodmart.com,2023-07-27,ABC Foodmart - Bay Ridge,2023-10-05 00:00,2023-10-05 00:00,bakery,18.99
"Long, Kirsten","David, Mr.",kirsten.long@abcfoodmart.com,2024-02-24,ABC Foodmart - Tribeca,2024-03-18 00:00,2024-03-18 00:00,bakery,16.85
"Kramer, Veronica","Moran, John",veronica.kramer@abcfoodmart.com,2023-03-28,ABC Foodmart - Bay Ridge,2023-05-14 00:00,2023-05-14 00:00,bakery,15.35
"Roach, Christine","Cooper, Robert",christine.roach@abcfoodmart.com,2023-10-15,ABC Foodmart - DUMBO,2024-01-11 00:00,2024-01-11 00:00,seafood,15.95
"Moore, Jason","Moran, John",jason.moore@abcfoodmart.com,2023-07-11,ABC Foodmart - Staten Island,2023-07-22 00:00,2023-07-22 00:00,seafood,12.61
"Alvarez, Brenda","Ellis, Grant",brenda.alvarez@abcfoodmart.com,2023-11-16,ABC Foodmart - DUMBO,2024-01-01 00:00,2024-01-01 00:00,fresh produce,22.64
"Atkinson, Gary","Waller, Chad",gary.atkinson@abcfoodmart.com,2022-05-24,ABC Foodmart - Tribeca,2022-07-10 00:00,2022-07-10 00:00,seafood,15.16
"Martin, Monica","Waller, Chad",monica.martin@abcfoodmart.com,2023-11-23,ABC Foodmart - Tribeca,2024-02-20 00:00,2024-02-20 00:00,floral,12.37
"Herrera, Spencer","Williams, Gina",spencer.herrera@abcfoodmart.com,2023-01-16,ABC Foodmart - Bay Ridge,2023-02-05 00:00,2023-02-05 00:00,deli,18.26
"Nguyen, Richard","Farrell, Christopher",richard.nguyen@abcfoodmart.com,2022-09-27,ABC Foodmart - Whitestone,2022-11-13 00:00,2022-11-13 00:00,seafood,15.73
"Wilson, Jill","Johnston, William",jill.wilson@abcfoodmart.com,2022-12-06,ABC Foodmart - Whitestone,2023-02-04 00:00,2023-02-04 00:00,deli,16.19
"Payne, Samantha","Farrell, Christopher",samantha.payne@abcfoodmart.com,2024-04-06,ABC Foodmart - Bay Ridge,2024-05-04 00:00,2024-05-04 00:00,dry goods,15.05
"Frederick, Evan","Cooper, Robert",evan.frederick@abcfoodmart.com,2023-02-24,ABC Foodmart - Whitestone,2023-04-03 00:00,2023-04-03 00:00,floral,19.97
"Jordan, Carla","Flores, Angela",carla.jordan@abcfoodmart.com,2023-12-17,ABC Foodmart - Staten Island,2024-01-07 00:00,2024-01-07 00:00,floral,12.79
"Mckenzie, William","Cooper, Robert",william.mckenzie@abcfoodmart.com,2023-01-04,ABC Foodmart - Staten Island,2023-02-24 00:00,2023-02-24 00:00,bakery,16.26
"Eric, Mr.","Williams, Gina",mr..eric@abcfoodmart.com,2022-09-02,ABC Foodmart - DUMBO,2022-11-03 00:00,2022-11-03 00:00,bakery,16.07
"Eric, Mr.","Waller, Chad",mr..eric@abcfoodmart.com,2022-09-02,ABC Foodmart - Bay Ridge,2022-11-21 00:00,2022-11-21 00:00,seafood,19.69
"Mckenzie, William","Hoffman, Tina",william.mckenzie@abcfoodmart.com,2023-01-04,ABC Foodmart - Whitestone,2023-03-25 00:00,2023-03-25 00:00,fresh produce,16.76
"Horton, Ashley","Hoffman, Tina",ashley.horton@abcfoodmart.com,2024-01-24,ABC Foodmart - Whitestone,2024-03-24 00:00,2024-03-24 00:00,seafood,14.01
"Chambers, Jeffrey","Compton, Jeffrey",jeffrey.chambers@abcfoodmart.com,2022-09-29,ABC Foodmart - Staten Island,2022-11-24 00:00,2022-11-24 00:00,frozen foods,12.67
"Horton, Mark","Compton, Jeffrey",mark.horton@abcfoodmart.com,2023-02-14,ABC Foodmart - Staten Island,2023-03-06 00:00,2023-03-06 00:00,bakery,15.99
"Sean, Mr.","Williams, Gina",mr..sean@abcfoodmart.com,2023-03-25,ABC Foodmart - Staten Island,2023-06-09 00:00,2023-06-09 00:00,dry goods,17.61
"Bennett, Alec","Waller, Chad",alec.bennett@abcfoodmart.com,2023-10-03,ABC Foodmart - Whitestone,2023-11-03 00:00,2023-11-03 00:00,fresh produce,18.34
"Vasquez, Peter","David, Mr.",peter.vasquez@abcfoodmart.com,2023-01-05,ABC Foodmart - DUMBO,2023-02-10 00:00,2023-02-10 00:00,seafood,18.28
"Randolph, Emily","Waller, Chad",emily.randolph@abcfoodmart.com,2023-03-09,ABC Foodmart - Tribeca,2023-04-22 00:00,2023-04-22 00:00,seafood,15.58
"Mckenzie, William","Farrell, Christopher",william.mckenzie@abcfoodmart.com,2023-01-04,ABC Foodmart - DUMBO,2023-03-27 00:00,2023-03-27 00:00,deli,17.54
"Spears, Erin","Cooper, Robert",erin.spears@abcfoodmart.com,2023-07-30,ABC Foodmart - Whitestone,2023-10-16 00:00,2023-10-16 00:00,meats,16.22
"Walls, Kristen","David, Mr.",kristen.walls@abcfoodmart.com,2023-02-10,ABC Foodmart - Tribeca,2023-04-17 00:00,2023-04-17 00:00,seafood,18.62
"Atkinson, Gary","Carter, Karen",gary.atkinson@abcfoodmart.com,2022-05-24,ABC Foodmart - Bay Ridge,2022-07-16 00:00,2022-07-16 00:00,fresh produce,16.52
"Foster, Kenneth","David, Mr.",kenneth.foster@abcfoodmart.com,2023-04-23,ABC Foodmart - DUMBO,2023-07-27 00:00,2023-07-27 00:00,deli,13.57
"Moon, James","Farrell, Christopher",james.moon@abcfoodmart.com,2023-10-20,ABC Foodmart - Staten Island,2023-11-09 00:00,2023-11-09 00:00,deli,14.51
"Love, Thomas","Cooper, Robert",thomas.love@abcfoodmart.com,2024-02-18,ABC Foodmart - Staten Island,2024-04-26 00:00,2024-04-26 00:00,pharmacy,12.29
"Davis, Jennifer","Johnston, William",jennifer.davis@abcfoodmart.com,2023-11-03,ABC Foodmart - DUMBO,2024-02-08 00:00,2024-02-08 00:00,dairy,18.83
"Kerr, Jason","Williams, Gina",jason.kerr@abcfoodmart.com,2022-11-21,ABC Foodmart - Whitestone,2023-01-03 00:00,2023-01-03 00:00,bakery,17.48
"Frederick, Evan","Farrell, Christopher",evan.frederick@abcfoodmart.com,2023-02-24,ABC Foodmart - Tribeca,2023-04-26 00:00,2023-04-26 00:00,deli,16.65
"Waters, Julie","Farrell, Christopher",julie.waters@abcfoodmart.com,2023-05-20,ABC Foodmart - Staten Island,2023-07-03 00:00,2023-07-03 00:00,cashier,14.85
"Jones, Christopher","Farrell, Christopher",christopher.jones@abcfoodmart.com,2022-05-19,ABC Foodmart - Bay Ridge,2022-07-20 00:00,2022-07-20 00:00,fresh produce,13.71
"Wilson, Jill","Moran, John",jill.wilson@abcfoodmart.com,2022-12-06,ABC Foodmart - Whitestone,2023-02-08 00:00,2023-02-08 00:00,seafood,19.48
"Tate, Harry","Ellis, Grant",harry.tate@abcfoodmart.com,2022-09-18,ABC Foodmart - Whitestone,2022-10-22 00:00,2022-10-22 00:00,floral,15.66
"Pena, Johnathan","Carter, Karen",johnathan.pena@abcfoodmart.com,2023-02-22,ABC Foodmart - DUMBO,2023-03-16 00:00,2023-03-16 00:00,deli,18.88
"Foster, Jennifer","Compton, Jeffrey",jennifer.foster@abcfoodmart.com,2023-06-15,ABC Foodmart - Tribeca,2023-08-07 00:00,2023-08-07 00:00,meats,17.60
"Henderson, Nancy","Hoffman, Tina",nancy.henderson@abcfoodmart.com,2023-12-30,ABC Foodmart - Staten Island,2024-01-31 00:00,2024-01-31 00:00,bakery,13.58
"Jones, Christopher","Compton, Jeffrey",christopher.jones@abcfoodmart.com,2022-05-19,ABC Foodmart - Staten Island,2022-08-05 00:00,2022-08-05 00:00,fresh produce,17.83
"Vasquez, Peter","Flores, Angela",peter.vasquez@abcfoodmart.com,2023-01-05,ABC Foodmart - DUMBO,2023-02-27 00:00,2023-02-27 00:00,customer service,19.35
"Jessica, Ms.","Carter, Karen",ms..jessica@abcfoodmart.com,2022-06-10,ABC Foodmart - Tribeca,2022-07-21 00:00,2022-07-21 00:00,dairy,13.91
"Warren, Timothy","Johnston, William",timothy.warren@abcfoodmart.com,2022-12-27,ABC Foodmart - Bay Ridge,2023-02-05 00:00,2023-02-05 00:00,customer service,16.26
"Moon, James","Williams, Gina",james.moon@abcfoodmart.com,2023-10-20,ABC Foodmart - DUMBO,2023-11-15 00:00,2023-11-15 00:00,meats,12.77
"Campbell, Brittany","Compton, Jeffrey",brittany.campbell@abcfoodmart.com,2023-03-25,ABC Foodmart - Whitestone,2023-06-23 00:00,2023-06-23 00:00,fresh produce,14.48
"Martin, Monica","Compton, Jeffrey",monica.martin@abcfoodmart.com,2023-11-23,ABC Foodmart - DUMBO,2024-02-28 00:00,2024-02-28 00:00,seafood,17.45
"Love, Thomas","Moran, John",thomas.love@abcfoodmart.com,2024-02-18,ABC Foodmart - Bay Ridge,2024-04-29 00:00,2024-04-29 00:00,dairy,12.58
"Walters, Jay","Cooper, Robert",jay.walters@abcfoodmart.com,2023-12-17,ABC Foodmart - Tribeca,2024-06-04 00:00,2024-06-04 00:00,dry goods,18.27
"Hughes, Christopher","Carter, Karen",christopher.hughes@abcfoodmart.com,2022-09-01,ABC Foodmart - Tribeca,2022-09-28 00:00,2022-09-28 00:00,meats,15.18
"Bryan, Mr.","Carter, Karen",mr..bryan@abcfoodmart.com,2023-08-26,ABC Foodmart - DUMBO,2023-11-12 00:00,2023-11-12 00:00,bakery,14.60
"Randolph, Emily","Hoffman, Tina",emily.randolph@abcfoodmart.com,2023-03-09,ABC Foodmart - DUMBO,2023-05-15 00:00,2023-05-15 00:00,fresh produce,14.24
"Brown, Lisa","Cooper, Robert",lisa.brown@abcfoodmart.com,2022-08-18,ABC Foodmart - Bay Ridge,2022-10-08 00:00,2022-10-08 00:00,dairy,19.00
"Tate, Harry","Flores, Angela",harry.tate@abcfoodmart.com,2022-09-18,ABC Foodmart - DUMBO,2022-11-19 00:00,2022-11-19 00:00,customer service,18.40
"Hughes, Christopher","Williams, Gina",christopher.hughes@abcfoodmart.com,2022-09-01,ABC Foodmart - Whitestone,2022-10-10 00:00,2022-10-10 00:00,floral,15.57
"Terri, Mrs.","Williams, Gina",mrs..terri@abcfoodmart.com,2022-09-23,ABC Foodmart - Tribeca,2022-12-14 00:00,2022-12-14 00:00,pharmacy,16.79
"Wood, Joshua","Waller, Chad",joshua.wood@abcfoodmart.com,2022-11-26,ABC Foodmart - DUMBO,2023-01-09 00:00,2023-01-09 00:00,meats,16.08
"Campbell, Brittany","Carter, Karen",brittany.campbell@abcfoodmart.com,2023-03-25,ABC Foodmart - Tribeca,2023-06-27 00:00,2023-06-27 00:00,cashier,16.68
"Chambers, Jeffrey","Cooper, Robert",jeffrey.chambers@abcfoodmart.com,2022-09-29,ABC Foodmart - Bay Ridge,2022-12-03 00:00,2022-12-03 00:00,dairy,16.89
"Thompson, Andrea","Cooper, Robert",andrea.thompson@abcfoodmart.com,2023-01-06,ABC Foodmart - Tribeca,2023-01-26 00:00,2023-01-26 00:00,floral,18.64
"Rogers, Mark","Flores, Angela",mark.rogers@abcfoodmart.com,2023-05-08,ABC Foodmart - DUMBO,2023-06-18 00:00,2023-06-18 00:00,bakery,14.32
"Jacobs, Brenda","Moran, John",brenda.jacobs@abcfoodmart.com,2024-02-09,ABC Foodmart - Whitestone,2024-04-15 00:00,2024-04-15 00:00,floral,17.61
"Wilson, Jill","Williams, Gina",jill.wilson@abcfoodmart.com,2022-12-06,ABC Foodmart - Tribeca,2023-02-27 00:00,2023-02-27 00:00,deli,15.02
"Walters, Jay","Ellis, Grant",jay.walters@abcfoodmart.com,2023-12-17,ABC Foodmart - Tribeca,2024-06-23 00:00,2024-06-23 00:00,fresh produce,19.48
"Colon, Lindsey","Hoffman, Tina",lindsey.colon@abcfoodmart.com,2023-02-16,ABC Foodmart - Whitestone,2023-02-25 00:00,2023-02-25 00:00,dairy,14.11
"Carroll, Eric","Ellis, Grant",eric.carroll@abcfoodmart.com,2022-12-26,ABC Foodmart - Staten Island,2023-02-25 00:00,2023-02-25 00:00,deli,15.03
"Jones, Christopher","Farrell, Christopher",christopher.jones@abcfoodmart.com,2022-05-19,ABC Foodmart - DUMBO,2022-09-03 00:00,2022-09-03 00:00,customer service,13.97
"Campbell, Brittany","Williams, Gina",brittany.campbell@abcfoodmart.com,2023-03-25,ABC Foodmart - Whitestone,2023-07-02 00:00,2023-07-02 00:00,frozen foods,17.66
"Sean, Mr.","Cooper, Robert",mr..sean@abcfoodmart.com,2023-03-25,ABC Foodmart - Whitestone,2023-06-15 00:00,2023-06-15 00:00,bakery,19.61
"Manning, Maria","Williams, Gina",maria.manning@abcfoodmart.com,2022-11-16,ABC Foodmart - Tribeca,2023-01-17 00:00,2023-01-17 00:00,bakery,17.21
"Atkinson, Gary","Williams, Gina",gary.atkinson@abcfoodmart.com,2022-05-24,ABC Foodmart - Whitestone,2022-08-10 00:00,2022-08-10 00:00,dry goods,15.79
"Bryan, Mr.","Waller, Chad",mr..bryan@abcfoodmart.com,2023-08-26,ABC Foodmart - Tribeca,2023-12-05 00:00,2023-12-05 00:00,meats,18.97
"Bennett, Alec","Waller, Chad",alec.bennett@abcfoodmart.com,2023-10-03,ABC Foodmart - Bay Ridge,2023-11-25 00:00,2023-11-25 00:00,fresh produce,14.56
"Moyer, Steven","Williams, Gina",steven.moyer@abcfoodmart.com,2022-12-26,ABC Foodmart - Staten Island,2022-12-28 00:00,2022-12-28 00:00,dry goods,17.89
"Brooks, Renee","Farrell, Christopher",renee.brooks@abcfoodmart.com,2023-07-15,ABC Foodmart - Tribeca,2023-09-08 00:00,2023-09-08 00:00,customer service,16.48
"Rogers, Mark","Moran, John",mark.rogers@abcfoodmart.com,2023-05-08,ABC Foodmart - Tribeca,2023-06-30 00:00,2023-06-30 00:00,dry goods,13.19
"White, Kenneth","Moran, John",kenneth.white@abcfoodmart.com,2023-01-22,ABC Foodmart - Tribeca,2023-03-20 00:00,2023-03-20 00:00,dairy,14.45
"Chambers, Jeffrey","Flores, Angela",jeffrey.chambers@abcfoodmart.com,2022-09-29,ABC Foodmart - DUMBO,2022-12-16 00:00,2022-12-16 00:00,customer service,14.13
"Bradley, Rita","Compton, Jeffrey",rita.bradley@abcfoodmart.com,2023-08-06,ABC Foodmart - DUMBO,2023-09-19 00:00,2023-09-19 00:00,dry goods,18.79
"Carroll, Eric","Williams, Gina",eric.carroll@abcfoodmart.com,2022-12-26,ABC Foodmart - Whitestone,2023-03-22 00:00,2023-03-22 00:00,dry goods,16.72
"Meyer, James","Waller, Chad",james.meyer@abcfoodmart.com,2022-05-02,ABC Foodmart - Bay Ridge,2022-06-15 00:00,2022-06-15 00:00,fresh produce,15.61
"Golden, Laurie","Williams, Gina",laurie.golden@abcfoodmart.com,2023-12-23,ABC Foodmart - Staten Island,2023-12-25 00:00,2023-12-25 00:00,bakery,25.92
"Dodson, Courtney","Flores, Angela",courtney.dodson@abcfoodmart.com,2023-01-10,ABC Foodmart - Tribeca,2023-03-11 00:00,2023-03-11 00:00,bakery,13.59
"Woods, Marcus","Ellis, Grant",marcus.woods@abcfoodmart.com,2024-04-01,ABC Foodmart - Bay Ridge,2024-05-08 00:00,2024-05-08 00:00,dairy,14.33
"Davis, Jennifer","Johnston, William",jennifer.davis@abcfoodmart.com,2023-11-03,ABC Foodmart - DUMBO,2024-02-14 00:00,2024-02-14 00:00,deli,19.84
"Conrad, Frederick","Ellis, Grant",frederick.conrad@abcfoodmart.com,2023-11-24,ABC Foodmart - Bay Ridge,2024-01-23 00:00,2024-01-23 00:00,meats,18.43
"Thomas, Robert","Compton, Jeffrey",robert.thomas@abcfoodmart.com,2022-05-18,ABC Foodmart - Bay Ridge,2022-06-12 00:00,2022-06-12 00:00,frozen foods,18.16
"Alvarez, Brenda","David, Mr.",brenda.alvarez@abcfoodmart.com,2023-11-16,ABC Foodmart - Whitestone,2024-01-17 00:00,2024-01-17 00:00,floral,18.81
"Hughes, Christopher","Waller, Chad",christopher.hughes@abcfoodmart.com,2022-09-01,ABC Foodmart - Tribeca,2022-11-02 00:00,2022-11-02 00:00,customer service,19.15
"Nichols, Brandon","Carter, Karen",brandon.nichols@abcfoodmart.com,2024-02-28,ABC Foodmart - Bay Ridge,2024-06-15 00:00,2024-06-15 00:00,dairy,12.89
"Durham, Denise","Hoffman, Tina",denise.durham@abcfoodmart.com,2022-10-24,ABC Foodmart - Tribeca,2023-01-19 00:00,2023-01-19 00:00,fresh produce,18.75
"Foster, Jennifer","Ellis, Grant",jennifer.foster@abcfoodmart.com,2023-06-15,ABC Foodmart - Staten Island,2023-08-18 00:00,2023-08-18 00:00,meats,18.58
"Gonzalez, Michele","Williams, Gina",michele.gonzalez@abcfoodmart.com,2023-09-23,ABC Foodmart - Whitestone,2023-10-12 00:00,2023-10-12 00:00,seafood,19.93
"Jackson, Gary","Compton, Jeffrey",gary.jackson@abcfoodmart.com,2022-09-08,ABC Foodmart - Tribeca,2022-09-25 00:00,2022-09-25 00:00,bakery,17.02
"Kerr, Jason","Waller, Chad",jason.kerr@abcfoodmart.com,2022-11-21,ABC Foodmart - Staten Island,2023-01-06 00:00,2023-01-06 00:00,frozen foods,14.30
"Dodson, Courtney","Johnston, William",courtney.dodson@abcfoodmart.com,2023-01-10,ABC Foodmart - DUMBO,2023-03-13 00:00,2023-03-13 00:00,deli,19.50
"Randolph, Emily","Cooper, Robert",emily.randolph@abcfoodmart.com,2023-03-09,ABC Foodmart - Whitestone,2023-06-11 00:00,2023-06-11 00:00,bakery,12.68
"Kramer, Veronica","Moran, John",veronica.kramer@abcfoodmart.com,2023-03-28,ABC Foodmart - Bay Ridge,2023-06-09 00:00,2023-06-09 00:00,fresh produce,17.06
"Myers, Gary","Carter, Karen",gary.myers@abcfoodmart.com,2023-10-13,ABC Foodmart - Whitestone,2023-11-14 00:00,2023-11-14 00:00,dairy,18.87
"Perry, Andrea","David, Mr.",andrea.perry@abcfoodmart.com,2023-05-05,ABC Foodmart - DUMBO,2023-07-16 00:00,2023-07-16 00:00,fresh produce,12.59
"Shah, Amanda","Flores, Angela",amanda.shah@abcfoodmart.com,2023-10-07,ABC Foodmart - Staten Island,2023-11-03 00:00,2023-11-03 00:00,bakery,12.15
"Payne, Samantha","Hoffman, Tina",samantha.payne@abcfoodmart.com,2024-04-06,ABC Foodmart - DUMBO,2024-05-24 00:00,2024-05-24 00:00,pharmacy,17.26
"Herrera, Spencer","Williams, Gina",spencer.herrera@abcfoodmart.com,2023-01-16,ABC Foodmart - Tribeca,2023-02-12 00:00,2023-02-12 00:00,pharmacy,12.01
"Blanchard, Ricky","Farrell, Christopher",ricky.blanchard@abcfoodmart.com,2023-05-23,ABC Foodmart - Tribeca,2023-06-15 00:00,2023-06-15 00:00,frozen foods,13.18
"Garcia, Sarah","Cooper, Robert",sarah.garcia@abcfoodmart.com,2022-12-14,ABC Foodmart - DUMBO,2023-03-16 00:00,2023-03-16 00:00,fresh produce,15.54
"Thomas, Robert","Moran, John",robert.thomas@abcfoodmart.com,2022-05-18,ABC Foodmart - Bay Ridge,2022-06-23 00:00,2022-06-23 00:00,cashier,17.73
"Brown, Lisa","Ellis, Grant",lisa.brown@abcfoodmart.com,2022-08-18,ABC Foodmart - Bay Ridge,2022-10-11 00:00,2022-10-11 00:00,customer service,15.65
"Moon, James","Ellis, Grant",james.moon@abcfoodmart.com,2023-10-20,ABC Foodmart - Staten Island,2023-11-21 00:00,2023-11-21 00:00,customer service,15.93
"Wilson, Jill","Moran, John",jill.wilson@abcfoodmart.com,2022-12-06,ABC Foodmart - Tribeca,2023-03-21 00:00,2023-03-21 00:00,seafood,15.74
"Thompson, Matthew","Waller, Chad",matthew.thompson@abcfoodmart.com,2022-04-22,ABC Foodmart - Staten Island,2022-06-20 00:00,2022-06-20 00:00,customer service,18.46
"Hughes, Christopher","David, Mr.",christopher.hughes@abcfoodmart.com,2022-09-01,ABC Foodmart - Bay Ridge,2022-11-22 00:00,2022-11-22 00:00,dairy,16.03
"Gross, Andrew","Hoffman, Tina",andrew.gross@abcfoodmart.com,2022-04-30,ABC Foodmart - Tribeca,2022-05-11 00:00,2022-05-11 00:00,meats,14.36
"White, Kenneth","Williams, Gina",kenneth.white@abcfoodmart.com,2023-01-22,ABC Foodmart - Tribeca,2023-04-07 00:00,2023-04-07 00:00,floral,12.54
"Golden, Laurie","Flores, Angela",laurie.golden@abcfoodmart.com,2023-12-23,ABC Foodmart - Bay Ridge,2023-12-26 00:00,2023-12-26 00:00,floral,15.52
"Pena, Johnathan","Hoffman, Tina",johnathan.pena@abcfoodmart.com,2023-02-22,ABC Foodmart - Tribeca,2023-03-29 00:00,2023-03-29 00:00,fresh produce,13.05
"Moyer, Steven","Cooper, Robert",steven.moyer@abcfoodmart.com,2022-12-26,ABC Foodmart - Staten Island,2023-01-06 00:00,2023-01-06 00:00,meats,13.07
"Gonzalez, Michele","Carter, Karen",michele.gonzalez@abcfoodmart.com,2023-09-23,ABC Foodmart - Staten Island,2023-10-28 00:00,2023-10-28 00:00,pharmacy,18.40
"Alvarez, Brenda","David, Mr.",brenda.alvarez@abcfoodmart.com,2023-11-16,ABC Foodmart - Tribeca,2024-01-20 00:00,2024-01-20 00:00,seafood,17.50
"Galvan, Lori","Ellis, Grant",lori.galvan@abcfoodmart.com,2022-05-24,ABC Foodmart - Bay Ridge,2022-07-23 00:00,2022-07-23 00:00,pharmacy,19.09
"Tate, Harry","Flores, Angela",harry.tate@abcfoodmart.com,2022-09-18,ABC Foodmart - Bay Ridge,2022-12-08 00:00,2022-12-08 00:00,frozen foods,14.21
"Gross, Andrew","Hoffman, Tina",andrew.gross@abcfoodmart.com,2022-04-30,ABC Foodmart - DUMBO,2022-05-15 00:00,2022-05-15 00:00,deli,19.45
"Walls, Kristen","Hoffman, Tina",kristen.walls@abcfoodmart.com,2023-02-10,ABC Foodmart - Tribeca,2023-05-04 00:00,2023-05-04 00:00,bakery,12.06
"Wells, Monica","Johnston, William",monica.wells@abcfoodmart.com,2024-03-12,ABC Foodmart - Tribeca,2024-05-06 00:00,2024-05-06 00:00,dry goods,13.17
"Dodson, Courtney","Williams, Gina",courtney.dodson@abcfoodmart.com,2023-01-10,ABC Foodmart - Tribeca,2023-04-03 00:00,2023-04-03 00:00,deli,19.85
"Kerr, Jason","Carter, Karen",jason.kerr@abcfoodmart.com,2022-11-21,ABC Foodmart - DUMBO,2023-01-29 00:00,2023-01-29 00:00,frozen foods,19.16
"Wood, Joshua","Carter, Karen",joshua.wood@abcfoodmart.com,2022-11-26,ABC Foodmart - Whitestone,2023-01-18 00:00,2023-01-18 00:00,cashier,15.71
"Jones, Evelyn","Ellis, Grant",evelyn.jones@abcfoodmart.com,2024-02-25,ABC Foodmart - Bay Ridge,2024-03-12 00:00,2024-03-12 00:00,seafood,19.39
"Walls, Kristen","Farrell, Christopher",kristen.walls@abcfoodmart.com,2023-02-10,ABC Foodmart - Tribeca,2023-05-11 00:00,2023-05-11 00:00,seafood,19.06
"Payne, Samantha","David, Mr.",samantha.payne@abcfoodmart.com,2024-04-06,ABC Foodmart - DUMBO,2024-06-04 00:00,2024-06-04 00:00,customer service,18.26
"Long, Kirsten","Moran, John",kirsten.long@abcfoodmart.com,2024-02-24,ABC Foodmart - Bay Ridge,2024-04-12 00:00,2024-04-12 00:00,customer service,13.36
"Day, Natasha","Moran, John",natasha.day@abcfoodmart.com,2023-08-02,ABC Foodmart - Bay Ridge,2023-08-23 00:00,2023-08-23 00:00,cashier,15.09
"Smith, Diana","Ellis, Grant",diana.smith@abcfoodmart.com,2023-05-31,ABC Foodmart - Whitestone,2023-07-06 00:00,2023-07-06 00:00,customer service,18.86
"Owens, Jeffrey","Ellis, Grant",jeffrey.owens@abcfoodmart.com,2022-05-03,ABC Foodmart - Staten Island,2022-06-03 00:00,2022-06-03 00:00,cashier,19.91
"Garcia, Sarah","Ellis, Grant",sarah.garcia@abcfoodmart.com,2022-12-14,ABC Foodmart - Tribeca,2023-03-22 00:00,2023-03-22 00:00,customer service,17.96
"Durham, Denise","Ellis, Grant",denise.durham@abcfoodmart.com,2022-10-24,ABC Foodmart - Tribeca,2023-01-30 00:00,2023-01-30 00:00,pharmacy,16.74
"Marquez, Jeffrey","Hoffman, Tina",jeffrey.marquez@abcfoodmart.com,2023-02-19,ABC Foodmart - Whitestone,2023-06-09 00:00,2023-06-09 00:00,dry goods,18.91
"Horton, Ashley","Hoffman, Tina",ashley.horton@abcfoodmart.com,2024-01-24,ABC Foodmart - Staten Island,2024-04-09 00:00,2024-04-09 00:00,cashier,17.43
"Owens, Jeffrey","Moran, John",jeffrey.owens@abcfoodmart.com,2022-05-03,ABC Foodmart - Staten Island,2022-06-08 00:00,2022-06-08 00:00,cashier,13.67
"Tate, Harry","Farrell, Christopher",harry.tate@abcfoodmart.com,2022-09-18,ABC Foodmart - Bay Ridge,2022-12-11 00:00,2022-12-11 00:00,customer service,16.96
"Golden, Laurie","Moran, John",laurie.golden@abcfoodmart.com,2023-12-23,ABC Foodmart - DUMBO,2024-01-16 00:00,2024-01-16 00:00,frozen foods,19.93
"Mckinney, Marcus","Farrell, Christopher",marcus.mckinney@abcfoodmart.com,2022-08-14,ABC Foodmart - Bay Ridge,2022-12-17 00:00,2022-12-17 00:00,cashier,12.09
"Moore, Jason","Moran, John",jason.moore@abcfoodmart.com,2023-07-11,ABC Foodmart - Whitestone,2023-08-20 00:00,2023-08-20 00:00,pharmacy,15.67
"Gross, Andrew","Carter, Karen",andrew.gross@abcfoodmart.com,2022-04-30,ABC Foodmart - Bay Ridge,2022-06-06 00:00,2022-06-06 00:00,cashier,17.02
"Campbell, Brittany","Hoffman, Tina",brittany.campbell@abcfoodmart.com,2023-03-25,ABC Foodmart - Tribeca,2023-07-12 00:00,2023-07-12 00:00,frozen foods,17.47
"Dodson, Courtney","Farrell, Christopher",courtney.dodson@abcfoodmart.com,2023-01-10,ABC Foodmart - DUMBO,2023-04-20 00:00,2023-04-20 00:00,frozen foods,14.43
"Davis, Jennifer","Johnston, William",jennifer.davis@abcfoodmart.com,2023-11-03,ABC Foodmart - Staten Island,2024-02-20 00:00,2024-02-20 00:00,fresh produce,15.32
"Kerr, Jason","Flores, Angela",jason.kerr@abcfoodmart.com,2022-11-21,ABC Foodmart - Whitestone,2023-02-13 00:00,2023-02-13 00:00,fresh produce,18.29
"Hull, Shane","Compton, Jeffrey",shane.hull@abcfoodmart.com,2024-01-09,ABC Foodmart - DUMBO,2024-02-10 00:00,2024-02-10 00:00,dry goods,16.68
"Hayes, Brandon","Flores, Angela",brandon.hayes@abcfoodmart.com,2022-09-28,ABC Foodmart - DUMBO,2022-10-18 00:00,2022-10-18 00:00,meats,18.03
"White, Kenneth","Waller, Chad",kenneth.white@abcfoodmart.com,2023-01-22,ABC Foodmart - Staten Island,2023-04-27 00:00,2023-04-27 00:00,floral,12.86
"Foster, Kenneth","Moran, John",kenneth.foster@abcfoodmart.com,2023-04-23,ABC Foodmart - Tribeca,2023-08-09 00:00,2023-08-09 00:00,seafood,19.86
"Horton, Mark","Hoffman, Tina",mark.horton@abcfoodmart.com,2023-02-14,ABC Foodmart - Whitestone,2023-03-08 00:00,2023-03-08 00:00,seafood,15.54
"Nguyen, Richard","Moran, John",richard.nguyen@abcfoodmart.com,2022-09-27,ABC Foodmart - Bay Ridge,2022-11-22 00:00,2022-11-22 00:00,frozen foods,19.38
"Rogers, Mark","Ellis, Grant",mark.rogers@abcfoodmart.com,2023-05-08,ABC Foodmart - DUMBO,2023-07-08 00:00,2023-07-08 00:00,floral,17.93
"Myers, Gary","Carter, Karen",gary.myers@abcfoodmart.com,2023-10-13,ABC Foodmart - Whitestone,2023-11-21 00:00,2023-11-21 00:00,meats,17.05
"Spears, Erin","Hoffman, Tina",erin.spears@abcfoodmart.com,2023-07-30,ABC Foodmart - Bay Ridge,2023-10-30 00:00,2023-10-30 00:00,meats,16.04
"Bradley, Rita","Farrell, Christopher",rita.bradley@abcfoodmart.com,2023-08-06,ABC Foodmart - Tribeca,2023-10-16 00:00,2023-10-16 00:00,pharmacy,18.67
"Golden, Laurie","Flores, Angela",laurie.golden@abcfoodmart.com,2023-12-23,ABC Foodmart - Staten Island,2024-02-06 00:00,2024-02-06 00:00,dairy,16.90
"Smith, Diana","David, Mr.",diana.smith@abcfoodmart.com,2023-05-31,ABC Foodmart - Staten Island,2023-07-29 00:00,2023-07-29 00:00,dairy,17.23
"Henderson, Nancy","Cooper, Robert",nancy.henderson@abcfoodmart.com,2023-12-30,ABC Foodmart - Tribeca,2024-02-24 00:00,2024-02-24 00:00,pharmacy,16.81
"Bradley, Rita","Waller, Chad",rita.bradley@abcfoodmart.com,2023-08-06,ABC Foodmart - Whitestone,2023-11-04 00:00,2023-11-04 00:00,cashier,17.58
"Terri, Mrs.","Compton, Jeffrey",mrs..terri@abcfoodmart.com,2022-09-23,ABC Foodmart - Tribeca,2022-12-16 00:00,2022-12-16 00:00,seafood,13.94
"Smith, Brandy","Williams, Gina",brandy.smith@abcfoodmart.com,2023-12-26,ABC Foodmart - Staten Island,2024-03-02 00:00,2024-03-02 00:00,dairy,12.81
"Smith, Brandy","Farrell, Christopher",brandy.smith@abcfoodmart.com,2023-12-26,ABC Foodmart - Whitestone,2024-03-31 00:00,2024-03-31 00:00,meats,18.24
"Davis, Jennifer","Moran, John",jennifer.davis@abcfoodmart.com,2023-11-03,ABC Foodmart - Bay Ridge,2024-02-21 00:00,2024-02-21 00:00,meats,15.31
"Waters, Julie","Flores, Angela",julie.waters@abcfoodmart.com,2023-05-20,ABC Foodmart - Whitestone,2023-07-29 00:00,2023-07-29 00:00,floral,16.12
"Davis, Jennifer","Carter, Karen",jennifer.davis@abcfoodmart.com,2023-11-03,ABC Foodmart - Bay Ridge,2024-02-28 00:00,2024-02-28 00:00,dry goods,13.58
"Dodson, Courtney","Moran, John",courtney.dodson@abcfoodmart.com,2023-01-10,ABC Foodmart - DUMBO,2023-05-08 00:00,2023-05-08 00:00,pharmacy,15.70
"Mckinney, Marcus","Compton, Jeffrey",marcus.mckinney@abcfoodmart.com,2022-08-14,ABC Foodmart - Whitestone,2023-01-05 00:00,2023-01-05 00:00,fresh produce,19.29
"Galvan, Lori","Flores, Angela",lori.galvan@abcfoodmart.com,2022-05-24,ABC Foodmart - DUMBO,2022-08-15 00:00,2022-08-15 00:00,customer service,14.83
"Jackson, Michael","Farrell, Christopher",michael.jackson@abcfoodmart.com,2022-10-31,ABC Foodmart - DUMBO,2022-12-19 00:00,2022-12-19 00:00,dry goods,13.82
"Jones, Christopher","Waller, Chad",christopher.jones@abcfoodmart.com,2022-05-19,ABC Foodmart - DUMBO,2022-09-26 00:00,2022-09-26 00:00,fresh produce,18.99
"Spears, Erin","David, Mr.",erin.spears@abcfoodmart.com,2023-07-30,ABC Foodmart - Bay Ridge,2023-11-01 00:00,2023-11-01 00:00,bakery,17.51
"Harrell, Angie","Moran, John",angie.harrell@abcfoodmart.com,2023-06-01,ABC Foodmart - Bay Ridge,2023-09-09 00:00,2023-09-09 00:00,customer service,15.83
"Conrad, Frederick","Compton, Jeffrey",frederick.conrad@abcfoodmart.com,2023-11-24,ABC Foodmart - Bay Ridge,2024-01-25 00:00,2024-01-25 00:00,seafood,12.46
"Woods, Marcus","Farrell, Christopher",marcus.woods@abcfoodmart.com,2024-04-01,ABC Foodmart - Bay Ridge,2024-05-31 00:00,2024-05-31 00:00,customer service,15.53
"Eric, Mr.","Williams, Gina",mr..eric@abcfoodmart.com,2022-09-02,ABC Foodmart - Tribeca,2022-12-03 00:00,2022-12-03 00:00,dairy,14.24
"Atkinson, Gary","Williams, Gina",gary.atkinson@abcfoodmart.com,2022-05-24,ABC Foodmart - Bay Ridge,2022-09-02 00:00,2022-09-02 00:00,dry goods,13.62
"Walls, Kristen","Johnston, William",kristen.walls@abcfoodmart.com,2023-02-10,ABC Foodmart - Staten Island,2023-05-27 00:00,2023-05-27 00:00,dry goods,13.29
"Roach, Christine","Ellis, Grant",christine.roach@abcfoodmart.com,2023-10-15,ABC Foodmart - DUMBO,2024-01-13 00:00,2024-01-13 00:00,seafood,17.41
"Werner, Kara","Johnston, William",kara.werner@abcfoodmart.com,2023-10-12,ABC Foodmart - Tribeca,2023-10-28 00:00,2023-10-28 00:00,dairy,18.25
"Werner, Kara","Waller, Chad",kara.werner@abcfoodmart.com,2023-10-12,ABC Foodmart - Bay Ridge,2023-11-23 00:00,2023-11-23 00:00,dry goods,13.03
"Waters, Julie","Hoffman, Tina",julie.waters@abcfoodmart.com,2023-05-20,ABC Foodmart - Bay Ridge,2023-08-07 00:00,2023-08-07 00:00,cashier,17.71
"Garcia, Sarah","Moran, John",sarah.garcia@abcfoodmart.com,2022-12-14,ABC Foodmart - Staten Island,2023-04-15 00:00,2023-04-15 00:00,seafood,18.03
"Horton, Ashley","Ellis, Grant",ashley.horton@abcfoodmart.com,2024-01-24,ABC Foodmart - Tribeca,2024-05-03 00:00,2024-05-03 00:00,pharmacy,13.28
"Wells, Monica","Cooper, Robert",monica.wells@abcfoodmart.com,2024-03-12,ABC Foodmart - DUMBO,2024-05-27 00:00,2024-05-27 00:00,floral,19.83
"Burns, Kendra","David, Mr.",kendra.burns@abcfoodmart.com,2022-12-13,ABC Foodmart - DUMBO,2023-02-09 00:00,2023-02-09 00:00,dairy,17.10
"Church, Joshua","Moran, John",joshua.church@abcfoodmart.com,2024-03-03,ABC Foodmart - Staten Island,2024-05-24 00:00,2024-05-24 00:00,dry goods,15.86
"Jessica, Ms.","Compton, Jeffrey",ms..jessica@abcfoodmart.com,2022-06-10,ABC Foodmart - Bay Ridge,2022-08-01 00:00,2022-08-01 00:00,floral,14.35
"Conrad, Frederick","Waller, Chad",frederick.conrad@abcfoodmart.com,2023-11-24,ABC Foodmart - Bay Ridge,2024-02-06 00:00,2024-02-06 00:00,pharmacy,19.27
"Brooks, Renee","David, Mr.",renee.brooks@abcfoodmart.com,2023-07-15,ABC Foodmart - Tribeca,2023-10-07 00:00,2023-10-07 00:00,floral,16.35
"Waters, Julie","Johnston, William",julie.waters@abcfoodmart.com,2023-05-20,ABC Foodmart - Whitestone,2023-08-12 00:00,2023-08-12 00:00,floral,18.09
"Colon, Lindsey","Cooper, Robert",lindsey.colon@abcfoodmart.com,2023-02-16,ABC Foodmart - Whitestone,2023-03-10 00:00,2023-03-10 00:00,bakery,15.43
"Marquez, Jeffrey","Compton, Jeffrey",jeffrey.marquez@abcfoodmart.com,2023-02-19,ABC Foodmart - DUMBO,2023-06-19 00:00,2023-06-19 00:00,dry goods,18.35
"Meyer, James","Carter, Karen",james.meyer@abcfoodmart.com,2022-05-02,ABC Foodmart - Bay Ridge,2022-07-11 00:00,2022-07-11 00:00,customer service,16.67
"Kramer, Veronica","David, Mr.",veronica.kramer@abcfoodmart.com,2023-03-28,ABC Foodmart - Tribeca,2023-06-16 00:00,2023-06-16 00:00,pharmacy,12.76
"Brooks, Renee","Williams, Gina",renee.brooks@abcfoodmart.com,2023-07-15,ABC Foodmart - Bay Ridge,2023-11-03 00:00,2023-11-03 00:00,dry goods,15.30
"Colon, Lindsey","Ellis, Grant",lindsey.colon@abcfoodmart.com,2023-02-16,ABC Foodmart - Staten Island,2023-03-27 00:00,2023-03-27 00:00,meats,17.07
"White, Kenneth","Johnston, William",kenneth.white@abcfoodmart.com,2023-01-22,ABC Foodmart - Bay Ridge,2023-04-30 00:00,2023-04-30 00:00,deli,19.36
"Tate, Harry","David, Mr.",harry.tate@abcfoodmart.com,2022-09-18,ABC Foodmart - Whitestone,2022-12-26 00:00,2022-12-26 00:00,bakery,16.12
"Mckenzie, William","Carter, Karen",william.mckenzie@abcfoodmart.com,2023-01-04,ABC Foodmart - Staten Island,2023-04-09 00:00,2023-04-09 00:00,meats,20.00
"Meyer, James","Farrell, Christopher",james.meyer@abcfoodmart.com,2022-05-02,ABC Foodmart - Bay Ridge,2022-07-22 00:00,2022-07-22 00:00,dairy,18.79
"Jacobs, Brenda","Compton, Jeffrey",brenda.jacobs@abcfoodmart.com,2024-02-09,ABC Foodmart - Tribeca,2024-05-06 00:00,2024-05-06 00:00,frozen foods,18.06
"Randolph, Emily","Carter, Karen",emily.randolph@abcfoodmart.com,2023-03-09,ABC Foodmart - Staten Island,2023-06-27 00:00,2023-06-27 00:00,dry goods,13.79
"Campbell, Brittany","Flores, Angela",brittany.campbell@abcfoodmart.com,2023-03-25,ABC Foodmart - DUMBO,2023-07-24 00:00,2023-07-24 00:00,seafood,13.13
"Eric, Mr.","David, Mr.",mr..eric@abcfoodmart.com,2022-09-02,ABC Foodmart - Bay Ridge,2022-12-19 00:00,2022-12-19 00:00,meats,19.23
"Carroll, Eric","Hoffman, Tina",eric.carroll@abcfoodmart.com,2022-12-26,ABC Foodmart - Staten Island,2023-04-11 00:00,2023-04-11 00:00,fresh produce,14.05
"Moore, Jason","Hoffman, Tina",jason.moore@abcfoodmart.com,2023-07-11,ABC Foodmart - Bay Ridge,2023-08-22 00:00,2023-08-22 00:00,bakery,12.16
"Henderson, Nancy","Carter, Karen",nancy.henderson@abcfoodmart.com,2023-12-30,ABC Foodmart - Whitestone,2024-03-12 00:00,2024-03-12 00:00,seafood,14.03
"Chambers, Jeffrey","Waller, Chad",jeffrey.chambers@abcfoodmart.com,2022-09-29,ABC Foodmart - Tribeca,2023-01-10 00:00,2023-01-10 00:00,pharmacy,13.57
"Conrad, Frederick","Ellis, Grant",frederick.conrad@abcfoodmart.com,2023-11-24,ABC Foodmart - Staten Island,2024-02-16 00:00,2024-02-16 00:00,dry goods,16.31
"Henderson, Nancy","Carter, Karen",nancy.henderson@abcfoodmart.com,2023-12-30,ABC Foodmart - Staten Island,2024-03-18 00:00,2024-03-18 00:00,floral,15.10
"Moore, Jason","Farrell, Christopher",jason.moore@abcfoodmart.com,2023-07-11,ABC Foodmart - Tribeca,2023-09-11 00:00,2023-09-11 00:00,cashier,14.80
"Jones, Evelyn","Waller, Chad",evelyn.jones@abcfoodmart.com,2024-02-25,ABC Foodmart - DUMBO,2024-03-27 00:00,2024-03-27 00:00,frozen foods,13.78
"Walters, Jay","Williams, Gina",jay.walters@abcfoodmart.com,2023-12-17,ABC Foodmart - Tribeca,2024-06-28 00:00,2024-06-28 00:00,dairy,14.07
"Brooks, Renee","David, Mr.",renee.brooks@abcfoodmart.com,2023-07-15,ABC Foodmart - Tribeca,2023-11-12 00:00,2023-11-12 00:00,dairy,12.80
"Love, Thomas","Compton, Jeffrey",thomas.love@abcfoodmart.com,2024-02-18,ABC Foodmart - DUMBO,2024-05-04 00:00,2024-05-04 00:00,seafood,12.36
"Brown, Lisa","Carter, Karen",lisa.brown@abcfoodmart.com,2022-08-18,ABC Foodmart - Staten Island,2022-10-27 00:00,2022-10-27 00:00,cashier,19.53
"Jones, Christopher","David, Mr.",christopher.jones@abcfoodmart.com,2022-05-19,ABC Foodmart - DUMBO,2022-10-08 00:00,2022-10-08 00:00,meats,17.71
"Wilson, Jill","Hoffman, Tina",jill.wilson@abcfoodmart.com,2022-12-06,ABC Foodmart - Tribeca,2023-04-16 00:00,2023-04-16 00:00,customer service,14.00
"Tate, Harry","Flores, Angela",harry.tate@abcfoodmart.com,2022-09-18,ABC Foodmart - Staten Island,2023-01-23 00:00,2023-01-23 00:00,bakery,13.84
"Pena, Johnathan","Waller, Chad",johnathan.pena@abcfoodmart.com,2023-02-22,ABC Foodmart - Bay Ridge,2023-04-23 00:00,2023-04-23 00:00,deli,16.84
"Woods, Marcus","Farrell, Christopher",marcus.woods@abcfoodmart.com,2024-04-01,ABC Foodmart - DUMBO,2024-06-16 00:00,2024-06-16 00:00,customer service,12.61
"Gross, Andrew","Cooper, Robert",andrew.gross@abcfoodmart.com,2022-04-30,ABC Foodmart - Staten Island,2022-07-05 00:00,2022-07-05 00:00,deli,18.58
"Love, Thomas","Williams, Gina",thomas.love@abcfoodmart.com,2024-02-18,ABC Foodmart - Whitestone,2024-05-12 00:00,2024-05-12 00:00,seafood,18.88
"Shah, Amanda","Waller, Chad",amanda.shah@abcfoodmart.com,2023-10-07,ABC Foodmart - DUMBO,2023-11-16 00:00,2023-11-16 00:00,seafood,18.79
"Jackson, Michael","Williams, Gina",michael.jackson@abcfoodmart.com,2022-10-31,ABC Foodmart - Bay Ridge,2023-01-13 00:00,2023-01-13 00:00,pharmacy,19.69
"Moore, Jason","Farrell, Christopher",jason.moore@abcfoodmart.com,2023-07-11,ABC Foodmart - DUMBO,2023-09-19 00:00,2023-09-19 00:00,bakery,14.79
"Atkinson, Gary","Farrell, Christopher",gary.atkinson@abcfoodmart.com,2022-05-24,ABC Foodmart - Staten Island,2022-09-05 00:00,2022-09-05 00:00,deli,16.11
"Johnson, Samantha","Flores, Angela",samantha.johnson@abcfoodmart.com,2023-01-16,ABC Foodmart - Whitestone,2023-04-06 00:00,2023-04-06 00:00,meats,12.65
"Hernandez, Michael","Williams, Gina",michael.hernandez@abcfoodmart.com,2022-05-24,ABC Foodmart - Whitestone,2022-07-21 00:00,2022-07-21 00:00,floral,15.61
"Wood, Joshua","Cooper, Robert",joshua.wood@abcfoodmart.com,2022-11-26,ABC Foodmart - Bay Ridge,2023-02-13 00:00,2023-02-13 00:00,deli,18.93
"Jackson, Gary","Johnston, William",gary.jackson@abcfoodmart.com,2022-09-08,ABC Foodmart - Whitestone,2022-09-26 00:00,2022-09-26 00:00,fresh produce,13.69
"Jones, Michael","Cooper, Robert",michael.jones@abcfoodmart.com,2023-01-19,ABC Foodmart - Bay Ridge,2023-02-04 00:00,2023-02-04 00:00,deli,19.49
"Perry, Andrea","Waller, Chad",andrea.perry@abcfoodmart.com,2023-05-05,ABC Foodmart - Bay Ridge,2023-08-12 00:00,2023-08-12 00:00,frozen foods,19.24
"Conrad, Frederick","Williams, Gina",frederick.conrad@abcfoodmart.com,2023-11-24,ABC Foodmart - Bay Ridge,2024-03-14 00:00,2024-03-14 00:00,dairy,15.77
"Williams, Michael","Carter, Karen",michael.williams@abcfoodmart.com,2023-06-11,ABC Foodmart - Staten Island,2023-08-07 00:00,2023-08-07 00:00,floral,12.49
"Long, Kirsten","Flores, Angela",kirsten.long@abcfoodmart.com,2024-02-24,ABC Foodmart - Bay Ridge,2024-05-05 00:00,2024-05-05 00:00,dry goods,13.73
"Chambers, Jeffrey","Compton, Jeffrey",jeffrey.chambers@abcfoodmart.com,2022-09-29,ABC Foodmart - DUMBO,2023-01-14 00:00,2023-01-14 00:00,cashier,16.44
"Brooks, Renee","Flores, Angela",renee.brooks@abcfoodmart.com,2023-07-15,ABC Foodmart - Tribeca,2023-12-10 00:00,2023-12-10 00:00,floral,14.23
"Sean, Mr.","Compton, Jeffrey",mr..sean@abcfoodmart.com,2023-03-25,ABC Foodmart - DUMBO,2023-06-25 00:00,2023-06-25 00:00,floral,16.19
"Brooks, Renee","Hoffman, Tina",renee.brooks@abcfoodmart.com,2023-07-15,ABC Foodmart - DUMBO,2023-12-23 00:00,2023-12-23 00:00,floral,17.50
"Wilson, Jill","Ellis, Grant",jill.wilson@abcfoodmart.com,2022-12-06,ABC Foodmart - Bay Ridge,2023-04-17 00:00,2023-04-17 00:00,bakery,13.22
"Roach, Christine","Hoffman, Tina",christine.roach@abcfoodmart.com,2023-10-15,ABC Foodmart - DUMBO,2024-02-07 00:00,2024-02-07 00:00,customer service,13.36
"Brown, Lisa","Moran, John",lisa.brown@abcfoodmart.com,2022-08-18,ABC Foodmart - Tribeca,2022-11-03 00:00,2022-11-03 00:00,cashier,17.61
"Day, Natasha","Williams, Gina",natasha.day@abcfoodmart.com,2023-08-02,ABC Foodmart - Staten Island,2023-08-31 00:00,2023-08-31 00:00,floral,18.33
"Payne, Samantha","Williams, Gina",samantha.payne@abcfoodmart.com,2024-04-06,ABC Foodmart - DUMBO,2024-06-13 00:00,2024-06-13 00:00,dairy,17.49
"Horton, Mark","Compton, Jeffrey",mark.horton@abcfoodmart.com,2023-02-14,ABC Foodmart - DUMBO,2023-03-30 00:00,2023-03-30 00:00,dairy,15.23
"Wilson, Jill","Williams, Gina",jill.wilson@abcfoodmart.com,2022-12-06,ABC Foodmart - Tribeca,2023-05-13 00:00,2023-05-13 00:00,pharmacy,17.17
"Mckenzie, William","Cooper, Robert",william.mckenzie@abcfoodmart.com,2023-01-04,ABC Foodmart - Bay Ridge,2023-04-30 00:00,2023-04-30 00:00,frozen foods,13.42
"Myers, Gary","Carter, Karen",gary.myers@abcfoodmart.com,2023-10-13,ABC Foodmart - Whitestone,2023-12-05 00:00,2023-12-05 00:00,bakery,19.94
"Torres, Steven","Flores, Angela",steven.torres@abcfoodmart.com,2023-05-10,ABC Foodmart - Bay Ridge,2023-06-08 00:00,2023-06-08 00:00,customer service,13.05
"Moore, Jason","Farrell, Christopher",jason.moore@abcfoodmart.com,2023-07-11,ABC Foodmart - DUMBO,2023-09-25 00:00,2023-09-25 00:00,frozen foods,14.02
"Frederick, Evan","Hoffman, Tina",evan.frederick@abcfoodmart.com,2023-02-24,ABC Foodmart - Bay Ridge,2023-05-01 00:00,2023-05-01 00:00,seafood,19.09
"Terri, Mrs.","Waller, Chad",mrs..terri@abcfoodmart.com,2022-09-23,ABC Foodmart - Bay Ridge,2023-01-10 00:00,2023-01-10 00:00,floral,16.10
"Nichols, Mitchell","Waller, Chad",mitchell.nichols@abcfoodmart.com,2022-09-30,ABC Foodmart - Bay Ridge,2022-11-06 00:00,2022-11-06 00:00,cashier,14.66
"Johnson, Samantha","Moran, John",samantha.johnson@abcfoodmart.com,2023-01-16,ABC Foodmart - Bay Ridge,2023-04-28 00:00,2023-04-28 00:00,frozen foods,18.00
"Campbell, Brittany","Farrell, Christopher",brittany.campbell@abcfoodmart.com,2023-03-25,ABC Foodmart - Tribeca,2023-08-03 00:00,2023-08-03 00:00,deli,15.69
"Johnson, Samantha","Johnston, William",samantha.johnson@abcfoodmart.com,2023-01-16,ABC Foodmart - DUMBO,2023-05-15 00:00,2023-05-15 00:00,bakery,19.99
"Walters, Jay","Flores, Angela",jay.walters@abcfoodmart.com,2023-12-17,ABC Foodmart - Staten Island,2024-07-03 00:00,2024-07-03 00:00,floral,18.18
"Nichols, Brandon","Williams, Gina",brandon.nichols@abcfoodmart.com,2024-02-28,ABC Foodmart - Whitestone,2024-07-11 00:00,2024-07-11 00:00,pharmacy,18.32
"Kramer, Veronica","Moran, John",veronica.kramer@abcfoodmart.com,2023-03-28,ABC Foodmart - Staten Island,2023-06-23 00:00,2023-06-23 00:00,frozen foods,13.66
"Jacobs, Brenda","Flores, Angela",brenda.jacobs@abcfoodmart.com,2024-02-09,ABC Foodmart - Bay Ridge,2024-05-31 00:00,2024-05-31 00:00,seafood,18.30
"Hernandez, Michael","Waller, Chad",michael.hernandez@abcfoodmart.com,2022-05-24,ABC Foodmart - DUMBO,2022-08-15 00:00,2022-08-15 00:00,deli,17.71
"Nguyen, Richard","Hoffman, Tina",richard.nguyen@abcfoodmart.com,2022-09-27,ABC Foodmart - Bay Ridge,2022-12-09 00:00,2022-12-09 00:00,customer service,15.67
"Harrell, Angie","Johnston, William",angie.harrell@abcfoodmart.com,2023-06-01,ABC Foodmart - DUMBO,2023-09-25 00:00,2023-09-25 00:00,meats,13.51
"Nguyen, Richard","Waller, Chad",richard.nguyen@abcfoodmart.com,2022-09-27,ABC Foodmart - Tribeca,2023-01-04 00:00,2023-01-04 00:00,seafood,18.60
"Riley, Ashley","Carter, Karen",ashley.riley@abcfoodmart.com,2022-08-17,ABC Foodmart - Bay Ridge,2022-12-27 00:00,2022-12-27 00:00,frozen foods,17.27
"Thompson, Andrea","Flores, Angela",andrea.thompson@abcfoodmart.com,2023-01-06,ABC Foodmart - DUMBO,2023-02-11 00:00,2023-02-11 00:00,dry goods,17.40
"Nichols, Mitchell","Ellis, Grant",mitchell.nichols@abcfoodmart.com,2022-09-30,ABC Foodmart - Tribeca,2022-11-16 00:00,2022-11-16 00:00,deli,14.19
"Tate, Harry","Moran, John",harry.tate@abcfoodmart.com,2022-09-18,ABC Foodmart - DUMBO,2023-02-14 00:00,2023-02-14 00:00,cashier,17.47
"Campbell, Bethany","Carter, Karen",bethany.campbell@abcfoodmart.com,2023-10-07,ABC Foodmart - Bay Ridge,2023-11-30 00:00,2023-11-30 00:00,customer service,14.45
"Hughes, Christopher","Compton, Jeffrey",christopher.hughes@abcfoodmart.com,2022-09-01,ABC Foodmart - Bay Ridge,2022-12-21 00:00,2022-12-21 00:00,deli,12.33
"Nguyen, Richard","Carter, Karen",richard.nguyen@abcfoodmart.com,2022-09-27,ABC Foodmart - Staten Island,2023-01-05 00:00,2023-01-05 00:00,bakery,13.55
"Tate, Harry","David, Mr.",harry.tate@abcfoodmart.com,2022-09-18,ABC Foodmart - Whitestone,2023-02-15 00:00,2023-02-15 00:00,cashier,15.50
"Foster, Jennifer","Farrell, Christopher",jennifer.foster@abcfoodmart.com,2023-06-15,ABC Foodmart - DUMBO,2023-09-06 00:00,2023-09-06 00:00,cashier,14.65
"Glover, Michelle","Farrell, Christopher",michelle.glover@abcfoodmart.com,2022-08-25,ABC Foodmart - Whitestone,2022-11-14 00:00,2022-11-14 00:00,cashier,12.40
"Perry, Andrea","Moran, John",andrea.perry@abcfoodmart.com,2023-05-05,ABC Foodmart - Whitestone,2023-09-09 00:00,2023-09-09 00:00,pharmacy,12.15
"Walls, Kristen","Compton, Jeffrey",kristen.walls@abcfoodmart.com,2023-02-10,ABC Foodmart - Whitestone,2023-06-02 00:00,2023-06-02 00:00,dairy,13.43
"Harrell, Angie","Carter, Karen",angie.harrell@abcfoodmart.com,2023-06-01,ABC Foodmart - Tribeca,2023-09-29 00:00,2023-09-29 00:00,dry goods,19.01
"Wilson, Jill","Moran, John",jill.wilson@abcfoodmart.com,2022-12-06,ABC Foodmart - DUMBO,2023-06-03 00:00,2023-06-03 00:00,seafood,17.19
"Bradley, Rita","Hoffman, Tina",rita.bradley@abcfoodmart.com,2023-08-06,ABC Foodmart - Whitestone,2023-12-03 00:00,2023-12-03 00:00,meats,12.66
"Smith, Diana","David, Mr.",diana.smith@abcfoodmart.com,2023-05-31,ABC Foodmart - Whitestone,2023-07-30 00:00,2023-07-30 00:00,cashier,15.27
"Warren, Timothy","Compton, Jeffrey",timothy.warren@abcfoodmart.com,2022-12-27,ABC Foodmart - Tribeca,2023-03-01 00:00,2023-03-01 00:00,bakery,15.17
"Foster, Jennifer","Waller, Chad",jennifer.foster@abcfoodmart.com,2023-06-15,ABC Foodmart - Staten Island,2023-10-02 00:00,2023-10-02 00:00,cashier,19.57
"Manning, Maria","David, Mr.",maria.manning@abcfoodmart.com,2022-11-16,ABC Foodmart - Bay Ridge,2023-01-21 00:00,2023-01-21 00:00,pharmacy,16.40
"Nguyen, Richard","Johnston, William",richard.nguyen@abcfoodmart.com,2022-09-27,ABC Foodmart - Bay Ridge,2023-01-16 00:00,2023-01-16 00:00,deli,18.67
"Eric, Mr.","David, Mr.",mr..eric@abcfoodmart.com,2022-09-02,ABC Foodmart - Tribeca,2022-12-22 00:00,2022-12-22 00:00,customer service,13.43
"Bradley, Rita","Compton, Jeffrey",rita.bradley@abcfoodmart.com,2023-08-06,ABC Foodmart - Bay Ridge,2023-12-05 00:00,2023-12-05 00:00,customer service,14.13
"Terri, Mrs.","Ellis, Grant",mrs..terri@abcfoodmart.com,2022-09-23,ABC Foodmart - Whitestone,2023-01-18 00:00,2023-01-18 00:00,frozen foods,14.76
"Spears, Erin","Ellis, Grant",erin.spears@abcfoodmart.com,2023-07-30,ABC Foodmart - Bay Ridge,2023-11-26 00:00,2023-11-26 00:00,dairy,18.68
"Brooks, Renee","Johnston, William",renee.brooks@abcfoodmart.com,2023-07-15,ABC Foodmart - Bay Ridge,2023-12-24 00:00,2023-12-24 00:00,frozen foods,14.38
"Thompson, Andrea","Cooper, Robert",andrea.thompson@abcfoodmart.com,2023-01-06,ABC Foodmart - Whitestone,2023-03-07 00:00,2023-03-07 00:00,seafood,15.27
"Wells, Monica","Johnston, William",monica.wells@abcfoodmart.com,2024-03-12,ABC Foodmart - Staten Island,2024-06-05 00:00,2024-06-05 00:00,pharmacy,19.12
"Campbell, Bethany","Carter, Karen",bethany.campbell@abcfoodmart.com,2023-10-07,ABC Foodmart - Staten Island,2023-12-11 00:00,2023-12-11 00:00,seafood,18.05
"Campbell, Brittany","Moran, John",brittany.campbell@abcfoodmart.com,2023-03-25,ABC Foodmart - DUMBO,2023-08-30 00:00,2023-08-30 00:00,deli,14.18
"Bennett, Alec","Compton, Jeffrey",alec.bennett@abcfoodmart.com,2023-10-03,ABC Foodmart - Tribeca,2023-12-12 00:00,2023-12-12 00:00,floral,15.38
"White, Kenneth","Waller, Chad",kenneth.white@abcfoodmart.com,2023-01-22,ABC Foodmart - Bay Ridge,2023-05-27 00:00,2023-05-27 00:00,meats,18.43
"Perry, Andrea","Moran, John",andrea.perry@abcfoodmart.com,2023-05-05,ABC Foodmart - Staten Island,2023-09-16 00:00,2023-09-16 00:00,bakery,15.11
"Shah, Amanda","Williams, Gina",amanda.shah@abcfoodmart.com,2023-10-07,ABC Foodmart - Staten Island,2023-12-12 00:00,2023-12-12 00:00,bakery,15.96
"Garcia, Sarah","Farrell, Christopher",sarah.garcia@abcfoodmart.com,2022-12-14,ABC Foodmart - Tribeca,2023-05-13 00:00,2023-05-13 00:00,deli,14.35
"Carroll, Eric","Cooper, Robert",eric.carroll@abcfoodmart.com,2022-12-26,ABC Foodmart - Tribeca,2023-05-04 00:00,2023-05-04 00:00,bakery,13.56
"Horton, Ashley","Williams, Gina",ashley.horton@abcfoodmart.com,2024-01-24,ABC Foodmart - DUMBO,2024-05-27 00:00,2024-05-27 00:00,frozen foods,13.42
"Harrell, Angie","Flores, Angela",angie.harrell@abcfoodmart.com,2023-06-01,ABC Foodmart - Bay Ridge,2023-10-05 00:00,2023-10-05 00:00,frozen foods,13.48
"Randolph, Emily","Cooper, Robert",emily.randolph@abcfoodmart.com,2023-03-09,ABC Foodmart - DUMBO,2023-07-18 00:00,2023-07-18 00:00,fresh produce,13.70
"Campbell, Brittany","Waller, Chad",brittany.campbell@abcfoodmart.com,2023-03-25,ABC Foodmart - DUMBO,2023-09-10 00:00,2023-09-10 00:00,floral,14.62
"Burns, Kendra","David, Mr.",kendra.burns@abcfoodmart.com,2022-12-13,ABC Foodmart - Bay Ridge,2023-02-28 00:00,2023-02-28 00:00,fresh produce,17.49
"Gardner, Laura","Hoffman, Tina",laura.gardner@abcfoodmart.com,2023-09-04,ABC Foodmart - Whitestone,2023-10-11 00:00,2023-10-11 00:00,deli,19.22
"Randolph, Emily","Flores, Angela",emily.randolph@abcfoodmart.com,2023-03-09,ABC Foodmart - Bay Ridge,2023-07-31 00:00,2023-07-31 00:00,deli,18.34
"Wood, Joshua","Moran, John",joshua.wood@abcfoodmart.com,2022-11-26,ABC Foodmart - Whitestone,2023-02-20 00:00,2023-02-20 00:00,dry goods,18.61
"Dodson, Courtney","Williams, Gina",courtney.dodson@abcfoodmart.com,2023-01-10,ABC Foodmart - Staten Island,2023-06-02 00:00,2023-06-02 00:00,bakery,14.66
"Carroll, Eric","Carter, Karen",eric.carroll@abcfoodmart.com,2022-12-26,ABC Foodmart - DUMBO,2023-05-14 00:00,2023-05-14 00:00,deli,13.42
"White, Kenneth","Johnston, William",kenneth.white@abcfoodmart.com,2023-01-22,ABC Foodmart - Staten Island,2023-06-18 00:00,2023-06-18 00:00,cashier,18.14
"Terri, Mrs.","Williams, Gina",mrs..terri@abcfoodmart.com,2022-09-23,ABC Foodmart - DUMBO,2023-01-27 00:00,2023-01-27 00:00,dairy,12.14
"Eric, Mr.","Johnston, William",mr..eric@abcfoodmart.com,2022-09-02,ABC Foodmart - Whitestone,2023-01-19 00:00,2023-01-19 00:00,bakery,19.48
"Davis, Jennifer","David, Mr.",jennifer.davis@abcfoodmart.com,2023-11-03,ABC Foodmart - DUMBO,2024-03-19 00:00,2024-03-19 00:00,bakery,12.77
"Foster, Jennifer","Williams, Gina",jennifer.foster@abcfoodmart.com,2023-06-15,ABC Foodmart - DUMBO,2023-10-25 00:00,2023-10-25 00:00,fresh produce,15.32
"Kerr, Jason","Waller, Chad",jason.kerr@abcfoodmart.com,2022-11-21,ABC Foodmart - Tribeca,2023-02-16 00:00,2023-02-16 00:00,seafood,15.12
"Pena, Johnathan","Flores, Angela",johnathan.pena@abcfoodmart.com,2023-02-22,ABC Foodmart - DUMBO,2023-05-10 00:00,2023-05-10 00:00,floral,15.63
"Waters, Julie","Cooper, Robert",julie.waters@abcfoodmart.com,2023-05-20,ABC Foodmart - Whitestone,2023-09-10 00:00,2023-09-10 00:00,customer service,12.29
"Johnson, Samantha","Flores, Angela",samantha.johnson@abcfoodmart.com,2023-01-16,ABC Foodmart - Whitestone,2023-06-04 00:00,2023-06-04 00:00,deli,16.87
"Davis, Jennifer","Johnston, William",jennifer.davis@abcfoodmart.com,2023-11-03,ABC Foodmart - Tribeca,2024-04-15 00:00,2024-04-15 00:00,seafood,14.87
"Golden, Laurie","Moran, John",laurie.golden@abcfoodmart.com,2023-12-23,ABC Foodmart - DUMBO,2024-02-09 00:00,2024-02-09 00:00,frozen foods,15.42
"Alvarez, Brenda","Flores, Angela",brenda.alvarez@abcfoodmart.com,2023-11-16,ABC Foodmart - Bay Ridge,2024-01-28 00:00,2024-01-28 00:00,seafood,18.59
"Thomas, Robert","Flores, Angela",robert.thomas@abcfoodmart.com,2022-05-18,ABC Foodmart - Staten Island,2022-07-09 00:00,2022-07-09 00:00,fresh produce,14.62
"Hayes, Brandon","Carter, Karen",brandon.hayes@abcfoodmart.com,2022-09-28,ABC Foodmart - Tribeca,2022-10-25 00:00,2022-10-25 00:00,customer service,18.43
"Warren, Timothy","Hoffman, Tina",timothy.warren@abcfoodmart.com,2022-12-27,ABC Foodmart - Tribeca,2023-03-16 00:00,2023-03-16 00:00,deli,13.36
"Jessica, Ms.","Johnston, William",ms..jessica@abcfoodmart.com,2022-06-10,ABC Foodmart - Bay Ridge,2022-08-20 00:00,2022-08-20 00:00,dry goods,15.77
"Vasquez, Peter","David, Mr.",peter.vasquez@abcfoodmart.com,2023-01-05,ABC Foodmart - Whitestone,2023-03-04 00:00,2023-03-04 00:00,floral,13.11
"Carroll, Eric","Farrell, Christopher",eric.carroll@abcfoodmart.com,2022-12-26,ABC Foodmart - Staten Island,2023-06-07 00:00,2023-06-07 00:00,deli,17.76
"Dodson, Courtney","Moran, John",courtney.dodson@abcfoodmart.com,2023-01-10,ABC Foodmart - Tribeca,2023-06-03 00:00,2023-06-03 00:00,pharmacy,13.14
"Bradley, Rita","Waller, Chad",rita.bradley@abcfoodmart.com,2023-08-06,ABC Foodmart - Bay Ridge,2023-12-14 00:00,2023-12-14 00:00,floral,17.47
"Hughes, Christopher","David, Mr.",christopher.hughes@abcfoodmart.com,2022-09-01,ABC Foodmart - DUMBO,2023-01-09 00:00,2023-01-09 00:00,frozen foods,18.75
"Marquez, Jeffrey","Farrell, Christopher",jeffrey.marquez@abcfoodmart.com,2023-02-19,ABC Foodmart - Whitestone,2023-07-13 00:00,2023-07-13 00:00,bakery,19.37
"Love, Thomas","Johnston, William",thomas.love@abcfoodmart.com,2024-02-18,ABC Foodmart - Whitestone,2024-05-18 00:00,2024-05-18 00:00,bakery,19.46
"Love, Thomas","Cooper, Robert",thomas.love@abcfoodmart.com,2024-02-18,ABC Foodmart - Bay Ridge,2024-06-05 00:00,2024-06-05 00:00,fresh produce,18.86
"Hernandez, Michael","Waller, Chad",michael.hernandez@abcfoodmart.com,2022-05-24,ABC Foodmart - Tribeca,2022-09-06 00:00,2022-09-06 00:00,seafood,15.91
"Nichols, Mitchell","Compton, Jeffrey",mitchell.nichols@abcfoodmart.com,2022-09-30,ABC Foodmart - Bay Ridge,2022-12-14 00:00,2022-12-14 00:00,pharmacy,12.18
"Davis, Jennifer","Waller, Chad",jennifer.davis@abcfoodmart.com,2023-11-03,ABC Foodmart - Bay Ridge,2024-05-02 00:00,2024-05-02 00:00,frozen foods,12.62
"Gardner, Laura","Farrell, Christopher",laura.gardner@abcfoodmart.com,2023-09-04,ABC Foodmart - Staten Island,2023-10-27 00:00,2023-10-27 00:00,bakery,14.78
"Herrera, Spencer","Carter, Karen",spencer.herrera@abcfoodmart.com,2023-01-16,ABC Foodmart - DUMBO,2023-02-15 00:00,2023-02-15 00:00,meats,16.33
"Long, Kirsten","Hoffman, Tina",kirsten.long@abcfoodmart.com,2024-02-24,ABC Foodmart - Bay Ridge,2024-05-30 00:00,2024-05-30 00:00,floral,18.81
"Myers, Gary","Moran, John",gary.myers@abcfoodmart.com,2023-10-13,ABC Foodmart - Staten Island,2023-12-23 00:00,2023-12-23 00:00,deli,15.86
"Tate, Harry","Johnston, William",harry.tate@abcfoodmart.com,2022-09-18,ABC Foodmart - Tribeca,2023-02-23 00:00,2023-02-23 00:00,bakery,13.23
"Colon, Lindsey","Williams, Gina",lindsey.colon@abcfoodmart.com,2023-02-16,ABC Foodmart - Staten Island,2023-04-24 00:00,2023-04-24 00:00,customer service,18.01
"Sosa, David","Carter, Karen",david.sosa@abcfoodmart.com,2023-07-27,ABC Foodmart - DUMBO,2023-10-14 00:00,2023-10-14 00:00,customer service,17.12
"Jordan, Carla","Johnston, William",carla.jordan@abcfoodmart.com,2023-12-17,ABC Foodmart - Whitestone,2024-01-13 00:00,2024-01-13 00:00,deli,12.51
"Brown, Lisa","Ellis, Grant",lisa.brown@abcfoodmart.com,2022-08-18,ABC Foodmart - Bay Ridge,2022-11-14 00:00,2022-11-14 00:00,customer service,12.59
"Manning, Maria","Moran, John",maria.manning@abcfoodmart.com,2022-11-16,ABC Foodmart - Bay Ridge,2023-01-23 00:00,2023-01-23 00:00,meats,18.92
"Foster, Kenneth","Cooper, Robert",kenneth.foster@abcfoodmart.com,2023-04-23,ABC Foodmart - Bay Ridge,2023-08-11 00:00,2023-08-11 00:00,frozen foods,18.99
"Mckinney, Marcus","David, Mr.",marcus.mckinney@abcfoodmart.com,2022-08-14,ABC Foodmart - Tribeca,2023-01-23 00:00,2023-01-23 00:00,floral,19.38
"Durham, Denise","Compton, Jeffrey",denise.durham@abcfoodmart.com,2022-10-24,ABC Foodmart - Bay Ridge,2023-02-02 00:00,2023-02-02 00:00,dry goods,17.69
"Eric, Mr.","Carter, Karen",mr..eric@abcfoodmart.com,2022-09-02,ABC Foodmart - Staten Island,2023-01-23 00:00,2023-01-23 00:00,dairy,15.59
"Hernandez, Michael","Waller, Chad",michael.hernandez@abcfoodmart.com,2022-05-24,ABC Foodmart - Tribeca,2022-10-01 00:00,2022-10-01 00:00,frozen foods,14.09
"Dodson, Courtney","Johnston, William",courtney.dodson@abcfoodmart.com,2023-01-10,ABC Foodmart - DUMBO,2023-06-20 00:00,2023-06-20 00:00,bakery,12.15
"Jacobs, Brenda","Carter, Karen",brenda.jacobs@abcfoodmart.com,2024-02-09,ABC Foodmart - Bay Ridge,2024-06-03 00:00,2024-06-03 00:00,customer service,17.33
"Marquez, Jeffrey","David, Mr.",jeffrey.marquez@abcfoodmart.com,2023-02-19,ABC Foodmart - DUMBO,2023-07-31 00:00,2023-07-31 00:00,pharmacy,14.81
"Jordan, Carla","Farrell, Christopher",carla.jordan@abcfoodmart.com,2023-12-17,ABC Foodmart - Whitestone,2024-01-18 00:00,2024-01-18 00:00,deli,17.75
"Jessica, Ms.","Farrell, Christopher",ms..jessica@abcfoodmart.com,2022-06-10,ABC Foodmart - Tribeca,2022-09-11 00:00,2022-09-11 00:00,meats,19.33
"Ellis, Lauren","Johnston, William",lauren.ellis@abcfoodmart.com,2022-10-22,ABC Foodmart - Tribeca,2023-01-07 00:00,2023-01-07 00:00,frozen foods,16.43
"Werner, Kara","Moran, John",kara.werner@abcfoodmart.com,2023-10-12,ABC Foodmart - Whitestone,2023-12-05 00:00,2023-12-05 00:00,seafood,19.33
"Durham, Denise","Williams, Gina",denise.durham@abcfoodmart.com,2022-10-24,ABC Foodmart - Bay Ridge,2023-02-20 00:00,2023-02-20 00:00,bakery,17.11
"Conrad, Frederick","David, Mr.",frederick.conrad@abcfoodmart.com,2023-11-24,ABC Foodmart - DUMBO,2024-04-07 00:00,2024-04-07 00:00,frozen foods,15.35
"Galvan, Lori","Compton, Jeffrey",lori.galvan@abcfoodmart.com,2022-05-24,ABC Foodmart - Staten Island,2022-08-18 00:00,2022-08-18 00:00,pharmacy,17.93
"Hernandez, Michael","David, Mr.",michael.hernandez@abcfoodmart.com,2022-05-24,ABC Foodmart - DUMBO,2022-10-23 00:00,2022-10-23 00:00,customer service,13.51
"Bradley, Rita","Cooper, Robert",rita.bradley@abcfoodmart.com,2023-08-06,ABC Foodmart - Staten Island,2024-01-01 00:00,2024-01-01 00:00,bakery,24.97
"Payne, Samantha","Johnston, William",samantha.payne@abcfoodmart.com,2024-04-06,ABC Foodmart - Tribeca,2024-07-02 00:00,2024-07-02 00:00,customer service,17.82
"Hayes, Brandon","Flores, Angela",brandon.hayes@abcfoodmart.com,2022-09-28,ABC Foodmart - Whitestone,2022-11-16 00:00,2022-11-16 00:00,meats,16.60
"Campbell, Bethany","Johnston, William",bethany.campbell@abcfoodmart.com,2023-10-07,ABC Foodmart - Whitestone,2023-12-19 00:00,2023-12-19 00:00,fresh produce,19.05
"Colon, Lindsey","Moran, John",lindsey.colon@abcfoodmart.com,2023-02-16,ABC Foodmart - Staten Island,2023-05-10 00:00,2023-05-10 00:00,bakery,17.60
"Foster, Jennifer","Hoffman, Tina",jennifer.foster@abcfoodmart.com,2023-06-15,ABC Foodmart - Staten Island,2023-10-30 00:00,2023-10-30 00:00,cashier,12.07
"Nichols, Mitchell","Johnston, William",mitchell.nichols@abcfoodmart.com,2022-09-30,ABC Foodmart - Whitestone,2023-01-09 00:00,2023-01-09 00:00,dry goods,18.79
"Gross, Andrew","Compton, Jeffrey",andrew.gross@abcfoodmart.com,2022-04-30,ABC Foodmart - Whitestone,2022-07-27 00:00,2022-07-27 00:00,pharmacy,12.20
"Atkinson, Gary","Waller, Chad",gary.atkinson@abcfoodmart.com,2022-05-24,ABC Foodmart - Bay Ridge,2022-09-25 00:00,2022-09-25 00:00,customer service,15.38
"Payne, Samantha","Williams, Gina",samantha.payne@abcfoodmart.com,2024-04-06,ABC Foodmart - Whitestone,2024-07-21 00:00,2024-07-21 00:00,meats,15.16
"Moon, James","Farrell, Christopher",james.moon@abcfoodmart.com,2023-10-20,ABC Foodmart - Staten Island,2023-11-29 00:00,2023-11-29 00:00,customer service,15.98
"Tate, Harry","Carter, Karen",harry.tate@abcfoodmart.com,2022-09-18,ABC Foodmart - Staten Island,2023-03-14 00:00,2023-03-14 00:00,dry goods,17.15
"Harrell, Angie","Farrell, Christopher",angie.harrell@abcfoodmart.com,2023-06-01,ABC Foodmart - Tribeca,2023-10-08 00:00,2023-10-08 00:00,meats,18.50
"Mckenzie, William","Johnston, William",william.mckenzie@abcfoodmart.com,2023-01-04,ABC Foodmart - DUMBO,2023-05-07 00:00,2023-05-07 00:00,bakery,12.80
"Campbell, Brittany","Compton, Jeffrey",brittany.campbell@abcfoodmart.com,2023-03-25,ABC Foodmart - Tribeca,2023-09-21 00:00,2023-09-21 00:00,seafood,16.24
"Mckenzie, William","Carter, Karen",william.mckenzie@abcfoodmart.com,2023-01-04,ABC Foodmart - Tribeca,2023-05-29 00:00,2023-05-29 00:00,meats,16.33
"Walls, Kristen","Cooper, Robert",kristen.walls@abcfoodmart.com,2023-02-10,ABC Foodmart - Staten Island,2023-06-24 00:00,2023-06-24 00:00,floral,12.65
"Moon, James","Johnston, William",james.moon@abcfoodmart.com,2023-10-20,ABC Foodmart - DUMBO,2023-12-02 00:00,2023-12-02 00:00,dairy,16.88
"Hull, Shane","Williams, Gina",shane.hull@abcfoodmart.com,2024-01-09,ABC Foodmart - Bay Ridge,2024-02-12 00:00,2024-02-12 00:00,fresh produce,17.27
"Brooks, Renee","Carter, Karen",renee.brooks@abcfoodmart.com,2023-07-15,ABC Foodmart - Staten Island,2024-01-15 00:00,2024-01-15 00:00,customer service,17.32
"Jones, Michael","Hoffman, Tina",michael.jones@abcfoodmart.com,2023-01-19,ABC Foodmart - DUMBO,2023-02-14 00:00,2023-02-14 00:00,customer service,17.57
"Mckenzie, William","Carter, Karen",william.mckenzie@abcfoodmart.com,2023-01-04,ABC Foodmart - DUMBO,2023-06-15 00:00,2023-06-15 00:00,pharmacy,16.01
"Smith, Diana","Hoffman, Tina",diana.smith@abcfoodmart.com,2023-05-31,ABC Foodmart - Staten Island,2023-08-15 00:00,2023-08-15 00:00,pharmacy,18.80
"Vasquez, Peter","Carter, Karen",peter.vasquez@abcfoodmart.com,2023-01-05,ABC Foodmart - Bay Ridge,2023-03-26 00:00,2023-03-26 00:00,deli,19.26
"Waters, Julie","Carter, Karen",julie.waters@abcfoodmart.com,2023-05-20,ABC Foodmart - Tribeca,2023-10-06 00:00,2023-10-06 00:00,customer service,14.98
"Spears, Erin","Compton, Jeffrey",erin.spears@abcfoodmart.com,2023-07-30,ABC Foodmart - DUMBO,2023-12-17 00:00,2023-12-17 00:00,dry goods,18.02
"Johnson, Samantha","Williams, Gina",samantha.johnson@abcfoodmart.com,2023-01-16,ABC Foodmart - Tribeca,2023-06-14 00:00,2023-06-14 00:00,customer service,15.01
"Conrad, Frederick","Compton, Jeffrey",frederick.conrad@abcfoodmart.com,2023-11-24,ABC Foodmart - Staten Island,2024-05-03 00:00,2024-05-03 00:00,bakery,18.00
"Nichols, Mitchell","Waller, Chad",mitchell.nichols@abcfoodmart.com,2022-09-30,ABC Foodmart - Staten Island,2023-01-20 00:00,2023-01-20 00:00,deli,13.70
"Wood, Joshua","Ellis, Grant",joshua.wood@abcfoodmart.com,2022-11-26,ABC Foodmart - Bay Ridge,2023-02-24 00:00,2023-02-24 00:00,fresh produce,12.38
"Werner, Kara","Moran, John",kara.werner@abcfoodmart.com,2023-10-12,ABC Foodmart - Tribeca,2024-01-02 00:00,2024-01-02 00:00,floral,16.99
"Harrell, Angie","Flores, Angela",angie.harrell@abcfoodmart.com,2023-06-01,ABC Foodmart - Tribeca,2023-10-31 00:00,2023-10-31 00:00,bakery,15.38
"Wells, Monica","Hoffman, Tina",monica.wells@abcfoodmart.com,2024-03-12,ABC Foodmart - Tribeca,2024-06-18 00:00,2024-06-18 00:00,fresh produce,13.12
"Martin, Monica","Flores, Angela",monica.martin@abcfoodmart.com,2023-11-23,ABC Foodmart - Bay Ridge,2024-03-27 00:00,2024-03-27 00:00,cashier,17.63
"Sosa, David","David, Mr.",david.sosa@abcfoodmart.com,2023-07-27,ABC Foodmart - DUMBO,2023-10-23 00:00,2023-10-23 00:00,dry goods,14.01
"Spears, Erin","Williams, Gina",erin.spears@abcfoodmart.com,2023-07-30,ABC Foodmart - Tribeca,2024-01-10 00:00,2024-01-10 00:00,fresh produce,17.63
"Conrad, Frederick","Flores, Angela",frederick.conrad@abcfoodmart.com,2023-11-24,ABC Foodmart - Whitestone,2024-05-24 00:00,2024-05-24 00:00,meats,18.35
"Jones, Michael","Farrell, Christopher",michael.jones@abcfoodmart.com,2023-01-19,ABC Foodmart - Whitestone,2023-02-16 00:00,2023-02-16 00:00,fresh produce,17.54
"Rogers, Mark","Compton, Jeffrey",mark.rogers@abcfoodmart.com,2023-05-08,ABC Foodmart - Bay Ridge,2023-08-03 00:00,2023-08-03 00:00,dairy,16.34
"Carroll, Eric","David, Mr.",eric.carroll@abcfoodmart.com,2022-12-26,ABC Foodmart - DUMBO,2023-06-12 00:00,2023-06-12 00:00,frozen foods,17.25
"Jones, Evelyn","Ellis, Grant",evelyn.jones@abcfoodmart.com,2024-02-25,ABC Foodmart - Bay Ridge,2024-03-31 00:00,2024-03-31 00:00,cashier,18.77
"Shah, Amanda","Farrell, Christopher",amanda.shah@abcfoodmart.com,2023-10-07,ABC Foodmart - Bay Ridge,2023-12-13 00:00,2023-12-13 00:00,fresh produce,19.41
"Herrera, Spencer","Hoffman, Tina",spencer.herrera@abcfoodmart.com,2023-01-16,ABC Foodmart - Whitestone,2023-03-06 00:00,2023-03-06 00:00,customer service,15.70
"Terri, Mrs.","Hoffman, Tina",mrs..terri@abcfoodmart.com,2022-09-23,ABC Foodmart - Bay Ridge,2023-02-11 00:00,2023-02-11 00:00,deli,18.56
"Spears, Erin","Carter, Karen",erin.spears@abcfoodmart.com,2023-07-30,ABC Foodmart - Tribeca,2024-01-31 00:00,2024-01-31 00:00,meats,12.20
"Kerr, Jason","Ellis, Grant",jason.kerr@abcfoodmart.com,2022-11-21,ABC Foodmart - Bay Ridge,2023-03-03 00:00,2023-03-03 00:00,fresh produce,17.59
"Perry, Andrea","Compton, Jeffrey",andrea.perry@abcfoodmart.com,2023-05-05,ABC Foodmart - Staten Island,2023-09-24 00:00,2023-09-24 00:00,dairy,17.05
"Terri, Mrs.","Farrell, Christopher",mrs..terri@abcfoodmart.com,2022-09-23,ABC Foodmart - Tribeca,2023-03-06 00:00,2023-03-06 00:00,meats,18.23
"Glover, Michelle","Farrell, Christopher",michelle.glover@abcfoodmart.com,2022-08-25,ABC Foodmart - Bay Ridge,2022-11-24 00:00,2022-11-24 00:00,meats,16.05
"Moyer, Steven","Carter, Karen",steven.moyer@abcfoodmart.com,2022-12-26,ABC Foodmart - Bay Ridge,2023-02-01 00:00,2023-02-01 00:00,cashier,19.42
"Bryan, Mr.","Farrell, Christopher",mr..bryan@abcfoodmart.com,2023-08-26,ABC Foodmart - Whitestone,2023-12-17 00:00,2023-12-17 00:00,fresh produce,12.65
"Jordan, Carla","Waller, Chad",carla.jordan@abcfoodmart.com,2023-12-17,ABC Foodmart - Tribeca,2024-02-12 00:00,2024-02-12 00:00,fresh produce,13.09
"Hughes, Christopher","Farrell, Christopher",christopher.hughes@abcfoodmart.com,2022-09-01,ABC Foodmart - DUMBO,2023-02-07 00:00,2023-02-07 00:00,deli,16.72
"Jordan, Carla","Farrell, Christopher",carla.jordan@abcfoodmart.com,2023-12-17,ABC Foodmart - Tribeca,2024-02-13 00:00,2024-02-13 00:00,meats,12.09
"Johnson, Samantha","Hoffman, Tina",samantha.johnson@abcfoodmart.com,2023-01-16,ABC Foodmart - Staten Island,2023-07-12 00:00,2023-07-12 00:00,bakery,16.46
"Love, Thomas","Johnston, William",thomas.love@abcfoodmart.com,2024-02-18,ABC Foodmart - Tribeca,2024-06-20 00:00,2024-06-20 00:00,seafood,13.62
"Smith, Brandy","David, Mr.",brandy.smith@abcfoodmart.com,2023-12-26,ABC Foodmart - Bay Ridge,2024-04-29 00:00,2024-04-29 00:00,fresh produce,14.77
"Jordan, Carla","Farrell, Christopher",carla.jordan@abcfoodmart.com,2023-12-17,ABC Foodmart - Tribeca,2024-03-10 00:00,2024-03-10 00:00,cashier,19.65
"Woods, Marcus","Johnston, William",marcus.woods@abcfoodmart.com,2024-04-01,ABC Foodmart - Staten Island,2024-06-30 00:00,2024-06-30 00:00,meats,12.98
"Manning, Maria","Cooper, Robert",maria.manning@abcfoodmart.com,2022-11-16,ABC Foodmart - Tribeca,2023-02-09 00:00,2023-02-09 00:00,deli,17.58
"Jessica, Ms.","Cooper, Robert",ms..jessica@abcfoodmart.com,2022-06-10,ABC Foodmart - Whitestone,2022-09-16 00:00,2022-09-16 00:00,bakery,18.85
"Brown, Lisa","Moran, John",lisa.brown@abcfoodmart.com,2022-08-18,ABC Foodmart - DUMBO,2022-12-09 00:00,2022-12-09 00:00,deli,13.83
"Torres, Steven","Hoffman, Tina",steven.torres@abcfoodmart.com,2023-05-10,ABC Foodmart - Whitestone,2023-07-06 00:00,2023-07-06 00:00,seafood,14.62
"Pena, Johnathan","Compton, Jeffrey",johnathan.pena@abcfoodmart.com,2023-02-22,ABC Foodmart - Whitestone,2023-06-03 00:00,2023-06-03 00:00,pharmacy,18.84
"White, Kenneth","Carter, Karen",kenneth.white@abcfoodmart.com,2023-01-22,ABC Foodmart - Whitestone,2023-07-14 00:00,2023-07-14 00:00,seafood,17.07
"Hernandez, Michael","Farrell, Christopher",michael.hernandez@abcfoodmart.com,2022-05-24,ABC Foodmart - Staten Island,2022-11-10 00:00,2022-11-10 00:00,cashier,18.42
"Moore, Jason","Johnston, William",jason.moore@abcfoodmart.com,2023-07-11,ABC Foodmart - Tribeca,2023-10-23 00:00,2023-10-23 00:00,bakery,12.22
"Campbell, Brittany","Williams, Gina",brittany.campbell@abcfoodmart.com,2023-03-25,ABC Foodmart - Tribeca,2023-10-09 00:00,2023-10-09 00:00,seafood,19.91
"Alvarez, Brenda","Compton, Jeffrey",brenda.alvarez@abcfoodmart.com,2023-11-16,ABC Foodmart - Staten Island,2024-02-03 00:00,2024-02-03 00:00,floral,18.49
"Galvan, Lori","Flores, Angela",lori.galvan@abcfoodmart.com,2022-05-24,ABC Foodmart - Whitestone,2022-09-10 00:00,2022-09-10 00:00,dairy,13.94
"Vasquez, Peter","David, Mr.",peter.vasquez@abcfoodmart.com,2023-01-05,ABC Foodmart - Staten Island,2023-04-05 00:00,2023-04-05 00:00,frozen foods,13.28
"Mckenzie, William","Waller, Chad",william.mckenzie@abcfoodmart.com,2023-01-04,ABC Foodmart - DUMBO,2023-06-22 00:00,2023-06-22 00:00,bakery,15.66
"Thomas, Robert","Cooper, Robert",robert.thomas@abcfoodmart.com,2022-05-18,ABC Foodmart - Staten Island,2022-07-19 00:00,2022-07-19 00:00,cashier,16.00
"Jones, Michael","Hoffman, Tina",michael.jones@abcfoodmart.com,2023-01-19,ABC Foodmart - Whitestone,2023-02-21 00:00,2023-02-21 00:00,seafood,16.42
"Jones, Evelyn","Farrell, Christopher",evelyn.jones@abcfoodmart.com,2024-02-25,ABC Foodmart - Bay Ridge,2024-04-27 00:00,2024-04-27 00:00,floral,14.87
"Smith, Diana","Hoffman, Tina",diana.smith@abcfoodmart.com,2023-05-31,ABC Foodmart - DUMBO,2023-09-05 00:00,2023-09-05 00:00,deli,19.64
"Jackson, Michael","Moran, John",michael.jackson@abcfoodmart.com,2022-10-31,ABC Foodmart - Staten Island,2023-02-04 00:00,2023-02-04 00:00,bakery,15.70
"Jones, Christopher","Farrell, Christopher",christopher.jones@abcfoodmart.com,2022-05-19,ABC Foodmart - Whitestone,2022-10-22 00:00,2022-10-22 00:00,fresh produce,16.63
"Blanchard, Ricky","Moran, John",ricky.blanchard@abcfoodmart.com,2023-05-23,ABC Foodmart - Whitestone,2023-07-07 00:00,2023-07-07 00:00,dry goods,14.43
"Foster, Jennifer","Waller, Chad",jennifer.foster@abcfoodmart.com,2023-06-15,ABC Foodmart - Bay Ridge,2023-11-14 00:00,2023-11-14 00:00,dry goods,14.31
"Jordan, Carla","David, Mr.",carla.jordan@abcfoodmart.com,2023-12-17,ABC Foodmart - Staten Island,2024-03-20 00:00,2024-03-20 00:00,dairy,16.46
"Owens, Jeffrey","Ellis, Grant",jeffrey.owens@abcfoodmart.com,2022-05-03,ABC Foodmart - DUMBO,2022-06-29 00:00,2022-06-29 00:00,meats,19.79
"White, Kenneth","Farrell, Christopher",kenneth.white@abcfoodmart.com,2023-01-22,ABC Foodmart - Whitestone,2023-07-30 00:00,2023-07-30 00:00,dry goods,12.80
"Jones, Evelyn","Ellis, Grant",evelyn.jones@abcfoodmart.com,2024-02-25,ABC Foodmart - DUMBO,2024-05-15 00:00,2024-05-15 00:00,deli,14.99
"Warren, Timothy","Johnston, William",timothy.warren@abcfoodmart.com,2022-12-27,ABC Foodmart - DUMBO,2023-03-25 00:00,2023-03-25 00:00,cashier,12.83
"Frederick, Evan","Moran, John",evan.frederick@abcfoodmart.com,2023-02-24,ABC Foodmart - Whitestone,2023-05-05 00:00,2023-05-05 00:00,customer service,15.63
"Herrera, Spencer","Williams, Gina",spencer.herrera@abcfoodmart.com,2023-01-16,ABC Foodmart - DUMBO,2023-03-30 00:00,2023-03-30 00:00,dairy,19.28
"Williams, Michael","David, Mr.",michael.williams@abcfoodmart.com,2023-06-11,ABC Foodmart - DUMBO,2023-08-24 00:00,2023-08-24 00:00,deli,19.69
"Bennett, Alec","Waller, Chad",alec.bennett@abcfoodmart.com,2023-10-03,ABC Foodmart - Bay Ridge,2023-12-22 00:00,2023-12-22 00:00,dry goods,14.41
"Spears, Erin","Johnston, William",erin.spears@abcfoodmart.com,2023-07-30,ABC Foodmart - Staten Island,2024-02-09 00:00,2024-02-09 00:00,dairy,14.26
"Smith, Diana","Cooper, Robert",diana.smith@abcfoodmart.com,2023-05-31,ABC Foodmart - Bay Ridge,2023-09-11 00:00,2023-09-11 00:00,customer service,19.51
"Brown, Lisa","Johnston, William",lisa.brown@abcfoodmart.com,2022-08-18,ABC Foodmart - Tribeca,2023-01-04 00:00,2023-01-04 00:00,meats,18.88
"Thompson, Matthew","Waller, Chad",matthew.thompson@abcfoodmart.com,2022-04-22,ABC Foodmart - Tribeca,2022-06-23 00:00,2022-06-23 00:00,deli,14.70
"Williams, Michael","Cooper, Robert",michael.williams@abcfoodmart.com,2023-06-11,ABC Foodmart - Whitestone,2023-09-14 00:00,2023-09-14 00:00,pharmacy,19.09
"Harrell, Angie","Moran, John",angie.harrell@abcfoodmart.com,2023-06-01,ABC Foodmart - DUMBO,2023-11-29 00:00,2023-11-29 00:00,dairy,14.77
"Hughes, Christopher","Waller, Chad",christopher.hughes@abcfoodmart.com,2022-09-01,ABC Foodmart - Bay Ridge,2023-03-06 00:00,2023-03-06 00:00,bakery,13.59
"Foster, Jennifer","David, Mr.",jennifer.foster@abcfoodmart.com,2023-06-15,ABC Foodmart - Tribeca,2023-12-05 00:00,2023-12-05 00:00,customer service,16.40
"Garcia, Sarah","Flores, Angela",sarah.garcia@abcfoodmart.com,2022-12-14,ABC Foodmart - DUMBO,2023-05-30 00:00,2023-05-30 00:00,meats,13.43
"Gardner, Laura","David, Mr.",laura.gardner@abcfoodmart.com,2023-09-04,ABC Foodmart - Bay Ridge,2023-11-18 00:00,2023-11-18 00:00,fresh produce,17.65
"Shah, Amanda","Carter, Karen",amanda.shah@abcfoodmart.com,2023-10-07,ABC Foodmart - Staten Island,2024-01-09 00:00,2024-01-09 00:00,customer service,19.66
"Nichols, Brandon","Johnston, William",brandon.nichols@abcfoodmart.com,2024-02-28,ABC Foodmart - Bay Ridge,2024-07-13 00:00,2024-07-13 00:00,meats,13.46
"Alvarez, Brenda","Flores, Angela",brenda.alvarez@abcfoodmart.com,2023-11-16,ABC Foodmart - DUMBO,2024-02-17 00:00,2024-02-17 00:00,deli,12.63
"Wells, Monica","Williams, Gina",monica.wells@abcfoodmart.com,2024-03-12,ABC Foodmart - Whitestone,2024-06-20 00:00,2024-06-20 00:00,meats,18.06
"Werner, Kara","Moran, John",kara.werner@abcfoodmart.com,2023-10-12,ABC Foodmart - Bay Ridge,2024-01-17 00:00,2024-01-17 00:00,dry goods,13.12
"Durham, Denise","Moran, John",denise.durham@abcfoodmart.com,2022-10-24,ABC Foodmart - DUMBO,2023-03-07 00:00,2023-03-07 00:00,dairy,17.17
"Moon, James","Carter, Karen",james.moon@abcfoodmart.com,2023-10-20,ABC Foodmart - Staten Island,2023-12-21 00:00,2023-12-21 00:00,customer service,16.46
"Henderson, Nancy","Hoffman, Tina",nancy.henderson@abcfoodmart.com,2023-12-30,ABC Foodmart - Whitestone,2024-04-06 00:00,2024-04-06 00:00,meats,14.14
"Long, Kirsten","Johnston, William",kirsten.long@abcfoodmart.com,2024-02-24,ABC Foodmart - Staten Island,2024-06-01 00:00,2024-06-01 00:00,dry goods,19.27
"Sean, Mr.","Williams, Gina",mr..sean@abcfoodmart.com,2023-03-25,ABC Foodmart - Bay Ridge,2023-07-04 00:00,2023-07-04 00:00,cashier,14.85
"Brooks, Renee","Compton, Jeffrey",renee.brooks@abcfoodmart.com,2023-07-15,ABC Foodmart - DUMBO,2024-02-12 00:00,2024-02-12 00:00,pharmacy,15.92
"Mckinney, Marcus","Carter, Karen",marcus.mckinney@abcfoodmart.com,2022-08-14,ABC Foodmart - Tribeca,2023-02-10 00:00,2023-02-10 00:00,dairy,12.64
"Sean, Mr.","Moran, John",mr..sean@abcfoodmart.com,2023-03-25,ABC Foodmart - Staten Island,2023-07-29 00:00,2023-07-29 00:00,meats,17.97
"Glover, Michelle","Hoffman, Tina",michelle.glover@abcfoodmart.com,2022-08-25,ABC Foodmart - Staten Island,2022-12-08 00:00,2022-12-08 00:00,floral,15.15
"Jones, Michael","Johnston, William",michael.jones@abcfoodmart.com,2023-01-19,ABC Foodmart - Bay Ridge,2023-03-19 00:00,2023-03-19 00:00,bakery,13.55
"Wood, Joshua","Compton, Jeffrey",joshua.wood@abcfoodmart.com,2022-11-26,ABC Foodmart - Bay Ridge,2023-03-16 00:00,2023-03-16 00:00,meats,12.43
"Brown, Lisa","Waller, Chad",lisa.brown@abcfoodmart.com,2022-08-18,ABC Foodmart - Whitestone,2023-02-01 00:00,2023-02-01 00:00,dairy,15.04
"Jessica, Ms.","Compton, Jeffrey",ms..jessica@abcfoodmart.com,2022-06-10,ABC Foodmart - Bay Ridge,2022-09-20 00:00,2022-09-20 00:00,bakery,19.50
"Conrad, Frederick","Johnston, William",frederick.conrad@abcfoodmart.com,2023-11-24,ABC Foodmart - Staten Island,2024-06-01 00:00,2024-06-01 00:00,dairy,18.38
"Roach, Christine","Farrell, Christopher",christine.roach@abcfoodmart.com,2023-10-15,ABC Foodmart - Whitestone,2024-02-11 00:00,2024-02-11 00:00,frozen foods,18.71
"Meyer, James","Cooper, Robert",james.meyer@abcfoodmart.com,2022-05-02,ABC Foodmart - DUMBO,2022-08-03 00:00,2022-08-03 00:00,floral,12.50
"Atkinson, Gary","Johnston, William",gary.atkinson@abcfoodmart.com,2022-05-24,ABC Foodmart - Staten Island,2022-09-30 00:00,2022-09-30 00:00,bakery,16.74
"Pena, Johnathan","Johnston, William",johnathan.pena@abcfoodmart.com,2023-02-22,ABC Foodmart - DUMBO,2023-06-30 00:00,2023-06-30 00:00,cashier,12.44
"Foster, Kenneth","Cooper, Robert",kenneth.foster@abcfoodmart.com,2023-04-23,ABC Foodmart - Bay Ridge,2023-08-21 00:00,2023-08-21 00:00,dry goods,15.29
"Nguyen, Richard","Waller, Chad",richard.nguyen@abcfoodmart.com,2022-09-27,ABC Foodmart - Staten Island,2023-02-14 00:00,2023-02-14 00:00,bakery,17.79
"Harrell, Angie","Hoffman, Tina",angie.harrell@abcfoodmart.com,2023-06-01,ABC Foodmart - Tribeca,2023-12-24 00:00,2023-12-24 00:00,meats,19.26
"Chen, Kathleen","David, Mr.",kathleen.chen@abcfoodmart.com,2024-02-03,ABC Foodmart - Bay Ridge,2024-04-10 00:00,2024-04-10 00:00,dry goods,14.20
"Thomas, Robert","Ellis, Grant",robert.thomas@abcfoodmart.com,2022-05-18,ABC Foodmart - Whitestone,2022-07-26 00:00,2022-07-26 00:00,fresh produce,19.51
"Owens, Jeffrey","Carter, Karen",jeffrey.owens@abcfoodmart.com,2022-05-03,ABC Foodmart - Staten Island,2022-07-03 00:00,2022-07-03 00:00,dairy,17.48
"Rogers, Mark","Williams, Gina",mark.rogers@abcfoodmart.com,2023-05-08,ABC Foodmart - Staten Island,2023-08-11 00:00,2023-08-11 00:00,dry goods,16.11
"Pena, Johnathan","Johnston, William",johnathan.pena@abcfoodmart.com,2023-02-22,ABC Foodmart - Bay Ridge,2023-07-12 00:00,2023-07-12 00:00,customer service,19.71
"Payne, Samantha","Moran, John",samantha.payne@abcfoodmart.com,2024-04-06,ABC Foodmart - Bay Ridge,2024-08-02 00:00,2024-08-02 00:00,meats,19.44
"Atkinson, Gary","Hoffman, Tina",gary.atkinson@abcfoodmart.com,2022-05-24,ABC Foodmart - Bay Ridge,2022-10-02 00:00,2022-10-02 00:00,seafood,14.79
"Bryan, Mr.","Cooper, Robert",mr..bryan@abcfoodmart.com,2023-08-26,ABC Foodmart - Bay Ridge,2024-01-12 00:00,2024-01-12 00:00,frozen foods,19.05
"Gross, Andrew","Flores, Angela",andrew.gross@abcfoodmart.com,2022-04-30,ABC Foodmart - Whitestone,2022-08-10 00:00,2022-08-10 00:00,dairy,13.90
"Alvarez, Brenda","Cooper, Robert",brenda.alvarez@abcfoodmart.com,2023-11-16,ABC Foodmart - Bay Ridge,2024-03-17 00:00,2024-03-17 00:00,bakery,12.41
"Sosa, David","Waller, Chad",david.sosa@abcfoodmart.com,2023-07-27,ABC Foodmart - Staten Island,2023-10-29 00:00,2023-10-29 00:00,seafood,17.01
"Smith, Brandy","Hoffman, Tina",brandy.smith@abcfoodmart.com,2023-12-26,ABC Foodmart - Staten Island,2024-05-14 00:00,2024-05-14 00:00,customer service,18.50
"Warren, Timothy","Hoffman, Tina",timothy.warren@abcfoodmart.com,2022-12-27,ABC Foodmart - Tribeca,2023-04-18 00:00,2023-04-18 00:00,floral,15.35
"Spears, Erin","Hoffman, Tina",erin.spears@abcfoodmart.com,2023-07-30,ABC Foodmart - DUMBO,2024-02-20 00:00,2024-02-20 00:00,pharmacy,16.93
"Atkinson, Gary","Williams, Gina",gary.atkinson@abcfoodmart.com,2022-05-24,ABC Foodmart - Bay Ridge,2022-10-23 00:00,2022-10-23 00:00,cashier,18.05
"Perry, Andrea","Moran, John",andrea.perry@abcfoodmart.com,2023-05-05,ABC Foodmart - Staten Island,2023-10-01 00:00,2023-10-01 00:00,frozen foods,12.33
"Mckinney, Marcus","Compton, Jeffrey",marcus.mckinney@abcfoodmart.com,2022-08-14,ABC Foodmart - Whitestone,2023-03-08 00:00,2023-03-08 00:00,bakery,19.75
"Warren, Timothy","Williams, Gina",timothy.warren@abcfoodmart.com,2022-12-27,ABC Foodmart - DUMBO,2023-05-02 00:00,2023-05-02 00:00,meats,19.76
"Smith, Brandy","Johnston, William",brandy.smith@abcfoodmart.com,2023-12-26,ABC Foodmart - Staten Island,2024-06-05 00:00,2024-06-05 00:00,seafood,17.07
"Jackson, Gary","Ellis, Grant",gary.jackson@abcfoodmart.com,2022-09-08,ABC Foodmart - Staten Island,2022-10-05 00:00,2022-10-05 00:00,customer service,19.89
"Riley, Ashley","Compton, Jeffrey",ashley.riley@abcfoodmart.com,2022-08-17,ABC Foodmart - Staten Island,2023-01-08 00:00,2023-01-08 00:00,pharmacy,17.37
"Jones, Christopher","Waller, Chad",christopher.jones@abcfoodmart.com,2022-05-19,ABC Foodmart - Staten Island,2022-10-30 00:00,2022-10-30 00:00,dry goods,15.76
"Martin, Monica","Waller, Chad",monica.martin@abcfoodmart.com,2023-11-23,ABC Foodmart - Tribeca,2024-04-16 00:00,2024-04-16 00:00,seafood,13.82
"Smith, Diana","Williams, Gina",diana.smith@abcfoodmart.com,2023-05-31,ABC Foodmart - DUMBO,2023-09-22 00:00,2023-09-22 00:00,deli,15.14
"Manning, Maria","Moran, John",maria.manning@abcfoodmart.com,2022-11-16,ABC Foodmart - Staten Island,2023-02-21 00:00,2023-02-21 00:00,pharmacy,14.49
"Golden, Laurie","Compton, Jeffrey",laurie.golden@abcfoodmart.com,2023-12-23,ABC Foodmart - Tribeca,2024-02-25 00:00,2024-02-25 00:00,cashier,14.60
"Wood, Joshua","Hoffman, Tina",joshua.wood@abcfoodmart.com,2022-11-26,ABC Foodmart - Tribeca,2023-03-19 00:00,2023-03-19 00:00,fresh produce,13.92
"Randolph, Emily","Compton, Jeffrey",emily.randolph@abcfoodmart.com,2023-03-09,ABC Foodmart - Bay Ridge,2023-08-22 00:00,2023-08-22 00:00,fresh produce,13.00
"Roach, Christine","Compton, Jeffrey",christine.roach@abcfoodmart.com,2023-10-15,ABC Foodmart - Whitestone,2024-03-05 00:00,2024-03-05 00:00,floral,18.17
"Conrad, Frederick","Flores, Angela",frederick.conrad@abcfoodmart.com,2023-11-24,ABC Foodmart - Staten Island,2024-06-18 00:00,2024-06-18 00:00,customer service,14.70
"Colon, Lindsey","Farrell, Christopher",lindsey.colon@abcfoodmart.com,2023-02-16,ABC Foodmart - Tribeca,2023-06-08 00:00,2023-06-08 00:00,pharmacy,12.11
"Wilson, Jill","Hoffman, Tina",jill.wilson@abcfoodmart.com,2022-12-06,ABC Foodmart - Tribeca,2023-06-30 00:00,2023-06-30 00:00,frozen foods,17.62
"Perry, Andrea","Moran, John",andrea.perry@abcfoodmart.com,2023-05-05,ABC Foodmart - Tribeca,2023-10-23 00:00,2023-10-23 00:00,dairy,13.46
"Perry, Andrea","Hoffman, Tina",andrea.perry@abcfoodmart.com,2023-05-05,ABC Foodmart - Bay Ridge,2023-11-05 00:00,2023-11-05 00:00,dry goods,12.18
"Tate, Harry","Williams, Gina",harry.tate@abcfoodmart.com,2022-09-18,ABC Foodmart - DUMBO,2023-03-15 00:00,2023-03-15 00:00,floral,15.08
"Jones, Michael","David, Mr.",michael.jones@abcfoodmart.com,2023-01-19,ABC Foodmart - Tribeca,2023-04-14 00:00,2023-04-14 00:00,pharmacy,16.11
"Terri, Mrs.","Johnston, William",mrs..terri@abcfoodmart.com,2022-09-23,ABC Foodmart - Bay Ridge,2023-03-10 00:00,2023-03-10 00:00,bakery,14.23
"Mckenzie, William","Farrell, Christopher",william.mckenzie@abcfoodmart.com,2023-01-04,ABC Foodmart - DUMBO,2023-07-05 00:00,2023-07-05 00:00,frozen foods,14.64
"Kramer, Veronica","Williams, Gina",veronica.kramer@abcfoodmart.com,2023-03-28,ABC Foodmart - Bay Ridge,2023-07-02 00:00,2023-07-02 00:00,seafood,12.87
"Martin, Monica","Hoffman, Tina",monica.martin@abcfoodmart.com,2023-11-23,ABC Foodmart - Staten Island,2024-05-09 00:00,2024-05-09 00:00,pharmacy,18.11
"Gross, Andrew","Cooper, Robert",andrew.gross@abcfoodmart.com,2022-04-30,ABC Foodmart - Whitestone,2022-08-29 00:00,2022-08-29 00:00,dry goods,19.30
"Walls, Kristen","Moran, John",kristen.walls@abcfoodmart.com,2023-02-10,ABC Foodmart - Staten Island,2023-06-26 00:00,2023-06-26 00:00,deli,12.71
"Meyer, James","Moran, John",james.meyer@abcfoodmart.com,2022-05-02,ABC Foodmart - Whitestone,2022-08-28 00:00,2022-08-28 00:00,deli,17.24
"Thomas, Robert","Johnston, William",robert.thomas@abcfoodmart.com,2022-05-18,ABC Foodmart - Bay Ridge,2022-08-07 00:00,2022-08-07 00:00,cashier,12.27
"Foster, Jennifer","Moran, John",jennifer.foster@abcfoodmart.com,2023-06-15,ABC Foodmart - Whitestone,2023-12-10 00:00,2023-12-10 00:00,dairy,16.37
"Gross, Andrew","Compton, Jeffrey",andrew.gross@abcfoodmart.com,2022-04-30,ABC Foodmart - Bay Ridge,2022-09-25 00:00,2022-09-25 00:00,customer service,19.71
"Mckinney, Marcus","Ellis, Grant",marcus.mckinney@abcfoodmart.com,2022-08-14,ABC Foodmart - Tribeca,2023-03-16 00:00,2023-03-16 00:00,deli,17.96
"Thompson, Andrea","Compton, Jeffrey",andrea.thompson@abcfoodmart.com,2023-01-06,ABC Foodmart - Whitestone,2023-03-20 00:00,2023-03-20 00:00,bakery,17.14
"Wilson, Jill","Carter, Karen",jill.wilson@abcfoodmart.com,2022-12-06,ABC Foodmart - DUMBO,2023-07-10 00:00,2023-07-10 00:00,deli,18.64
"Perry, Andrea","Compton, Jeffrey",andrea.perry@abcfoodmart.com,2023-05-05,ABC Foodmart - Bay Ridge,2023-11-22 00:00,2023-11-22 00:00,dry goods,16.74
"Hayes, Brandon","Flores, Angela",brandon.hayes@abcfoodmart.com,2022-09-28,ABC Foodmart - Whitestone,2022-11-28 00:00,2022-11-28 00:00,cashier,18.77
"Sosa, David","Cooper, Robert",david.sosa@abcfoodmart.com,2023-07-27,ABC Foodmart - Whitestone,2023-11-09 00:00,2023-11-09 00:00,fresh produce,17.43
"Hull, Shane","Waller, Chad",shane.hull@abcfoodmart.com,2024-01-09,ABC Foodmart - Tribeca,2024-02-19 00:00,2024-02-19 00:00,frozen foods,13.51
"Bryan, Mr.","David, Mr.",mr..bryan@abcfoodmart.com,2023-08-26,ABC Foodmart - Tribeca,2024-02-05 00:00,2024-02-05 00:00,fresh produce,12.41
"Jones, Evelyn","Williams, Gina",evelyn.jones@abcfoodmart.com,2024-02-25,ABC Foodmart - Tribeca,2024-05-24 00:00,2024-05-24 00:00,seafood,14.04
"Waters, Julie","David, Mr.",julie.waters@abcfoodmart.com,2023-05-20,ABC Foodmart - Staten Island,2023-10-11 00:00,2023-10-11 00:00,deli,15.82
"Warren, Timothy","Carter, Karen",timothy.warren@abcfoodmart.com,2022-12-27,ABC Foodmart - Whitestone,2023-05-25 00:00,2023-05-25 00:00,customer service,16.93
"Horton, Mark","Farrell, Christopher",mark.horton@abcfoodmart.com,2023-02-14,ABC Foodmart - Tribeca,2023-04-12 00:00,2023-04-12 00:00,meats,19.01
"Roach, Christine","Cooper, Robert",christine.roach@abcfoodmart.com,2023-10-15,ABC Foodmart - Staten Island,2024-03-31 00:00,2024-03-31 00:00,meats,19.54
"Long, Kirsten","Moran, John",kirsten.long@abcfoodmart.com,2024-02-24,ABC Foodmart - Bay Ridge,2024-06-03 00:00,2024-06-03 00:00,pharmacy,18.79
"Terri, Mrs.","Hoffman, Tina",mrs..terri@abcfoodmart.com,2022-09-23,ABC Foodmart - Whitestone,2023-03-21 00:00,2023-03-21 00:00,cashier,18.99
"Kerr, Jason","Moran, John",jason.kerr@abcfoodmart.com,2022-11-21,ABC Foodmart - Whitestone,2023-03-30 00:00,2023-03-30 00:00,meats,18.12
"Conrad, Frederick","Williams, Gina",frederick.conrad@abcfoodmart.com,2023-11-24,ABC Foodmart - Staten Island,2024-06-22 00:00,2024-06-22 00:00,deli,14.56
"Dodson, Courtney","Flores, Angela",courtney.dodson@abcfoodmart.com,2023-01-10,ABC Foodmart - DUMBO,2023-07-09 00:00,2023-07-09 00:00,pharmacy,19.40
"Waters, Julie","Williams, Gina",julie.waters@abcfoodmart.com,2023-05-20,ABC Foodmart - DUMBO,2023-10-13 00:00,2023-10-13 00:00,customer service,14.18
"Colon, Lindsey","Hoffman, Tina",lindsey.colon@abcfoodmart.com,2023-02-16,ABC Foodmart - Staten Island,2023-06-15 00:00,2023-06-15 00:00,seafood,17.35
"Owens, Jeffrey","Compton, Jeffrey",jeffrey.owens@abcfoodmart.com,2022-05-03,ABC Foodmart - DUMBO,2022-07-31 00:00,2022-07-31 00:00,dairy,18.34
"Hayes, Brandon","David, Mr.",brandon.hayes@abcfoodmart.com,2022-09-28,ABC Foodmart - Whitestone,2022-12-11 00:00,2022-12-11 00:00,customer service,19.00
"Nichols, Mitchell","Johnston, William",mitchell.nichols@abcfoodmart.com,2022-09-30,ABC Foodmart - Staten Island,2023-02-05 00:00,2023-02-05 00:00,pharmacy,18.09
"Williams, Michael","Moran, John",michael.williams@abcfoodmart.com,2023-06-11,ABC Foodmart - Staten Island,2023-10-03 00:00,2023-10-03 00:00,cashier,12.78
"Hernandez, Michael","David, Mr.",michael.hernandez@abcfoodmart.com,2022-05-24,ABC Foodmart - Whitestone,2022-11-16 00:00,2022-11-16 00:00,bakery,17.26
"Hayes, Brandon","Ellis, Grant",brandon.hayes@abcfoodmart.com,2022-09-28,ABC Foodmart - DUMBO,2023-01-07 00:00,2023-01-07 00:00,frozen foods,18.34
"Sosa, David","Carter, Karen",david.sosa@abcfoodmart.com,2023-07-27,ABC Foodmart - Whitestone,2023-11-12 00:00,2023-11-12 00:00,deli,19.10
"Bradley, Rita","Cooper, Robert",rita.bradley@abcfoodmart.com,2023-08-06,ABC Foodmart - Bay Ridge,2024-01-27 00:00,2024-01-27 00:00,meats,14.67
"Walters, Jay","Johnston, William",jay.walters@abcfoodmart.com,2023-12-17,ABC Foodmart - Whitestone,2024-07-22 00:00,2024-07-22 00:00,floral,17.92
"Shah, Amanda","Flores, Angela",amanda.shah@abcfoodmart.com,2023-10-07,ABC Foodmart - DUMBO,2024-01-17 00:00,2024-01-17 00:00,frozen foods,19.40
"Terri, Mrs.","Waller, Chad",mrs..terri@abcfoodmart.com,2022-09-23,ABC Foodmart - Whitestone,2023-03-24 00:00,2023-03-24 00:00,dairy,18.50
"Day, Natasha","Moran, John",natasha.day@abcfoodmart.com,2023-08-02,ABC Foodmart - DUMBO,2023-09-24 00:00,2023-09-24 00:00,dry goods,14.93
"White, Kenneth","Williams, Gina",kenneth.white@abcfoodmart.com,2023-01-22,ABC Foodmart - Tribeca,2023-08-20 00:00,2023-08-20 00:00,fresh produce,14.58
"Terri, Mrs.","Waller, Chad",mrs..terri@abcfoodmart.com,2022-09-23,ABC Foodmart - Tribeca,2023-04-13 00:00,2023-04-13 00:00,bakery,12.45
"Frederick, Evan","Compton, Jeffrey",evan.frederick@abcfoodmart.com,2023-02-24,ABC Foodmart - Bay Ridge,2023-05-12 00:00,2023-05-12 00:00,customer service,17.34
"Blanchard, Ricky","Johnston, William",ricky.blanchard@abcfoodmart.com,2023-05-23,ABC Foodmart - Staten Island,2023-07-23 00:00,2023-07-23 00:00,floral,15.25
"Sean, Mr.","Carter, Karen",mr..sean@abcfoodmart.com,2023-03-25,ABC Foodmart - Bay Ridge,2023-08-22 00:00,2023-08-22 00:00,seafood,15.79
"Herrera, Spencer","Flores, Angela",spencer.herrera@abcfoodmart.com,2023-01-16,ABC Foodmart - DUMBO,2023-04-01 00:00,2023-04-01 00:00,dairy,18.33
"Conrad, Frederick","Hoffman, Tina",frederick.conrad@abcfoodmart.com,2023-11-24,ABC Foodmart - Bay Ridge,2024-07-04 00:00,2024-07-04 00:00,cashier,17.78
"Jones, Evelyn","Cooper, Robert",evelyn.jones@abcfoodmart.com,2024-02-25,ABC Foodmart - Bay Ridge,2024-06-22 00:00,2024-06-22 00:00,pharmacy,12.39
"Payne, Samantha","Williams, Gina",samantha.payne@abcfoodmart.com,2024-04-06,ABC Foodmart - Staten Island,2024-08-06 00:00,2024-08-06 00:00,bakery,12.45
"Horton, Ashley","Cooper, Robert",ashley.horton@abcfoodmart.com,2024-01-24,ABC Foodmart - DUMBO,2024-06-05 00:00,2024-06-05 00:00,customer service,19.23
"Marquez, Jeffrey","Williams, Gina",jeffrey.marquez@abcfoodmart.com,2023-02-19,ABC Foodmart - Staten Island,2023-08-07 00:00,2023-08-07 00:00,dry goods,16.83
"Thomas, Robert","Compton, Jeffrey",robert.thomas@abcfoodmart.com,2022-05-18,ABC Foodmart - Staten Island,2022-08-11 00:00,2022-08-11 00:00,seafood,13.45
"Jones, Michael","Carter, Karen",michael.jones@abcfoodmart.com,2023-01-19,ABC Foodmart - Bay Ridge,2023-04-28 00:00,2023-04-28 00:00,dry goods,15.39
"Horton, Ashley","Flores, Angela",ashley.horton@abcfoodmart.com,2024-01-24,ABC Foodmart - Tribeca,2024-06-17 00:00,2024-06-17 00:00,cashier,18.02
"Vasquez, Peter","Farrell, Christopher",peter.vasquez@abcfoodmart.com,2023-01-05,ABC Foodmart - Bay Ridge,2023-04-27 00:00,2023-04-27 00:00,meats,13.36
"Golden, Laurie","Johnston, William",laurie.golden@abcfoodmart.com,2023-12-23,ABC Foodmart - Bay Ridge,2024-03-11 00:00,2024-03-11 00:00,cashier,17.65
"Woods, Marcus","Flores, Angela",marcus.woods@abcfoodmart.com,2024-04-01,ABC Foodmart - Whitestone,2024-07-15 00:00,2024-07-15 00:00,bakery,17.98
"Ellis, Lauren","David, Mr.",lauren.ellis@abcfoodmart.com,2022-10-22,ABC Foodmart - Staten Island,2023-01-25 00:00,2023-01-25 00:00,dairy,15.05
"Kramer, Veronica","Hoffman, Tina",veronica.kramer@abcfoodmart.com,2023-03-28,ABC Foodmart - DUMBO,2023-07-30 00:00,2023-07-30 00:00,frozen foods,14.07
"Myers, Gary","Johnston, William",gary.myers@abcfoodmart.com,2023-10-13,ABC Foodmart - DUMBO,2023-12-29 00:00,2023-12-29 00:00,frozen foods,18.38
"Gross, Andrew","Compton, Jeffrey",andrew.gross@abcfoodmart.com,2022-04-30,ABC Foodmart - DUMBO,2022-10-22 00:00,2022-10-22 00:00,dry goods,18.21
"Smith, Brandy","Moran, John",brandy.smith@abcfoodmart.com,2023-12-26,ABC Foodmart - DUMBO,2024-06-27 00:00,2024-06-27 00:00,frozen foods,19.74
"Hull, Shane","David, Mr.",shane.hull@abcfoodmart.com,2024-01-09,ABC Foodmart - DUMBO,2024-02-26 00:00,2024-02-26 00:00,deli,17.37
"Church, Joshua","Carter, Karen",joshua.church@abcfoodmart.com,2024-03-03,ABC Foodmart - Tribeca,2024-06-07 00:00,2024-06-07 00:00,fresh produce,12.91
"Williams, Michael","David, Mr.",michael.williams@abcfoodmart.com,2023-06-11,ABC Foodmart - Staten Island,2023-10-14 00:00,2023-10-14 00:00,pharmacy,12.17
"Church, Joshua","Flores, Angela",joshua.church@abcfoodmart.com,2024-03-03,ABC Foodmart - Bay Ridge,2024-06-14 00:00,2024-06-14 00:00,frozen foods,16.98
"Meyer, James","Farrell, Christopher",james.meyer@abcfoodmart.com,2022-05-02,ABC Foodmart - Tribeca,2022-08-31 00:00,2022-08-31 00:00,cashier,12.92
"Riley, Ashley","Flores, Angela",ashley.riley@abcfoodmart.com,2022-08-17,ABC Foodmart - Whitestone,2023-02-04 00:00,2023-02-04 00:00,seafood,16.86
"Nichols, Brandon","Cooper, Robert",brandon.nichols@abcfoodmart.com,2024-02-28,ABC Foodmart - Bay Ridge,2024-08-05 00:00,2024-08-05 00:00,deli,19.58
"Payne, Samantha","David, Mr.",samantha.payne@abcfoodmart.com,2024-04-06,ABC Foodmart - Staten Island,2024-09-01 00:00,2024-09-01 00:00,cashier,16.97
"Brooks, Renee","Compton, Jeffrey",renee.brooks@abcfoodmart.com,2023-07-15,ABC Foodmart - Staten Island,2024-02-18 00:00,2024-02-18 00:00,seafood,14.36
"Frederick, Evan","Ellis, Grant",evan.frederick@abcfoodmart.com,2023-02-24,ABC Foodmart - Whitestone,2023-05-16 00:00,2023-05-16 00:00,bakery,14.78
"Wells, Monica","Compton, Jeffrey",monica.wells@abcfoodmart.com,2024-03-12,ABC Foodmart - Tribeca,2024-06-28 00:00,2024-06-28 00:00,frozen foods,18.73
"Wilson, Jill","Moran, John",jill.wilson@abcfoodmart.com,2022-12-06,ABC Foodmart - DUMBO,2023-07-20 00:00,2023-07-20 00:00,pharmacy,17.89
"Warren, Timothy","Hoffman, Tina",timothy.warren@abcfoodmart.com,2022-12-27,ABC Foodmart - Bay Ridge,2023-06-22 00:00,2023-06-22 00:00,customer service,18.93
"Jones, Evelyn","Farrell, Christopher",evelyn.jones@abcfoodmart.com,2024-02-25,ABC Foodmart - Tribeca,2024-06-27 00:00,2024-06-27 00:00,cashier,13.44
"Terri, Mrs.","Cooper, Robert",mrs..terri@abcfoodmart.com,2022-09-23,ABC Foodmart - Bay Ridge,2023-04-20 00:00,2023-04-20 00:00,seafood,13.99
"Conrad, Frederick","David, Mr.",frederick.conrad@abcfoodmart.com,2023-11-24,ABC Foodmart - Whitestone,2024-07-29 00:00,2024-07-29 00:00,seafood,13.68
"Waters, Julie","Johnston, William",julie.waters@abcfoodmart.com,2023-05-20,ABC Foodmart - Staten Island,2023-11-01 00:00,2023-11-01 00:00,seafood,17.09
"Payne, Samantha","Waller, Chad",samantha.payne@abcfoodmart.com,2024-04-06,ABC Foodmart - DUMBO,2024-09-28 00:00,2024-09-28 00:00,seafood,14.22
"Jones, Christopher","Compton, Jeffrey",christopher.jones@abcfoodmart.com,2022-05-19,ABC Foodmart - Whitestone,2022-11-04 00:00,2022-11-04 00:00,fresh produce,15.23
"Rogers, Mark","Moran, John",mark.rogers@abcfoodmart.com,2023-05-08,ABC Foodmart - DUMBO,2023-08-14 00:00,2023-08-14 00:00,frozen foods,12.33
"Jacobs, Brenda","Hoffman, Tina",brenda.jacobs@abcfoodmart.com,2024-02-09,ABC Foodmart - Bay Ridge,2024-06-10 00:00,2024-06-10 00:00,dry goods,12.13
"Gonzalez, Michele","Farrell, Christopher",michele.gonzalez@abcfoodmart.com,2023-09-23,ABC Foodmart - Bay Ridge,2023-11-26 00:00,2023-11-26 00:00,meats,13.32
"Walls, Kristen","Johnston, William",kristen.walls@abcfoodmart.com,2023-02-10,ABC Foodmart - Whitestone,2023-07-09 00:00,2023-07-09 00:00,seafood,13.34
"White, Kenneth","Johnston, William",kenneth.white@abcfoodmart.com,2023-01-22,ABC Foodmart - Whitestone,2023-09-04 00:00,2023-09-04 00:00,seafood,16.65
"Atkinson, Gary","Farrell, Christopher",gary.atkinson@abcfoodmart.com,2022-05-24,ABC Foodmart - DUMBO,2022-10-24 00:00,2022-10-24 00:00,fresh produce,18.26
"Church, Joshua","Cooper, Robert",joshua.church@abcfoodmart.com,2024-03-03,ABC Foodmart - Bay Ridge,2024-07-04 00:00,2024-07-04 00:00,bakery,15.53
"Davis, Jennifer","Johnston, William",jennifer.davis@abcfoodmart.com,2023-11-03,ABC Foodmart - Staten Island,2024-05-23 00:00,2024-05-23 00:00,cashier,13.46
"Church, Joshua","Hoffman, Tina",joshua.church@abcfoodmart.com,2024-03-03,ABC Foodmart - Bay Ridge,2024-07-15 00:00,2024-07-15 00:00,pharmacy,17.91
"Thomas, Robert","Hoffman, Tina",robert.thomas@abcfoodmart.com,2022-05-18,ABC Foodmart - DUMBO,2022-08-20 00:00,2022-08-20 00:00,cashier,15.39
"Myers, Gary","Johnston, William",gary.myers@abcfoodmart.com,2023-10-13,ABC Foodmart - Staten Island,2024-01-18 00:00,2024-01-18 00:00,pharmacy,13.24
"Bradley, Rita","Williams, Gina",rita.bradley@abcfoodmart.com,2023-08-06,ABC Foodmart - Tribeca,2024-02-22 00:00,2024-02-22 00:00,floral,12.82
"Spears, Erin","Cooper, Robert",erin.spears@abcfoodmart.com,2023-07-30,ABC Foodmart - Whitestone,2024-02-23 00:00,2024-02-23 00:00,cashier,14.92
"Roach, Christine","Ellis, Grant",christine.roach@abcfoodmart.com,2023-10-15,ABC Foodmart - DUMBO,2024-04-27 00:00,2024-04-27 00:00,fresh produce,17.68
"Gonzalez, Michele","Williams, Gina",michele.gonzalez@abcfoodmart.com,2023-09-23,ABC Foodmart - Bay Ridge,2023-12-24 00:00,2023-12-24 00:00,floral,17.71
"Jones, Evelyn","Farrell, Christopher",evelyn.jones@abcfoodmart.com,2024-02-25,ABC Foodmart - Tribeca,2024-07-15 00:00,2024-07-15 00:00,bakery,12.70
"Smith, Diana","Johnston, William",diana.smith@abcfoodmart.com,2023-05-31,ABC Foodmart - DUMBO,2023-10-21 00:00,2023-10-21 00:00,deli,18.61
"Gonzalez, Michele","Williams, Gina",michele.gonzalez@abcfoodmart.com,2023-09-23,ABC Foodmart - Staten Island,2024-01-12 00:00,2024-01-12 00:00,floral,16.18
"Brown, Lisa","Waller, Chad",lisa.brown@abcfoodmart.com,2022-08-18,ABC Foodmart - Staten Island,2023-02-07 00:00,2023-02-07 00:00,seafood,17.73
"Walters, Jay","Flores, Angela",jay.walters@abcfoodmart.com,2023-12-17,ABC Foodmart - Staten Island,2024-08-04 00:00,2024-08-04 00:00,frozen foods,19.78
"Hull, Shane","Compton, Jeffrey",shane.hull@abcfoodmart.com,2024-01-09,ABC Foodmart - Staten Island,2024-03-20 00:00,2024-03-20 00:00,pharmacy,15.98
"Day, Natasha","Ellis, Grant",natasha.day@abcfoodmart.com,2023-08-02,ABC Foodmart - Staten Island,2023-10-13 00:00,2023-10-13 00:00,frozen foods,19.76
"Brown, Lisa","Carter, Karen",lisa.brown@abcfoodmart.com,2022-08-18,ABC Foodmart - Whitestone,2023-03-03 00:00,2023-03-03 00:00,cashier,14.76
"Kerr, Jason","David, Mr.",jason.kerr@abcfoodmart.com,2022-11-21,ABC Foodmart - Staten Island,2023-04-26 00:00,2023-04-26 00:00,deli,18.80
"Blanchard, Ricky","Hoffman, Tina",ricky.blanchard@abcfoodmart.com,2023-05-23,ABC Foodmart - Staten Island,2023-07-31 00:00,2023-07-31 00:00,fresh produce,14.40
"Foster, Jennifer","Compton, Jeffrey",jennifer.foster@abcfoodmart.com,2023-06-15,ABC Foodmart - Tribeca,2023-12-22 00:00,2023-12-22 00:00,pharmacy,13.52
"Manning, Maria","Cooper, Robert",maria.manning@abcfoodmart.com,2022-11-16,ABC Foodmart - Staten Island,2023-02-22 00:00,2023-02-22 00:00,dairy,14.26
"Hull, Shane","Carter, Karen",shane.hull@abcfoodmart.com,2024-01-09,ABC Foodmart - Whitestone,2024-04-03 00:00,2024-04-03 00:00,bakery,17.16
"Garcia, Sarah","Waller, Chad",sarah.garcia@abcfoodmart.com,2022-12-14,ABC Foodmart - DUMBO,2023-06-15 00:00,2023-06-15 00:00,floral,18.90
"Dodson, Courtney","Compton, Jeffrey",courtney.dodson@abcfoodmart.com,2023-01-10,ABC Foodmart - DUMBO,2023-07-14 00:00,2023-07-14 00:00,seafood,13.82
"Warren, Timothy","Carter, Karen",timothy.warren@abcfoodmart.com,2022-12-27,ABC Foodmart - Tribeca,2023-06-27 00:00,2023-06-27 00:00,bakery,14.68
"Chambers, Jeffrey","Waller, Chad",jeffrey.chambers@abcfoodmart.com,2022-09-29,ABC Foodmart - Staten Island,2023-01-16 00:00,2023-01-16 00:00,floral,15.28
"Gardner, Laura","Hoffman, Tina",laura.gardner@abcfoodmart.com,2023-09-04,ABC Foodmart - Bay Ridge,2023-12-10 00:00,2023-12-10 00:00,fresh produce,16.82
"Carroll, Eric","Johnston, William",eric.carroll@abcfoodmart.com,2022-12-26,ABC Foodmart - Whitestone,2023-06-28 00:00,2023-06-28 00:00,deli,17.63
"Walls, Kristen","Carter, Karen",kristen.walls@abcfoodmart.com,2023-02-10,ABC Foodmart - Staten Island,2023-07-11 00:00,2023-07-11 00:00,cashier,19.91
"Chambers, Jeffrey","Ellis, Grant",jeffrey.chambers@abcfoodmart.com,2022-09-29,ABC Foodmart - Whitestone,2023-01-22 00:00,2023-01-22 00:00,frozen foods,15.20
"Church, Joshua","Waller, Chad",joshua.church@abcfoodmart.com,2024-03-03,ABC Foodmart - Tribeca,2024-08-07 00:00,2024-08-07 00:00,frozen foods,12.45
"Gonzalez, Michele","Cooper, Robert",michele.gonzalez@abcfoodmart.com,2023-09-23,ABC Foodmart - Tribeca,2024-01-23 00:00,2024-01-23 00:00,pharmacy,15.59
"Werner, Kara","Cooper, Robert",kara.werner@abcfoodmart.com,2023-10-12,ABC Foodmart - Whitestone,2024-02-01 00:00,2024-02-01 00:00,customer service,14.28
"Horton, Mark","Carter, Karen",mark.horton@abcfoodmart.com,2023-02-14,ABC Foodmart - Staten Island,2023-05-04 00:00,2023-05-04 00:00,dry goods,15.32
"Thomas, Robert","Moran, John",robert.thomas@abcfoodmart.com,2022-05-18,ABC Foodmart - Whitestone,2022-09-10 00:00,2022-09-10 00:00,dry goods,13.74
"Jacobs, Brenda","Williams, Gina",brenda.jacobs@abcfoodmart.com,2024-02-09,ABC Foodmart - DUMBO,2024-07-06 00:00,2024-07-06 00:00,cashier,14.55
"Jones, Christopher","Hoffman, Tina",christopher.jones@abcfoodmart.com,2022-05-19,ABC Foodmart - Tribeca,2022-11-30 00:00,2022-11-30 00:00,meats,18.10
"Perry, Andrea","Moran, John",andrea.perry@abcfoodmart.com,2023-05-05,ABC Foodmart - DUMBO,2023-12-21 00:00,2023-12-21 00:00,cashier,15.95
"Jones, Michael","Farrell, Christopher",michael.jones@abcfoodmart.com,2023-01-19,ABC Foodmart - Whitestone,2023-05-08 00:00,2023-05-08 00:00,dry goods,19.12
"Ellis, Lauren","Carter, Karen",lauren.ellis@abcfoodmart.com,2022-10-22,ABC Foodmart - Bay Ridge,2023-02-16 00:00,2023-02-16 00:00,cashier,16.65
"Jackson, Michael","David, Mr.",michael.jackson@abcfoodmart.com,2022-10-31,ABC Foodmart - Bay Ridge,2023-02-22 00:00,2023-02-22 00:00,frozen foods,12.91
"Mckinney, Marcus","Flores, Angela",marcus.mckinney@abcfoodmart.com,2022-08-14,ABC Foodmart - Whitestone,2023-04-08 00:00,2023-04-08 00:00,customer service,13.99
"Hughes, Christopher","Moran, John",christopher.hughes@abcfoodmart.com,2022-09-01,ABC Foodmart - Bay Ridge,2023-03-07 00:00,2023-03-07 00:00,customer service,16.72
"Williams, Michael","Williams, Gina",michael.williams@abcfoodmart.com,2023-06-11,ABC Foodmart - Bay Ridge,2023-10-25 00:00,2023-10-25 00:00,frozen foods,19.78
"Sosa, David","Moran, John",david.sosa@abcfoodmart.com,2023-07-27,ABC Foodmart - Tribeca,2023-12-03 00:00,2023-12-03 00:00,dairy,18.28
"Foster, Kenneth","David, Mr.",kenneth.foster@abcfoodmart.com,2023-04-23,ABC Foodmart - Staten Island,2023-09-19 00:00,2023-09-19 00:00,pharmacy,18.07
"Randolph, Emily","Farrell, Christopher",emily.randolph@abcfoodmart.com,2023-03-09,ABC Foodmart - Staten Island,2023-09-14 00:00,2023-09-14 00:00,frozen foods,15.76
"Meyer, James","Waller, Chad",james.meyer@abcfoodmart.com,2022-05-02,ABC Foodmart - Staten Island,2022-09-16 00:00,2022-09-16 00:00,deli,17.80
"Conrad, Frederick","Ellis, Grant",frederick.conrad@abcfoodmart.com,2023-11-24,ABC Foodmart - Staten Island,2024-08-14 00:00,2024-08-14 00:00,seafood,18.53
"Hull, Shane","Compton, Jeffrey",shane.hull@abcfoodmart.com,2024-01-09,ABC Foodmart - Whitestone,2024-04-08 00:00,2024-04-08 00:00,meats,18.26
"White, Kenneth","Johnston, William",kenneth.white@abcfoodmart.com,2023-01-22,ABC Foodmart - Tribeca,2023-09-26 00:00,2023-09-26 00:00,deli,12.49
"Mckinney, Marcus","Ellis, Grant",marcus.mckinney@abcfoodmart.com,2022-08-14,ABC Foodmart - Staten Island,2023-04-24 00:00,2023-04-24 00:00,cashier,19.08
"Ellis, Lauren","Johnston, William",lauren.ellis@abcfoodmart.com,2022-10-22,ABC Foodmart - Staten Island,2023-03-15 00:00,2023-03-15 00:00,bakery,15.48
"Wood, Joshua","Williams, Gina",joshua.wood@abcfoodmart.com,2022-11-26,ABC Foodmart - Whitestone,2023-04-05 00:00,2023-04-05 00:00,meats,12.40
"Davis, Jennifer","Moran, John",jennifer.davis@abcfoodmart.com,2023-11-03,ABC Foodmart - Staten Island,2024-05-31 00:00,2024-05-31 00:00,deli,17.05
"Wood, Joshua","Flores, Angela",joshua.wood@abcfoodmart.com,2022-11-26,ABC Foodmart - Staten Island,2023-04-29 00:00,2023-04-29 00:00,cashier,19.46
"Jacobs, Brenda","Waller, Chad",brenda.jacobs@abcfoodmart.com,2024-02-09,ABC Foodmart - Whitestone,2024-07-23 00:00,2024-07-23 00:00,floral,17.98
"Love, Thomas","David, Mr.",thomas.love@abcfoodmart.com,2024-02-18,ABC Foodmart - Tribeca,2024-07-05 00:00,2024-07-05 00:00,dairy,13.28
"Jones, Evelyn","Flores, Angela",evelyn.jones@abcfoodmart.com,2024-02-25,ABC Foodmart - Tribeca,2024-08-05 00:00,2024-08-05 00:00,seafood,17.35
"Hughes, Christopher","Moran, John",christopher.hughes@abcfoodmart.com,2022-09-01,ABC Foodmart - Bay Ridge,2023-03-31 00:00,2023-03-31 00:00,meats,19.98
"Colon, Lindsey","Hoffman, Tina",lindsey.colon@abcfoodmart.com,2023-02-16,ABC Foodmart - Tribeca,2023-06-19 00:00,2023-06-19 00:00,pharmacy,12.14
"Payne, Samantha","Compton, Jeffrey",samantha.payne@abcfoodmart.com,2024-04-06,ABC Foodmart - Staten Island,2024-10-01 00:00,2024-10-01 00:00,cashier,18.11
"Wood, Joshua","Compton, Jeffrey",joshua.wood@abcfoodmart.com,2022-11-26,ABC Foodmart - Bay Ridge,2023-05-21 00:00,2023-05-21 00:00,pharmacy,14.55
"Wilson, Jill","Johnston, William",jill.wilson@abcfoodmart.com,2022-12-06,ABC Foodmart - Staten Island,2023-07-28 00:00,2023-07-28 00:00,floral,19.37
"Thomas, Robert","Cooper, Robert",robert.thomas@abcfoodmart.com,2022-05-18,ABC Foodmart - Tribeca,2022-09-14 00:00,2022-09-14 00:00,floral,19.69
"Carroll, Eric","Ellis, Grant",eric.carroll@abcfoodmart.com,2022-12-26,ABC Foodmart - Tribeca,2023-07-11 00:00,2023-07-11 00:00,bakery,16.53
"Horton, Ashley","Waller, Chad",ashley.horton@abcfoodmart.com,2024-01-24,ABC Foodmart - Tribeca,2024-06-24 00:00,2024-06-24 00:00,customer service,16.89
"Atkinson, Gary","David, Mr.",gary.atkinson@abcfoodmart.com,2022-05-24,ABC Foodmart - Tribeca,2022-11-15 00:00,2022-11-15 00:00,dairy,18.94
"Hernandez, Michael","Johnston, William",michael.hernandez@abcfoodmart.com,2022-05-24,ABC Foodmart - Whitestone,2022-12-10 00:00,2022-12-10 00:00,dairy,15.11
"Walls, Kristen","Ellis, Grant",kristen.walls@abcfoodmart.com,2023-02-10,ABC Foodmart - Bay Ridge,2023-07-24 00:00,2023-07-24 00:00,seafood,18.46
"Torres, Steven","Compton, Jeffrey",steven.torres@abcfoodmart.com,2023-05-10,ABC Foodmart - Tribeca,2023-07-27 00:00,2023-07-27 00:00,seafood,17.54
"Shah, Amanda","Ellis, Grant",amanda.shah@abcfoodmart.com,2023-10-07,ABC Foodmart - Staten Island,2024-02-10 00:00,2024-02-10 00:00,dry goods,15.91
"Wood, Joshua","Waller, Chad",joshua.wood@abcfoodmart.com,2022-11-26,ABC Foodmart - Staten Island,2023-06-17 00:00,2023-06-17 00:00,deli,13.25
"Davis, Jennifer","Flores, Angela",jennifer.davis@abcfoodmart.com,2023-11-03,ABC Foodmart - Staten Island,2024-06-09 00:00,2024-06-09 00:00,meats,16.70
"Glover, Michelle","Hoffman, Tina",michelle.glover@abcfoodmart.com,2022-08-25,ABC Foodmart - Whitestone,2022-12-31 00:00,2022-12-31 00:00,cashier,13.60
"Day, Natasha","Carter, Karen",natasha.day@abcfoodmart.com,2023-08-02,ABC Foodmart - Tribeca,2023-11-05 00:00,2023-11-05 00:00,customer service,18.16
"Sosa, David","Waller, Chad",david.sosa@abcfoodmart.com,2023-07-27,ABC Foodmart - Tribeca,2023-12-05 00:00,2023-12-05 00:00,deli,15.42
"Tate, Harry","Farrell, Christopher",harry.tate@abcfoodmart.com,2022-09-18,ABC Foodmart - DUMBO,2023-03-31 00:00,2023-03-31 00:00,meats,19.78
"Moyer, Steven","David, Mr.",steven.moyer@abcfoodmart.com,2022-12-26,ABC Foodmart - Bay Ridge,2023-02-06 00:00,2023-02-06 00:00,deli,13.30
"Chambers, Jeffrey","Flores, Angela",jeffrey.chambers@abcfoodmart.com,2022-09-29,ABC Foodmart - Whitestone,2023-02-02 00:00,2023-02-02 00:00,dairy,14.59
"Burns, Kendra","Waller, Chad",kendra.burns@abcfoodmart.com,2022-12-13,ABC Foodmart - Whitestone,2023-03-10 00:00,2023-03-10 00:00,pharmacy,15.35
"Bryan, Mr.","Williams, Gina",mr..bryan@abcfoodmart.com,2023-08-26,ABC Foodmart - Tribeca,2024-03-04 00:00,2024-03-04 00:00,meats,19.22
"Colon, Lindsey","David, Mr.",lindsey.colon@abcfoodmart.com,2023-02-16,ABC Foodmart - Whitestone,2023-07-09 00:00,2023-07-09 00:00,bakery,14.09
"Dodson, Courtney","Farrell, Christopher",courtney.dodson@abcfoodmart.com,2023-01-10,ABC Foodmart - Tribeca,2023-07-17 00:00,2023-07-17 00:00,seafood,12.35
"Thompson, Andrea","Cooper, Robert",andrea.thompson@abcfoodmart.com,2023-01-06,ABC Foodmart - Whitestone,2023-03-28 00:00,2023-03-28 00:00,fresh produce,14.99
"Myers, Gary","Cooper, Robert",gary.myers@abcfoodmart.com,2023-10-13,ABC Foodmart - Tribeca,2024-02-03 00:00,2024-02-03 00:00,cashier,15.47
"Brooks, Renee","Waller, Chad",renee.brooks@abcfoodmart.com,2023-07-15,ABC Foodmart - DUMBO,2024-03-03 00:00,2024-03-03 00:00,dairy,15.07
"Jones, Evelyn","Carter, Karen",evelyn.jones@abcfoodmart.com,2024-02-25,ABC Foodmart - Bay Ridge,2024-08-28 00:00,2024-08-28 00:00,fresh produce,14.02
"Bryan, Mr.","Hoffman, Tina",mr..bryan@abcfoodmart.com,2023-08-26,ABC Foodmart - Tribeca,2024-03-26 00:00,2024-03-26 00:00,customer service,12.41
"Moore, Jason","Ellis, Grant",jason.moore@abcfoodmart.com,2023-07-11,ABC Foodmart - Bay Ridge,2023-11-14 00:00,2023-11-14 00:00,bakery,19.18
"Hernandez, Michael","Ellis, Grant",michael.hernandez@abcfoodmart.com,2022-05-24,ABC Foodmart - Staten Island,2023-01-02 00:00,2023-01-02 00:00,deli,14.65
"Glover, Michelle","Johnston, William",michelle.glover@abcfoodmart.com,2022-08-25,ABC Foodmart - DUMBO,2023-01-25 00:00,2023-01-25 00:00,customer service,13.08
"Foster, Kenneth","Farrell, Christopher",kenneth.foster@abcfoodmart.com,2023-04-23,ABC Foodmart - DUMBO,2023-10-16 00:00,2023-10-16 00:00,dry goods,12.65
"Jackson, Gary","David, Mr.",gary.jackson@abcfoodmart.com,2022-09-08,ABC Foodmart - Tribeca,2022-10-29 00:00,2022-10-29 00:00,deli,12.90
"Hull, Shane","Flores, Angela",shane.hull@abcfoodmart.com,2024-01-09,ABC Foodmart - Staten Island,2024-05-05 00:00,2024-05-05 00:00,deli,17.38
"Love, Thomas","Waller, Chad",thomas.love@abcfoodmart.com,2024-02-18,ABC Foodmart - Bay Ridge,2024-07-13 00:00,2024-07-13 00:00,dry goods,18.55
"Bennett, Alec","David, Mr.",alec.bennett@abcfoodmart.com,2023-10-03,ABC Foodmart - DUMBO,2023-12-23 00:00,2023-12-23 00:00,dry goods,15.23
"Wood, Joshua","Flores, Angela",joshua.wood@abcfoodmart.com,2022-11-26,ABC Foodmart - Staten Island,2023-06-18 00:00,2023-06-18 00:00,dry goods,13.78
"Shah, Amanda","Flores, Angela",amanda.shah@abcfoodmart.com,2023-10-07,ABC Foodmart - Staten Island,2024-02-22 00:00,2024-02-22 00:00,frozen foods,14.99
"Carroll, Eric","Williams, Gina",eric.carroll@abcfoodmart.com,2022-12-26,ABC Foodmart - Tribeca,2023-07-12 00:00,2023-07-12 00:00,fresh produce,19.04
"Harrell, Angie","Farrell, Christopher",angie.harrell@abcfoodmart.com,2023-06-01,ABC Foodmart - DUMBO,2023-12-31 00:00,2023-12-31 00:00,fresh produce,13.24
"Alvarez, Brenda","Ellis, Grant",brenda.alvarez@abcfoodmart.com,2023-11-16,ABC Foodmart - Bay Ridge,2024-04-14 00:00,2024-04-14 00:00,seafood,16.33
"Riley, Ashley","Flores, Angela",ashley.riley@abcfoodmart.com,2022-08-17,ABC Foodmart - Whitestone,2023-02-18 00:00,2023-02-18 00:00,dry goods,18.35
"Garcia, Sarah","Waller, Chad",sarah.garcia@abcfoodmart.com,2022-12-14,ABC Foodmart - Staten Island,2023-06-22 00:00,2023-06-22 00:00,seafood,17.64
"Warren, Timothy","Farrell, Christopher",timothy.warren@abcfoodmart.com,2022-12-27,ABC Foodmart - Staten Island,2023-07-09 00:00,2023-07-09 00:00,deli,19.46
"Garcia, Sarah","Compton, Jeffrey",sarah.garcia@abcfoodmart.com,2022-12-14,ABC Foodmart - Whitestone,2023-06-29 00:00,2023-06-29 00:00,deli,12.05
"Williams, Michael","Farrell, Christopher",michael.williams@abcfoodmart.com,2023-06-11,ABC Foodmart - Whitestone,2023-11-06 00:00,2023-11-06 00:00,frozen foods,14.09
"Henderson, Nancy","Cooper, Robert",nancy.henderson@abcfoodmart.com,2023-12-30,ABC Foodmart - Tribeca,2024-04-08 00:00,2024-04-08 00:00,customer service,16.82
"Glover, Michelle","Flores, Angela",michelle.glover@abcfoodmart.com,2022-08-25,ABC Foodmart - Whitestone,2023-01-28 00:00,2023-01-28 00:00,dairy,17.86
"Perry, Andrea","Compton, Jeffrey",andrea.perry@abcfoodmart.com,2023-05-05,ABC Foodmart - Bay Ridge,2024-01-08 00:00,2024-01-08 00:00,deli,15.67
"Williams, Michael","Flores, Angela",michael.williams@abcfoodmart.com,2023-06-11,ABC Foodmart - Staten Island,2023-11-12 00:00,2023-11-12 00:00,frozen foods,19.74
"Frederick, Evan","Moran, John",evan.frederick@abcfoodmart.com,2023-02-24,ABC Foodmart - Staten Island,2023-06-05 00:00,2023-06-05 00:00,frozen foods,14.47
"Gonzalez, Michele","Compton, Jeffrey",michele.gonzalez@abcfoodmart.com,2023-09-23,ABC Foodmart - Tribeca,2024-02-01 00:00,2024-02-01 00:00,bakery,16.09
"Ellis, Lauren","Compton, Jeffrey",lauren.ellis@abcfoodmart.com,2022-10-22,ABC Foodmart - Tribeca,2023-04-06 00:00,2023-04-06 00:00,deli,18.89
"Bryan, Mr.","Cooper, Robert",mr..bryan@abcfoodmart.com,2023-08-26,ABC Foodmart - Tribeca,2024-04-12 00:00,2024-04-12 00:00,floral,13.16
"Wood, Joshua","Waller, Chad",joshua.wood@abcfoodmart.com,2022-11-26,ABC Foodmart - Staten Island,2023-07-14 00:00,2023-07-14 00:00,dairy,19.81
"Payne, Samantha","David, Mr.",samantha.payne@abcfoodmart.com,2024-04-06,ABC Foodmart - Bay Ridge,2024-10-30 00:00,2024-10-30 00:00,meats,17.69
"Brooks, Renee","Ellis, Grant",renee.brooks@abcfoodmart.com,2023-07-15,ABC Foodmart - Bay Ridge,2024-03-23 00:00,2024-03-23 00:00,fresh produce,13.73
"Bradley, Rita","Ellis, Grant",rita.bradley@abcfoodmart.com,2023-08-06,ABC Foodmart - Bay Ridge,2024-03-11 00:00,2024-03-11 00:00,dairy,14.51
"Horton, Mark","Farrell, Christopher",mark.horton@abcfoodmart.com,2023-02-14,ABC Foodmart - Tribeca,2023-05-29 00:00,2023-05-29 00:00,seafood,16.02
"Johnson, Samantha","Williams, Gina",samantha.johnson@abcfoodmart.com,2023-01-16,ABC Foodmart - Whitestone,2023-07-26 00:00,2023-07-26 00:00,dairy,18.90
"Henderson, Nancy","Carter, Karen",nancy.henderson@abcfoodmart.com,2023-12-30,ABC Foodmart - DUMBO,2024-04-13 00:00,2024-04-13 00:00,frozen foods,12.92
"Alvarez, Brenda","Flores, Angela",brenda.alvarez@abcfoodmart.com,2023-11-16,ABC Foodmart - Staten Island,2024-04-28 00:00,2024-04-28 00:00,meats,15.89
"Conrad, Frederick","Flores, Angela",frederick.conrad@abcfoodmart.com,2023-11-24,ABC Foodmart - Staten Island,2024-09-06 00:00,2024-09-06 00:00,deli,14.15
"Thomas, Robert","Ellis, Grant",robert.thomas@abcfoodmart.com,2022-05-18,ABC Foodmart - Bay Ridge,2022-10-07 00:00,2022-10-07 00:00,dairy,14.51
"Jordan, Carla","Ellis, Grant",carla.jordan@abcfoodmart.com,2023-12-17,ABC Foodmart - DUMBO,2024-04-04 00:00,2024-04-04 00:00,bakery,19.82
"Werner, Kara","David, Mr.",kara.werner@abcfoodmart.com,2023-10-12,ABC Foodmart - Bay Ridge,2024-02-27 00:00,2024-02-27 00:00,customer service,15.43
"Hernandez, Michael","Moran, John",michael.hernandez@abcfoodmart.com,2022-05-24,ABC Foodmart - DUMBO,2023-01-14 00:00,2023-01-14 00:00,bakery,13.67
"Frederick, Evan","Johnston, William",evan.frederick@abcfoodmart.com,2023-02-24,ABC Foodmart - DUMBO,2023-07-01 00:00,2023-07-01 00:00,meats,16.91
"Eric, Mr.","Farrell, Christopher",mr..eric@abcfoodmart.com,2022-09-02,ABC Foodmart - Tribeca,2023-02-09 00:00,2023-02-09 00:00,cashier,17.04
"Campbell, Bethany","Ellis, Grant",bethany.campbell@abcfoodmart.com,2023-10-07,ABC Foodmart - Staten Island,2024-01-05 00:00,2024-01-05 00:00,deli,18.85
"Smith, Diana","Johnston, William",diana.smith@abcfoodmart.com,2023-05-31,ABC Foodmart - DUMBO,2023-11-06 00:00,2023-11-06 00:00,cashier,12.69
"Tate, Harry","Carter, Karen",harry.tate@abcfoodmart.com,2022-09-18,ABC Foodmart - Staten Island,2023-04-18 00:00,2023-04-18 00:00,pharmacy,13.35
"Wood, Joshua","Cooper, Robert",joshua.wood@abcfoodmart.com,2022-11-26,ABC Foodmart - DUMBO,2023-08-06 00:00,2023-08-06 00:00,fresh produce,19.60
"Chambers, Jeffrey","Johnston, William",jeffrey.chambers@abcfoodmart.com,2022-09-29,ABC Foodmart - Tribeca,2023-02-06 00:00,2023-02-06 00:00,deli,13.48
"Bradley, Rita","Waller, Chad",rita.bradley@abcfoodmart.com,2023-08-06,ABC Foodmart - Staten Island,2024-03-24 00:00,2024-03-24 00:00,dry goods,15.06
"Woods, Marcus","Farrell, Christopher",marcus.woods@abcfoodmart.com,2024-04-01,ABC Foodmart - DUMBO,2024-07-20 00:00,2024-07-20 00:00,fresh produce,17.48
"Walters, Jay","Hoffman, Tina",jay.walters@abcfoodmart.com,2023-12-17,ABC Foodmart - Bay Ridge,2024-08-15 00:00,2024-08-15 00:00,seafood,14.66
"Colon, Lindsey","Farrell, Christopher",lindsey.colon@abcfoodmart.com,2023-02-16,ABC Foodmart - DUMBO,2023-07-21 00:00,2023-07-21 00:00,seafood,17.40
"Walters, Jay","David, Mr.",jay.walters@abcfoodmart.com,2023-12-17,ABC Foodmart - Bay Ridge,2024-08-30 00:00,2024-08-30 00:00,meats,19.67
"Foster, Kenneth","Johnston, William",kenneth.foster@abcfoodmart.com,2023-04-23,ABC Foodmart - Staten Island,2023-10-18 00:00,2023-10-18 00:00,floral,15.65
"Wood, Joshua","Hoffman, Tina",joshua.wood@abcfoodmart.com,2022-11-26,ABC Foodmart - Bay Ridge,2023-08-11 00:00,2023-08-11 00:00,fresh produce,12.84
"Riley, Ashley","Flores, Angela",ashley.riley@abcfoodmart.com,2022-08-17,ABC Foodmart - Bay Ridge,2023-03-11 00:00,2023-03-11 00:00,cashier,12.73
"Martin, Monica","Hoffman, Tina",monica.martin@abcfoodmart.com,2023-11-23,ABC Foodmart - DUMBO,2024-05-23 00:00,2024-05-23 00:00,seafood,14.56
"Love, Thomas","David, Mr.",thomas.love@abcfoodmart.com,2024-02-18,ABC Foodmart - DUMBO,2024-07-28 00:00,2024-07-28 00:00,seafood,16.55
"Jones, Christopher","Flores, Angela",christopher.jones@abcfoodmart.com,2022-05-19,ABC Foodmart - Bay Ridge,2022-12-12 00:00,2022-12-12 00:00,customer service,15.50
"Wilson, Jill","Williams, Gina",jill.wilson@abcfoodmart.com,2022-12-06,ABC Foodmart - Staten Island,2023-08-03 00:00,2023-08-03 00:00,dairy,19.37
"Moon, James","Waller, Chad",james.moon@abcfoodmart.com,2023-10-20,ABC Foodmart - DUMBO,2023-12-27 00:00,2023-12-27 00:00,floral,15.82
"Colon, Lindsey","Cooper, Robert",lindsey.colon@abcfoodmart.com,2023-02-16,ABC Foodmart - Tribeca,2023-08-19 00:00,2023-08-19 00:00,frozen foods,12.39
"Church, Joshua","Waller, Chad",joshua.church@abcfoodmart.com,2024-03-03,ABC Foodmart - Bay Ridge,2024-08-29 00:00,2024-08-29 00:00,customer service,14.12
"Nichols, Brandon","Flores, Angela",brandon.nichols@abcfoodmart.com,2024-02-28,ABC Foodmart - Tribeca,2024-08-12 00:00,2024-08-12 00:00,floral,14.79
"Love, Thomas","Waller, Chad",thomas.love@abcfoodmart.com,2024-02-18,ABC Foodmart - Whitestone,2024-08-12 00:00,2024-08-12 00:00,fresh produce,12.07
"Thompson, Matthew","David, Mr.",matthew.thompson@abcfoodmart.com,2022-04-22,ABC Foodmart - DUMBO,2022-07-07 00:00,2022-07-07 00:00,customer service,13.38
"Nguyen, Richard","Hoffman, Tina",richard.nguyen@abcfoodmart.com,2022-09-27,ABC Foodmart - DUMBO,2023-03-11 00:00,2023-03-11 00:00,dairy,18.04
"Jacobs, Brenda","Johnston, William",brenda.jacobs@abcfoodmart.com,2024-02-09,ABC Foodmart - Staten Island,2024-08-11 00:00,2024-08-11 00:00,meats,13.58
"Foster, Jennifer","Carter, Karen",jennifer.foster@abcfoodmart.com,2023-06-15,ABC Foodmart - Staten Island,2024-01-06 00:00,2024-01-06 00:00,customer service,18.95
"Myers, Gary","Flores, Angela",gary.myers@abcfoodmart.com,2023-10-13,ABC Foodmart - DUMBO,2024-02-16 00:00,2024-02-16 00:00,floral,15.67
"Davis, Jennifer","Flores, Angela",jennifer.davis@abcfoodmart.com,2023-11-03,ABC Foodmart - Whitestone,2024-06-13 00:00,2024-06-13 00:00,dairy,15.77
"Terri, Mrs.","Waller, Chad",mrs..terri@abcfoodmart.com,2022-09-23,ABC Foodmart - Bay Ridge,2023-05-12 00:00,2023-05-12 00:00,seafood,18.26
"Vasquez, Peter","Farrell, Christopher",peter.vasquez@abcfoodmart.com,2023-01-05,ABC Foodmart - Staten Island,2023-05-13 00:00,2023-05-13 00:00,dairy,13.98
"Rogers, Mark","David, Mr.",mark.rogers@abcfoodmart.com,2023-05-08,ABC Foodmart - Staten Island,2023-09-05 00:00,2023-09-05 00:00,floral,16.87
"Blanchard, Ricky","Williams, Gina",ricky.blanchard@abcfoodmart.com,2023-05-23,ABC Foodmart - Whitestone,2023-08-02 00:00,2023-08-02 00:00,cashier,13.93
"Kramer, Veronica","Farrell, Christopher",veronica.kramer@abcfoodmart.com,2023-03-28,ABC Foodmart - DUMBO,2023-08-19 00:00,2023-08-19 00:00,dairy,13.77
"Payne, Samantha","Waller, Chad",samantha.payne@abcfoodmart.com,2024-04-06,ABC Foodmart - Whitestone,2024-11-28 00:00,2024-11-28 00:00,fresh produce,14.47
"Hernandez, Michael","Moran, John",michael.hernandez@abcfoodmart.com,2022-05-24,ABC Foodmart - Tribeca,2023-01-31 00:00,2023-01-31 00:00,meats,18.45
"Williams, Michael","Farrell, Christopher",michael.williams@abcfoodmart.com,2023-06-11,ABC Foodmart - Bay Ridge,2023-12-06 00:00,2023-12-06 00:00,meats,13.40
"Jacobs, Brenda","David, Mr.",brenda.jacobs@abcfoodmart.com,2024-02-09,ABC Foodmart - Whitestone,2024-08-22 00:00,2024-08-22 00:00,floral,12.66
"Alvarez, Brenda","Ellis, Grant",brenda.alvarez@abcfoodmart.com,2023-11-16,ABC Foodmart - DUMBO,2024-05-13 00:00,2024-05-13 00:00,pharmacy,14.48
"Manning, Maria","Williams, Gina",maria.manning@abcfoodmart.com,2022-11-16,ABC Foodmart - Bay Ridge,2023-03-10 00:00,2023-03-10 00:00,seafood,15.99
"Gardner, Laura","Waller, Chad",laura.gardner@abcfoodmart.com,2023-09-04,ABC Foodmart - Whitestone,2023-12-15 00:00,2023-12-15 00:00,cashier,16.15
"Walters, Jay","Waller, Chad",jay.walters@abcfoodmart.com,2023-12-17,ABC Foodmart - Tribeca,2024-09-15 00:00,2024-09-15 00:00,dry goods,14.69
"Thompson, Matthew","Johnston, William",matthew.thompson@abcfoodmart.com,2022-04-22,ABC Foodmart - DUMBO,2022-07-28 00:00,2022-07-28 00:00,seafood,14.03
"Mckenzie, William","Williams, Gina",william.mckenzie@abcfoodmart.com,2023-01-04,ABC Foodmart - Staten Island,2023-07-06 00:00,2023-07-06 00:00,dairy,12.35
"Shah, Amanda","Cooper, Robert",amanda.shah@abcfoodmart.com,2023-10-07,ABC Foodmart - Whitestone,2024-03-06 00:00,2024-03-06 00:00,dry goods,17.19
"Sosa, David","Waller, Chad",david.sosa@abcfoodmart.com,2023-07-27,ABC Foodmart - Bay Ridge,2023-12-14 00:00,2023-12-14 00:00,customer service,13.92
"Carroll, Eric","Hoffman, Tina",eric.carroll@abcfoodmart.com,2022-12-26,ABC Foodmart - Bay Ridge,2023-08-08 00:00,2023-08-08 00:00,floral,16.75
"Pena, Johnathan","Flores, Angela",johnathan.pena@abcfoodmart.com,2023-02-22,ABC Foodmart - Tribeca,2023-07-28 00:00,2023-07-28 00:00,deli,17.28
"Herrera, Spencer","Ellis, Grant",spencer.herrera@abcfoodmart.com,2023-01-16,ABC Foodmart - Staten Island,2023-04-28 00:00,2023-04-28 00:00,pharmacy,14.64
"Terri, Mrs.","Ellis, Grant",mrs..terri@abcfoodmart.com,2022-09-23,ABC Foodmart - Tribeca,2023-06-06 00:00,2023-06-06 00:00,meats,13.40
"Carroll, Eric","Farrell, Christopher",eric.carroll@abcfoodmart.com,2022-12-26,ABC Foodmart - Tribeca,2023-08-22 00:00,2023-08-22 00:00,customer service,15.09
"White, Kenneth","Cooper, Robert",kenneth.white@abcfoodmart.com,2023-01-22,ABC Foodmart - DUMBO,2023-10-13 00:00,2023-10-13 00:00,floral,12.82
"Hughes, Christopher","Waller, Chad",christopher.hughes@abcfoodmart.com,2022-09-01,ABC Foodmart - Staten Island,2023-04-05 00:00,2023-04-05 00:00,dry goods,15.53
"Kerr, Jason","Williams, Gina",jason.kerr@abcfoodmart.com,2022-11-21,ABC Foodmart - Bay Ridge,2023-05-09 00:00,2023-05-09 00:00,cashier,18.60
"Frederick, Evan","Waller, Chad",evan.frederick@abcfoodmart.com,2023-02-24,ABC Foodmart - Tribeca,2023-07-28 00:00,2023-07-28 00:00,dairy,19.12
"Henderson, Nancy","David, Mr.",nancy.henderson@abcfoodmart.com,2023-12-30,ABC Foodmart - DUMBO,2024-05-09 00:00,2024-05-09 00:00,deli,13.98
"Jessica, Ms.","Waller, Chad",ms..jessica@abcfoodmart.com,2022-06-10,ABC Foodmart - Tribeca,2022-10-03 00:00,2022-10-03 00:00,customer service,16.42
"Meyer, James","Hoffman, Tina",james.meyer@abcfoodmart.com,2022-05-02,ABC Foodmart - Bay Ridge,2022-10-08 00:00,2022-10-08 00:00,dairy,17.44
"Burns, Kendra","Cooper, Robert",kendra.burns@abcfoodmart.com,2022-12-13,ABC Foodmart - Bay Ridge,2023-04-02 00:00,2023-04-02 00:00,customer service,18.30
"Moon, James","Williams, Gina",james.moon@abcfoodmart.com,2023-10-20,ABC Foodmart - Whitestone,2023-12-28 00:00,2023-12-28 00:00,frozen foods,17.67
"Brown, Lisa","Moran, John",lisa.brown@abcfoodmart.com,2022-08-18,ABC Foodmart - Tribeca,2023-03-07 00:00,2023-03-07 00:00,seafood,14.54
"Smith, Diana","David, Mr.",diana.smith@abcfoodmart.com,2023-05-31,ABC Foodmart - Tribeca,2023-11-10 00:00,2023-11-10 00:00,bakery,18.27
"Long, Kirsten","Williams, Gina",kirsten.long@abcfoodmart.com,2024-02-24,ABC Foodmart - DUMBO,2024-06-25 00:00,2024-06-25 00:00,meats,16.87
"Carroll, Eric","Hoffman, Tina",eric.carroll@abcfoodmart.com,2022-12-26,ABC Foodmart - Staten Island,2023-09-11 00:00,2023-09-11 00:00,pharmacy,19.55
"Roach, Christine","Williams, Gina",christine.roach@abcfoodmart.com,2023-10-15,ABC Foodmart - DUMBO,2024-04-28 00:00,2024-04-28 00:00,bakery,12.53
"Meyer, James","David, Mr.",james.meyer@abcfoodmart.com,2022-05-02,ABC Foodmart - Staten Island,2022-10-31 00:00,2022-10-31 00:00,pharmacy,16.13
"Riley, Ashley","Johnston, William",ashley.riley@abcfoodmart.com,2022-08-17,ABC Foodmart - Whitestone,2023-04-04 00:00,2023-04-04 00:00,pharmacy,17.99
"Smith, Diana","David, Mr.",diana.smith@abcfoodmart.com,2023-05-31,ABC Foodmart - Whitestone,2023-11-22 00:00,2023-11-22 00:00,cashier,17.50
"Durham, Denise","Johnston, William",denise.durham@abcfoodmart.com,2022-10-24,ABC Foodmart - Staten Island,2023-04-02 00:00,2023-04-02 00:00,bakery,16.16
"Werner, Kara","Moran, John",kara.werner@abcfoodmart.com,2023-10-12,ABC Foodmart - Whitestone,2024-03-24 00:00,2024-03-24 00:00,seafood,18.49
"Atkinson, Gary","Farrell, Christopher",gary.atkinson@abcfoodmart.com,2022-05-24,ABC Foodmart - Staten Island,2022-11-22 00:00,2022-11-22 00:00,deli,19.84
"Hull, Shane","Hoffman, Tina",shane.hull@abcfoodmart.com,2024-01-09,ABC Foodmart - Tribeca,2024-06-01 00:00,2024-06-01 00:00,seafood,13.93
"Carroll, Eric","Williams, Gina",eric.carroll@abcfoodmart.com,2022-12-26,ABC Foodmart - Staten Island,2023-09-22 00:00,2023-09-22 00:00,fresh produce,13.77
"Colon, Lindsey","Johnston, William",lindsey.colon@abcfoodmart.com,2023-02-16,ABC Foodmart - Tribeca,2023-08-30 00:00,2023-08-30 00:00,deli,12.38
"Dodson, Courtney","Ellis, Grant",courtney.dodson@abcfoodmart.com,2023-01-10,ABC Foodmart - Whitestone,2023-07-19 00:00,2023-07-19 00:00,bakery,15.74
"Moyer, Steven","Carter, Karen",steven.moyer@abcfoodmart.com,2022-12-26,ABC Foodmart - Tribeca,2023-02-08 00:00,2023-02-08 00:00,seafood,18.74
"Moore, Jason","David, Mr.",jason.moore@abcfoodmart.com,2023-07-11,ABC Foodmart - DUMBO,2023-11-22 00:00,2023-11-22 00:00,bakery,19.08
"Pena, Johnathan","Carter, Karen",johnathan.pena@abcfoodmart.com,2023-02-22,ABC Foodmart - Staten Island,2023-08-03 00:00,2023-08-03 00:00,dairy,12.42
"Foster, Jennifer","Waller, Chad",jennifer.foster@abcfoodmart.com,2023-06-15,ABC Foodmart - Staten Island,2024-02-04 00:00,2024-02-04 00:00,meats,18.24
"Horton, Mark","Waller, Chad",mark.horton@abcfoodmart.com,2023-02-14,ABC Foodmart - Whitestone,2023-06-19 00:00,2023-06-19 00:00,frozen foods,15.34
"Jessica, Ms.","Farrell, Christopher",ms..jessica@abcfoodmart.com,2022-06-10,ABC Foodmart - DUMBO,2022-10-11 00:00,2022-10-11 00:00,deli,12.19
"Conrad, Frederick","David, Mr.",frederick.conrad@abcfoodmart.com,2023-11-24,ABC Foodmart - Bay Ridge,2024-09-23 00:00,2024-09-23 00:00,dry goods,14.42
"Blanchard, Ricky","Compton, Jeffrey",ricky.blanchard@abcfoodmart.com,2023-05-23,ABC Foodmart - Tribeca,2023-08-18 00:00,2023-08-18 00:00,cashier,13.11
"Johnson, Samantha","Johnston, William",samantha.johnson@abcfoodmart.com,2023-01-16,ABC Foodmart - Tribeca,2023-08-21 00:00,2023-08-21 00:00,dairy,15.67
"Moore, Jason","David, Mr.",jason.moore@abcfoodmart.com,2023-07-11,ABC Foodmart - Bay Ridge,2023-12-19 00:00,2023-12-19 00:00,fresh produce,18.54
"Wood, Joshua","Williams, Gina",joshua.wood@abcfoodmart.com,2022-11-26,ABC Foodmart - Staten Island,2023-08-15 00:00,2023-08-15 00:00,customer service,18.55
"Gross, Andrew","Hoffman, Tina",andrew.gross@abcfoodmart.com,2022-04-30,ABC Foodmart - Whitestone,2022-11-01 00:00,2022-11-01 00:00,frozen foods,18.63
"Shah, Amanda","Williams, Gina",amanda.shah@abcfoodmart.com,2023-10-07,ABC Foodmart - Staten Island,2024-03-09 00:00,2024-03-09 00:00,deli,12.08
"Thompson, Andrea","Carter, Karen",andrea.thompson@abcfoodmart.com,2023-01-06,ABC Foodmart - Whitestone,2023-04-01 00:00,2023-04-01 00:00,pharmacy,16.06
"Nichols, Mitchell","Williams, Gina",mitchell.nichols@abcfoodmart.com,2022-09-30,ABC Foodmart - DUMBO,2023-02-23 00:00,2023-02-23 00:00,seafood,12.64
"Bryan, Mr.","Moran, John",mr..bryan@abcfoodmart.com,2023-08-26,ABC Foodmart - Bay Ridge,2024-04-15 00:00,2024-04-15 00:00,meats,18.27
"Payne, Samantha","Compton, Jeffrey",samantha.payne@abcfoodmart.com,2024-04-06,ABC Foodmart - Whitestone,2024-12-13 00:00,2024-12-13 00:00,cashier,12.39
"Wilson, Jill","Flores, Angela",jill.wilson@abcfoodmart.com,2022-12-06,ABC Foodmart - Bay Ridge,2023-08-11 00:00,2023-08-11 00:00,pharmacy,14.66
"Colon, Lindsey","Farrell, Christopher",lindsey.colon@abcfoodmart.com,2023-02-16,ABC Foodmart - Tribeca,2023-09-18 00:00,2023-09-18 00:00,frozen foods,16.71
"White, Kenneth","Compton, Jeffrey",kenneth.white@abcfoodmart.com,2023-01-22,ABC Foodmart - Tribeca,2023-11-09 00:00,2023-11-09 00:00,bakery,14.53
"Jackson, Gary","Moran, John",gary.jackson@abcfoodmart.com,2022-09-08,ABC Foodmart - Tribeca,2022-11-10 00:00,2022-11-10 00:00,bakery,15.14
"Payne, Samantha","David, Mr.",samantha.payne@abcfoodmart.com,2024-04-06,ABC Foodmart - Bay Ridge,2024-12-23 00:00,2024-12-23 00:00,dry goods,13.93
"Horton, Ashley","Compton, Jeffrey",ashley.horton@abcfoodmart.com,2024-01-24,ABC Foodmart - Bay Ridge,2024-07-09 00:00,2024-07-09 00:00,dry goods,13.35
"Warren, Timothy","Compton, Jeffrey",timothy.warren@abcfoodmart.com,2022-12-27,ABC Foodmart - Bay Ridge,2023-07-24 00:00,2023-07-24 00:00,meats,19.83
"Warren, Timothy","Waller, Chad",timothy.warren@abcfoodmart.com,2022-12-27,ABC Foodmart - Whitestone,2023-08-16 00:00,2023-08-16 00:00,pharmacy,12.32
"Randolph, Emily","Carter, Karen",emily.randolph@abcfoodmart.com,2023-03-09,ABC Foodmart - Tribeca,2023-10-08 00:00,2023-10-08 00:00,dairy,17.79
"Wells, Monica","Waller, Chad",monica.wells@abcfoodmart.com,2024-03-12,ABC Foodmart - Whitestone,2024-07-08 00:00,2024-07-08 00:00,pharmacy,19.86
"Bennett, Alec","Carter, Karen",alec.bennett@abcfoodmart.com,2023-10-03,ABC Foodmart - Tribeca,2024-01-21 00:00,2024-01-21 00:00,meats,14.27
"Bennett, Alec","Carter, Karen",alec.bennett@abcfoodmart.com,2023-10-03,ABC Foodmart - Staten Island,2024-01-27 00:00,2024-01-27 00:00,dairy,13.82
"White, Kenneth","Compton, Jeffrey",kenneth.white@abcfoodmart.com,2023-01-22,ABC Foodmart - DUMBO,2023-11-28 00:00,2023-11-28 00:00,floral,14.47
"Jones, Evelyn","David, Mr.",evelyn.jones@abcfoodmart.com,2024-02-25,ABC Foodmart - Staten Island,2024-09-04 00:00,2024-09-04 00:00,pharmacy,17.19
"Sosa, David","Waller, Chad",david.sosa@abcfoodmart.com,2023-07-27,ABC Foodmart - Tribeca,2024-01-01 00:00,2024-01-01 00:00,fresh produce,24.03
"Nichols, Brandon","Cooper, Robert",brandon.nichols@abcfoodmart.com,2024-02-28,ABC Foodmart - Tribeca,2024-09-07 00:00,2024-09-07 00:00,customer service,12.19
"Thomas, Robert","Moran, John",robert.thomas@abcfoodmart.com,2022-05-18,ABC Foodmart - Bay Ridge,2022-11-03 00:00,2022-11-03 00:00,seafood,15.29
"Durham, Denise","Johnston, William",denise.durham@abcfoodmart.com,2022-10-24,ABC Foodmart - DUMBO,2023-04-25 00:00,2023-04-25 00:00,floral,14.34
"Davis, Jennifer","Moran, John",jennifer.davis@abcfoodmart.com,2023-11-03,ABC Foodmart - Whitestone,2024-07-10 00:00,2024-07-10 00:00,bakery,16.67
"Horton, Ashley","Johnston, William",ashley.horton@abcfoodmart.com,2024-01-24,ABC Foodmart - Whitestone,2024-07-27 00:00,2024-07-27 00:00,pharmacy,12.78
"Walters, Jay","Farrell, Christopher",jay.walters@abcfoodmart.com,2023-12-17,ABC Foodmart - Staten Island,2024-09-30 00:00,2024-09-30 00:00,frozen foods,13.71
"Church, Joshua","Compton, Jeffrey",joshua.church@abcfoodmart.com,2024-03-03,ABC Foodmart - Whitestone,2024-09-26 00:00,2024-09-26 00:00,dairy,12.68
"Hayes, Brandon","Waller, Chad",brandon.hayes@abcfoodmart.com,2022-09-28,ABC Foodmart - Staten Island,2023-01-14 00:00,2023-01-14 00:00,frozen foods,14.80
"Mckinney, Marcus","Ellis, Grant",marcus.mckinney@abcfoodmart.com,2022-08-14,ABC Foodmart - DUMBO,2023-05-19 00:00,2023-05-19 00:00,cashier,12.45
"Sean, Mr.","Cooper, Robert",mr..sean@abcfoodmart.com,2023-03-25,ABC Foodmart - Staten Island,2023-09-15 00:00,2023-09-15 00:00,customer service,18.41
"Jones, Christopher","Farrell, Christopher",christopher.jones@abcfoodmart.com,2022-05-19,ABC Foodmart - Tribeca,2022-12-21 00:00,2022-12-21 00:00,frozen foods,13.74
"Foster, Jennifer","Williams, Gina",jennifer.foster@abcfoodmart.com,2023-06-15,ABC Foodmart - Staten Island,2024-02-24 00:00,2024-02-24 00:00,floral,16.47
"Golden, Laurie","David, Mr.",laurie.golden@abcfoodmart.com,2023-12-23,ABC Foodmart - Tribeca,2024-04-07 00:00,2024-04-07 00:00,dairy,13.57
"Horton, Ashley","David, Mr.",ashley.horton@abcfoodmart.com,2024-01-24,ABC Foodmart - Whitestone,2024-08-05 00:00,2024-08-05 00:00,dry goods,17.52
"Wells, Monica","Cooper, Robert",monica.wells@abcfoodmart.com,2024-03-12,ABC Foodmart - Staten Island,2024-07-14 00:00,2024-07-14 00:00,fresh produce,17.93
"Torres, Steven","Flores, Angela",steven.torres@abcfoodmart.com,2023-05-10,ABC Foodmart - Tribeca,2023-08-25 00:00,2023-08-25 00:00,seafood,15.53
"Kramer, Veronica","Johnston, William",veronica.kramer@abcfoodmart.com,2023-03-28,ABC Foodmart - Tribeca,2023-09-04 00:00,2023-09-04 00:00,floral,19.43
"Woods, Marcus","Waller, Chad",marcus.woods@abcfoodmart.com,2024-04-01,ABC Foodmart - Bay Ridge,2024-07-29 00:00,2024-07-29 00:00,deli,12.04
"Warren, Timothy","Ellis, Grant",timothy.warren@abcfoodmart.com,2022-12-27,ABC Foodmart - Staten Island,2023-08-17 00:00,2023-08-17 00:00,dairy,19.90
"Marquez, Jeffrey","Johnston, William",jeffrey.marquez@abcfoodmart.com,2023-02-19,ABC Foodmart - Tribeca,2023-08-17 00:00,2023-08-17 00:00,frozen foods,16.37
"Hernandez, Michael","David, Mr.",michael.hernandez@abcfoodmart.com,2022-05-24,ABC Foodmart - DUMBO,2023-03-01 00:00,2023-03-01 00:00,meats,14.69
"Vasquez, Peter","Flores, Angela",peter.vasquez@abcfoodmart.com,2023-01-05,ABC Foodmart - Tribeca,2023-05-24 00:00,2023-05-24 00:00,customer service,18.74
"Spears, Erin","Flores, Angela",erin.spears@abcfoodmart.com,2023-07-30,ABC Foodmart - Whitestone,2024-03-14 00:00,2024-03-14 00:00,customer service,18.21
"Kramer, Veronica","Johnston, William",veronica.kramer@abcfoodmart.com,2023-03-28,ABC Foodmart - Bay Ridge,2023-09-24 00:00,2023-09-24 00:00,dry goods,14.21
"White, Kenneth","Flores, Angela",kenneth.white@abcfoodmart.com,2023-01-22,ABC Foodmart - Whitestone,2023-12-09 00:00,2023-12-09 00:00,frozen foods,13.79
"Hernandez, Michael","Carter, Karen",michael.hernandez@abcfoodmart.com,2022-05-24,ABC Foodmart - Staten Island,2023-03-25 00:00,2023-03-25 00:00,dry goods,20.00
"Thompson, Andrea","Carter, Karen",andrea.thompson@abcfoodmart.com,2023-01-06,ABC Foodmart - Whitestone,2023-04-21 00:00,2023-04-21 00:00,bakery,18.63
"Hughes, Christopher","Compton, Jeffrey",christopher.hughes@abcfoodmart.com,2022-09-01,ABC Foodmart - Whitestone,2023-04-06 00:00,2023-04-06 00:00,dairy,17.15
"Nichols, Brandon","Compton, Jeffrey",brandon.nichols@abcfoodmart.com,2024-02-28,ABC Foodmart - Whitestone,2024-09-11 00:00,2024-09-11 00:00,floral,18.40
"Shah, Amanda","Compton, Jeffrey",amanda.shah@abcfoodmart.com,2023-10-07,ABC Foodmart - Bay Ridge,2024-03-29 00:00,2024-03-29 00:00,dry goods,12.21
"Wilson, Jill","Cooper, Robert",jill.wilson@abcfoodmart.com,2022-12-06,ABC Foodmart - Tribeca,2023-08-25 00:00,2023-08-25 00:00,fresh produce,14.68
"Terri, Mrs.","Williams, Gina",mrs..terri@abcfoodmart.com,2022-09-23,ABC Foodmart - Bay Ridge,2023-07-01 00:00,2023-07-01 00:00,seafood,14.66
"Rogers, Mark","Compton, Jeffrey",mark.rogers@abcfoodmart.com,2023-05-08,ABC Foodmart - Bay Ridge,2023-09-24 00:00,2023-09-24 00:00,seafood,19.96
"Randolph, Emily","Cooper, Robert",emily.randolph@abcfoodmart.com,2023-03-09,ABC Foodmart - DUMBO,2023-10-22 00:00,2023-10-22 00:00,pharmacy,15.23
"Conrad, Frederick","Farrell, Christopher",frederick.conrad@abcfoodmart.com,2023-11-24,ABC Foodmart - Bay Ridge,2024-10-16 00:00,2024-10-16 00:00,bakery,13.59
"Spears, Erin","Johnston, William",erin.spears@abcfoodmart.com,2023-07-30,ABC Foodmart - Staten Island,2024-03-25 00:00,2024-03-25 00:00,dry goods,18.29
"Martin, Monica","Hoffman, Tina",monica.martin@abcfoodmart.com,2023-11-23,ABC Foodmart - Staten Island,2024-05-25 00:00,2024-05-25 00:00,dairy,18.92
"Kerr, Jason","Farrell, Christopher",jason.kerr@abcfoodmart.com,2022-11-21,ABC Foodmart - Whitestone,2023-05-21 00:00,2023-05-21 00:00,pharmacy,17.23
"Wilson, Jill","Waller, Chad",jill.wilson@abcfoodmart.com,2022-12-06,ABC Foodmart - DUMBO,2023-09-13 00:00,2023-09-13 00:00,dairy,16.41
"Walters, Jay","Flores, Angela",jay.walters@abcfoodmart.com,2023-12-17,ABC Foodmart - Whitestone,2024-10-16 00:00,2024-10-16 00:00,deli,15.50
"Galvan, Lori","Williams, Gina",lori.galvan@abcfoodmart.com,2022-05-24,ABC Foodmart - Tribeca,2022-09-14 00:00,2022-09-14 00:00,fresh produce,17.63
"Wood, Joshua","David, Mr.",joshua.wood@abcfoodmart.com,2022-11-26,ABC Foodmart - Whitestone,2023-08-20 00:00,2023-08-20 00:00,cashier,14.97
"Ellis, Lauren","Cooper, Robert",lauren.ellis@abcfoodmart.com,2022-10-22,ABC Foodmart - Whitestone,2023-04-08 00:00,2023-04-08 00:00,dairy,14.12
"Jones, Christopher","Cooper, Robert",christopher.jones@abcfoodmart.com,2022-05-19,ABC Foodmart - Bay Ridge,2023-01-04 00:00,2023-01-04 00:00,customer service,15.11
"Mckinney, Marcus","Waller, Chad",marcus.mckinney@abcfoodmart.com,2022-08-14,ABC Foodmart - Bay Ridge,2023-05-27 00:00,2023-05-27 00:00,cashier,18.51
"Sosa, David","Flores, Angela",david.sosa@abcfoodmart.com,2023-07-27,ABC Foodmart - DUMBO,2024-01-20 00:00,2024-01-20 00:00,dry goods,19.10
"Thomas, Robert","Williams, Gina",robert.thomas@abcfoodmart.com,2022-05-18,ABC Foodmart - DUMBO,2022-11-24 00:00,2022-11-24 00:00,dry goods,14.13
"Harrell, Angie","Cooper, Robert",angie.harrell@abcfoodmart.com,2023-06-01,ABC Foodmart - DUMBO,2024-01-22 00:00,2024-01-22 00:00,pharmacy,19.36
"Chambers, Jeffrey","David, Mr.",jeffrey.chambers@abcfoodmart.com,2022-09-29,ABC Foodmart - Tribeca,2023-02-21 00:00,2023-02-21 00:00,customer service,13.86
"Walters, Jay","Compton, Jeffrey",jay.walters@abcfoodmart.com,2023-12-17,ABC Foodmart - Staten Island,2024-10-21 00:00,2024-10-21 00:00,frozen foods,18.22
"Foster, Kenneth","Hoffman, Tina",kenneth.foster@abcfoodmart.com,2023-04-23,ABC Foodmart - Whitestone,2023-11-12 00:00,2023-11-12 00:00,seafood,19.60
"Day, Natasha","Hoffman, Tina",natasha.day@abcfoodmart.com,2023-08-02,ABC Foodmart - Bay Ridge,2023-11-22 00:00,2023-11-22 00:00,floral,15.73
"Alvarez, Brenda","David, Mr.",brenda.alvarez@abcfoodmart.com,2023-11-16,ABC Foodmart - Bay Ridge,2024-06-11 00:00,2024-06-11 00:00,dairy,13.91
"Shah, Amanda","David, Mr.",amanda.shah@abcfoodmart.com,2023-10-07,ABC Foodmart - Tribeca,2024-04-16 00:00,2024-04-16 00:00,dairy,12.87
"Hernandez, Michael","Ellis, Grant",michael.hernandez@abcfoodmart.com,2022-05-24,ABC Foodmart - Whitestone,2023-04-07 00:00,2023-04-07 00:00,customer service,17.42
"Perry, Andrea","Carter, Karen",andrea.perry@abcfoodmart.com,2023-05-05,ABC Foodmart - DUMBO,2024-01-24 00:00,2024-01-24 00:00,dry goods,12.28
"Alvarez, Brenda","Cooper, Robert",brenda.alvarez@abcfoodmart.com,2023-11-16,ABC Foodmart - Whitestone,2024-06-22 00:00,2024-06-22 00:00,dairy,12.28
"Nguyen, Richard","Compton, Jeffrey",richard.nguyen@abcfoodmart.com,2022-09-27,ABC Foodmart - DUMBO,2023-04-08 00:00,2023-04-08 00:00,fresh produce,18.92
"Bryan, Mr.","Hoffman, Tina",mr..bryan@abcfoodmart.com,2023-08-26,ABC Foodmart - DUMBO,2024-04-20 00:00,2024-04-20 00:00,fresh produce,18.79
"Mckinney, Marcus","Waller, Chad",marcus.mckinney@abcfoodmart.com,2022-08-14,ABC Foodmart - Staten Island,2023-06-21 00:00,2023-06-21 00:00,bakery,13.87
"Rogers, Mark","Moran, John",mark.rogers@abcfoodmart.com,2023-05-08,ABC Foodmart - Bay Ridge,2023-09-30 00:00,2023-09-30 00:00,fresh produce,16.90
"Riley, Ashley","Ellis, Grant",ashley.riley@abcfoodmart.com,2022-08-17,ABC Foodmart - Bay Ridge,2023-04-13 00:00,2023-04-13 00:00,fresh produce,16.59
"Perry, Andrea","David, Mr.",andrea.perry@abcfoodmart.com,2023-05-05,ABC Foodmart - DUMBO,2024-02-12 00:00,2024-02-12 00:00,deli,17.11
"Thompson, Matthew","Moran, John",matthew.thompson@abcfoodmart.com,2022-04-22,ABC Foodmart - Tribeca,2022-08-23 00:00,2022-08-23 00:00,cashier,19.08
"Jones, Christopher","David, Mr.",christopher.jones@abcfoodmart.com,2022-05-19,ABC Foodmart - DUMBO,2023-01-09 00:00,2023-01-09 00:00,dairy,16.88
"Johnson, Samantha","Cooper, Robert",samantha.johnson@abcfoodmart.com,2023-01-16,ABC Foodmart - Whitestone,2023-09-04 00:00,2023-09-04 00:00,meats,16.04
"Carroll, Eric","Hoffman, Tina",eric.carroll@abcfoodmart.com,2022-12-26,ABC Foodmart - Whitestone,2023-10-12 00:00,2023-10-12 00:00,customer service,16.11
"Mckinney, Marcus","Ellis, Grant",marcus.mckinney@abcfoodmart.com,2022-08-14,ABC Foodmart - Tribeca,2023-06-26 00:00,2023-06-26 00:00,cashier,17.12
"Thompson, Matthew","Cooper, Robert",matthew.thompson@abcfoodmart.com,2022-04-22,ABC Foodmart - Tribeca,2022-09-02 00:00,2022-09-02 00:00,pharmacy,17.65
"Rogers, Mark","Carter, Karen",mark.rogers@abcfoodmart.com,2023-05-08,ABC Foodmart - Tribeca,2023-10-21 00:00,2023-10-21 00:00,customer service,19.80
"Kramer, Veronica","Hoffman, Tina",veronica.kramer@abcfoodmart.com,2023-03-28,ABC Foodmart - DUMBO,2023-10-02 00:00,2023-10-02 00:00,fresh produce,16.12
"Thompson, Matthew","Ellis, Grant",matthew.thompson@abcfoodmart.com,2022-04-22,ABC Foodmart - Bay Ridge,2022-09-05 00:00,2022-09-05 00:00,frozen foods,17.78
"Dodson, Courtney","Johnston, William",courtney.dodson@abcfoodmart.com,2023-01-10,ABC Foodmart - Staten Island,2023-08-10 00:00,2023-08-10 00:00,pharmacy,15.39
"Torres, Steven","Johnston, William",steven.torres@abcfoodmart.com,2023-05-10,ABC Foodmart - DUMBO,2023-09-13 00:00,2023-09-13 00:00,dairy,15.50
"Riley, Ashley","Moran, John",ashley.riley@abcfoodmart.com,2022-08-17,ABC Foodmart - DUMBO,2023-04-19 00:00,2023-04-19 00:00,customer service,16.91
"Thompson, Matthew","Hoffman, Tina",matthew.thompson@abcfoodmart.com,2022-04-22,ABC Foodmart - Tribeca,2022-09-12 00:00,2022-09-12 00:00,dry goods,12.49
"Foster, Kenneth","Ellis, Grant",kenneth.foster@abcfoodmart.com,2023-04-23,ABC Foodmart - DUMBO,2023-11-29 00:00,2023-11-29 00:00,cashier,17.03
"Waters, Julie","Flores, Angela",julie.waters@abcfoodmart.com,2023-05-20,ABC Foodmart - Staten Island,2023-11-10 00:00,2023-11-10 00:00,fresh produce,12.61
"White, Kenneth","Cooper, Robert",kenneth.white@abcfoodmart.com,2023-01-22,ABC Foodmart - Bay Ridge,2023-12-23 00:00,2023-12-23 00:00,bakery,15.69
"Perry, Andrea","Carter, Karen",andrea.perry@abcfoodmart.com,2023-05-05,ABC Foodmart - Staten Island,2024-02-29 00:00,2024-02-29 00:00,pharmacy,16.81
"Bryan, Mr.","Flores, Angela",mr..bryan@abcfoodmart.com,2023-08-26,ABC Foodmart - Bay Ridge,2024-05-11 00:00,2024-05-11 00:00,pharmacy,12.87
"Randolph, Emily","Flores, Angela",emily.randolph@abcfoodmart.com,2023-03-09,ABC Foodmart - Tribeca,2023-10-29 00:00,2023-10-29 00:00,frozen foods,18.98
"Moon, James","Farrell, Christopher",james.moon@abcfoodmart.com,2023-10-20,ABC Foodmart - Bay Ridge,2024-01-02 00:00,2024-01-02 00:00,dry goods,19.61
"Love, Thomas","Carter, Karen",thomas.love@abcfoodmart.com,2024-02-18,ABC Foodmart - Bay Ridge,2024-08-21 00:00,2024-08-21 00:00,dairy,13.29
"Brown, Lisa","Cooper, Robert",lisa.brown@abcfoodmart.com,2022-08-18,ABC Foodmart - DUMBO,2023-03-31 00:00,2023-03-31 00:00,seafood,17.39
"Love, Thomas","Moran, John",thomas.love@abcfoodmart.com,2024-02-18,ABC Foodmart - Whitestone,2024-09-19 00:00,2024-09-19 00:00,meats,17.97
"Shah, Amanda","Ellis, Grant",amanda.shah@abcfoodmart.com,2023-10-07,ABC Foodmart - Tribeca,2024-05-06 00:00,2024-05-06 00:00,pharmacy,17.91
"Hull, Shane","Ellis, Grant",shane.hull@abcfoodmart.com,2024-01-09,ABC Foodmart - DUMBO,2024-06-14 00:00,2024-06-14 00:00,cashier,13.08
"Shah, Amanda","Farrell, Christopher",amanda.shah@abcfoodmart.com,2023-10-07,ABC Foodmart - Tribeca,2024-05-15 00:00,2024-05-15 00:00,deli,12.25
"Nichols, Brandon","Cooper, Robert",brandon.nichols@abcfoodmart.com,2024-02-28,ABC Foodmart - DUMBO,2024-09-27 00:00,2024-09-27 00:00,fresh produce,15.65
"Atkinson, Gary","Waller, Chad",gary.atkinson@abcfoodmart.com,2022-05-24,ABC Foodmart - Bay Ridge,2022-11-28 00:00,2022-11-28 00:00,bakery,14.71
"Moon, James","Ellis, Grant",james.moon@abcfoodmart.com,2023-10-20,ABC Foodmart - DUMBO,2024-01-13 00:00,2024-01-13 00:00,frozen foods,12.58
"Campbell, Brittany","Compton, Jeffrey",brittany.campbell@abcfoodmart.com,2023-03-25,ABC Foodmart - Bay Ridge,2023-10-23 00:00,2023-10-23 00:00,seafood,19.53
"Warren, Timothy","Moran, John",timothy.warren@abcfoodmart.com,2022-12-27,ABC Foodmart - DUMBO,2023-09-06 00:00,2023-09-06 00:00,frozen foods,12.48
"Walls, Kristen","Johnston, William",kristen.walls@abcfoodmart.com,2023-02-10,ABC Foodmart - Tribeca,2023-08-20 00:00,2023-08-20 00:00,fresh produce,17.12
"Gardner, Laura","David, Mr.",laura.gardner@abcfoodmart.com,2023-09-04,ABC Foodmart - DUMBO,2023-12-27 00:00,2023-12-27 00:00,frozen foods,14.63
"Eric, Mr.","Moran, John",mr..eric@abcfoodmart.com,2022-09-02,ABC Foodmart - Bay Ridge,2023-02-17 00:00,2023-02-17 00:00,frozen foods,13.44
"Campbell, Bethany","Moran, John",bethany.campbell@abcfoodmart.com,2023-10-07,ABC Foodmart - Staten Island,2024-01-31 00:00,2024-01-31 00:00,frozen foods,16.69
"Eric, Mr.","Carter, Karen",mr..eric@abcfoodmart.com,2022-09-02,ABC Foodmart - DUMBO,2023-03-02 00:00,2023-03-02 00:00,meats,18.97
"Moon, James","Hoffman, Tina",james.moon@abcfoodmart.com,2023-10-20,ABC Foodmart - DUMBO,2024-01-16 00:00,2024-01-16 00:00,frozen foods,19.13
"Horton, Ashley","Farrell, Christopher",ashley.horton@abcfoodmart.com,2024-01-24,ABC Foodmart - Tribeca,2024-08-18 00:00,2024-08-18 00:00,cashier,14.01
"Roach, Christine","Carter, Karen",christine.roach@abcfoodmart.com,2023-10-15,ABC Foodmart - Staten Island,2024-05-10 00:00,2024-05-10 00:00,deli,12.56
"Conrad, Frederick","Cooper, Robert",frederick.conrad@abcfoodmart.com,2023-11-24,ABC Foodmart - Staten Island,2024-10-23 00:00,2024-10-23 00:00,dry goods,15.40
"Smith, Diana","Moran, John",diana.smith@abcfoodmart.com,2023-05-31,ABC Foodmart - Staten Island,2023-11-27 00:00,2023-11-27 00:00,seafood,16.38
"Warren, Timothy","Flores, Angela",timothy.warren@abcfoodmart.com,2022-12-27,ABC Foodmart - Whitestone,2023-09-10 00:00,2023-09-10 00:00,meats,12.09
"Woods, Marcus","Farrell, Christopher",marcus.woods@abcfoodmart.com,2024-04-01,ABC Foodmart - Whitestone,2024-08-11 00:00,2024-08-11 00:00,seafood,17.75
"Love, Thomas","Compton, Jeffrey",thomas.love@abcfoodmart.com,2024-02-18,ABC Foodmart - DUMBO,2024-10-04 00:00,2024-10-04 00:00,dry goods,13.09
"Johnson, Samantha","Cooper, Robert",samantha.johnson@abcfoodmart.com,2023-01-16,ABC Foodmart - DUMBO,2023-09-15 00:00,2023-09-15 00:00,frozen foods,13.96
"Jones, Christopher","Cooper, Robert",christopher.jones@abcfoodmart.com,2022-05-19,ABC Foodmart - Bay Ridge,2023-01-31 00:00,2023-01-31 00:00,fresh produce,15.88
"Campbell, Bethany","Waller, Chad",bethany.campbell@abcfoodmart.com,2023-10-07,ABC Foodmart - Whitestone,2024-02-10 00:00,2024-02-10 00:00,frozen foods,12.00
"Sosa, David","Carter, Karen",david.sosa@abcfoodmart.com,2023-07-27,ABC Foodmart - DUMBO,2024-01-25 00:00,2024-01-25 00:00,seafood,15.84
"Smith, Brandy","Carter, Karen",brandy.smith@abcfoodmart.com,2023-12-26,ABC Foodmart - Whitestone,2024-07-24 00:00,2024-07-24 00:00,dairy,14.47
"Spears, Erin","Compton, Jeffrey",erin.spears@abcfoodmart.com,2023-07-30,ABC Foodmart - Whitestone,2024-03-30 00:00,2024-03-30 00:00,bakery,13.54
"Nichols, Brandon","Compton, Jeffrey",brandon.nichols@abcfoodmart.com,2024-02-28,ABC Foodmart - Whitestone,2024-10-20 00:00,2024-10-20 00:00,dairy,18.29
"Jacobs, Brenda","Farrell, Christopher",brenda.jacobs@abcfoodmart.com,2024-02-09,ABC Foodmart - Staten Island,2024-09-13 00:00,2024-09-13 00:00,floral,19.32
"Jackson, Gary","Cooper, Robert",gary.jackson@abcfoodmart.com,2022-09-08,ABC Foodmart - DUMBO,2022-12-06 00:00,2022-12-06 00:00,dairy,17.75
"Blanchard, Ricky","Hoffman, Tina",ricky.blanchard@abcfoodmart.com,2023-05-23,ABC Foodmart - Tribeca,2023-09-12 00:00,2023-09-12 00:00,pharmacy,13.61
"Jackson, Michael","Hoffman, Tina",michael.jackson@abcfoodmart.com,2022-10-31,ABC Foodmart - DUMBO,2023-02-24 00:00,2023-02-24 00:00,fresh produce,17.02
"Henderson, Nancy","Compton, Jeffrey",nancy.henderson@abcfoodmart.com,2023-12-30,ABC Foodmart - Tribeca,2024-06-02 00:00,2024-06-02 00:00,seafood,19.95
"Torres, Steven","Carter, Karen",steven.torres@abcfoodmart.com,2023-05-10,ABC Foodmart - Bay Ridge,2023-10-04 00:00,2023-10-04 00:00,dry goods,14.69
"Galvan, Lori","Waller, Chad",lori.galvan@abcfoodmart.com,2022-05-24,ABC Foodmart - Tribeca,2022-09-26 00:00,2022-09-26 00:00,meats,18.11
"Harrell, Angie","Compton, Jeffrey",angie.harrell@abcfoodmart.com,2023-06-01,ABC Foodmart - Whitestone,2024-01-29 00:00,2024-01-29 00:00,meats,19.30
"Thomas, Robert","Williams, Gina",robert.thomas@abcfoodmart.com,2022-05-18,ABC Foodmart - Staten Island,2022-12-02 00:00,2022-12-02 00:00,deli,13.85
"Thomas, Robert","Flores, Angela",robert.thomas@abcfoodmart.com,2022-05-18,ABC Foodmart - Whitestone,2022-12-21 00:00,2022-12-21 00:00,pharmacy,19.44
"Williams, Michael","Waller, Chad",michael.williams@abcfoodmart.com,2023-06-11,ABC Foodmart - Whitestone,2023-12-26 00:00,2023-12-26 00:00,dairy,17.41
"Moyer, Steven","Williams, Gina",steven.moyer@abcfoodmart.com,2022-12-26,ABC Foodmart - Staten Island,2023-02-18 00:00,2023-02-18 00:00,pharmacy,17.95
"Moon, James","Moran, John",james.moon@abcfoodmart.com,2023-10-20,ABC Foodmart - Bay Ridge,2024-01-30 00:00,2024-01-30 00:00,floral,18.13
"Gross, Andrew","Moran, John",andrew.gross@abcfoodmart.com,2022-04-30,ABC Foodmart - DUMBO,2022-11-07 00:00,2022-11-07 00:00,seafood,14.92
"Carroll, Eric","Farrell, Christopher",eric.carroll@abcfoodmart.com,2022-12-26,ABC Foodmart - Staten Island,2023-11-02 00:00,2023-11-02 00:00,floral,15.07
"Chen, Kathleen","Carter, Karen",kathleen.chen@abcfoodmart.com,2024-02-03,ABC Foodmart - Staten Island,2024-04-16 00:00,2024-04-16 00:00,dairy,17.15
"Thompson, Matthew","Carter, Karen",matthew.thompson@abcfoodmart.com,2022-04-22,ABC Foodmart - DUMBO,2022-09-26 00:00,2022-09-26 00:00,customer service,18.44
"Chambers, Jeffrey","Carter, Karen",jeffrey.chambers@abcfoodmart.com,2022-09-29,ABC Foodmart - Bay Ridge,2023-03-08 00:00,2023-03-08 00:00,meats,12.12
"Sosa, David","Cooper, Robert",david.sosa@abcfoodmart.com,2023-07-27,ABC Foodmart - Whitestone,2024-02-18 00:00,2024-02-18 00:00,seafood,18.68
"Atkinson, Gary","Flores, Angela",gary.atkinson@abcfoodmart.com,2022-05-24,ABC Foodmart - DUMBO,2022-12-27 00:00,2022-12-27 00:00,seafood,14.42
"Jackson, Michael","Cooper, Robert",michael.jackson@abcfoodmart.com,2022-10-31,ABC Foodmart - Bay Ridge,2023-03-24 00:00,2023-03-24 00:00,dairy,12.06
"Torres, Steven","Williams, Gina",steven.torres@abcfoodmart.com,2023-05-10,ABC Foodmart - Staten Island,2023-10-10 00:00,2023-10-10 00:00,meats,14.62
"Thompson, Andrea","Johnston, William",andrea.thompson@abcfoodmart.com,2023-01-06,ABC Foodmart - Tribeca,2023-05-17 00:00,2023-05-17 00:00,deli,13.56
"Chen, Kathleen","Flores, Angela",kathleen.chen@abcfoodmart.com,2024-02-03,ABC Foodmart - Staten Island,2024-05-13 00:00,2024-05-13 00:00,floral,19.27
"Kramer, Veronica","Williams, Gina",veronica.kramer@abcfoodmart.com,2023-03-28,ABC Foodmart - Tribeca,2023-10-31 00:00,2023-10-31 00:00,seafood,13.05
"Pena, Johnathan","David, Mr.",johnathan.pena@abcfoodmart.com,2023-02-22,ABC Foodmart - Staten Island,2023-08-12 00:00,2023-08-12 00:00,frozen foods,12.98
"Gardner, Laura","Ellis, Grant",laura.gardner@abcfoodmart.com,2023-09-04,ABC Foodmart - Bay Ridge,2024-01-21 00:00,2024-01-21 00:00,cashier,12.04
"Nichols, Brandon","Flores, Angela",brandon.nichols@abcfoodmart.com,2024-02-28,ABC Foodmart - Tribeca,2024-11-08 00:00,2024-11-08 00:00,meats,18.66
"Durham, Denise","Ellis, Grant",denise.durham@abcfoodmart.com,2022-10-24,ABC Foodmart - DUMBO,2023-04-27 00:00,2023-04-27 00:00,floral,15.66
"Jackson, Michael","Johnston, William",michael.jackson@abcfoodmart.com,2022-10-31,ABC Foodmart - DUMBO,2023-04-05 00:00,2023-04-05 00:00,dry goods,16.04
"Bradley, Rita","Cooper, Robert",rita.bradley@abcfoodmart.com,2023-08-06,ABC Foodmart - DUMBO,2024-04-17 00:00,2024-04-17 00:00,meats,13.66
"Herrera, Spencer","Compton, Jeffrey",spencer.herrera@abcfoodmart.com,2023-01-16,ABC Foodmart - DUMBO,2023-05-18 00:00,2023-05-18 00:00,floral,15.12
"Burns, Kendra","Compton, Jeffrey",kendra.burns@abcfoodmart.com,2022-12-13,ABC Foodmart - Whitestone,2023-04-27 00:00,2023-04-27 00:00,dry goods,13.33
"Dodson, Courtney","Moran, John",courtney.dodson@abcfoodmart.com,2023-01-10,ABC Foodmart - Whitestone,2023-09-08 00:00,2023-09-08 00:00,deli,16.64
"Walls, Kristen","Hoffman, Tina",kristen.walls@abcfoodmart.com,2023-02-10,ABC Foodmart - Bay Ridge,2023-08-25 00:00,2023-08-25 00:00,dairy,14.19
"Thompson, Matthew","David, Mr.",matthew.thompson@abcfoodmart.com,2022-04-22,ABC Foodmart - DUMBO,2022-10-22 00:00,2022-10-22 00:00,cashier,13.31
"Marquez, Jeffrey","Williams, Gina",jeffrey.marquez@abcfoodmart.com,2023-02-19,ABC Foodmart - Whitestone,2023-08-26 00:00,2023-08-26 00:00,dairy,12.53
"Bennett, Alec","Ellis, Grant",alec.bennett@abcfoodmart.com,2023-10-03,ABC Foodmart - Whitestone,2024-02-21 00:00,2024-02-21 00:00,pharmacy,16.93
"Manning, Maria","Farrell, Christopher",maria.manning@abcfoodmart.com,2022-11-16,ABC Foodmart - Tribeca,2023-03-20 00:00,2023-03-20 00:00,customer service,19.61
"Burns, Kendra","Waller, Chad",kendra.burns@abcfoodmart.com,2022-12-13,ABC Foodmart - Bay Ridge,2023-05-16 00:00,2023-05-16 00:00,seafood,19.14
"Brown, Lisa","Hoffman, Tina",lisa.brown@abcfoodmart.com,2022-08-18,ABC Foodmart - Whitestone,2023-04-03 00:00,2023-04-03 00:00,dairy,18.12
"Garcia, Sarah","Cooper, Robert",sarah.garcia@abcfoodmart.com,2022-12-14,ABC Foodmart - Whitestone,2023-07-19 00:00,2023-07-19 00:00,seafood,16.26
"Thomas, Robert","Moran, John",robert.thomas@abcfoodmart.com,2022-05-18,ABC Foodmart - Staten Island,2023-01-04 00:00,2023-01-04 00:00,frozen foods,14.55
"Williams, Michael","Compton, Jeffrey",michael.williams@abcfoodmart.com,2023-06-11,ABC Foodmart - Tribeca,2023-12-28 00:00,2023-12-28 00:00,floral,16.69
"Glover, Michelle","David, Mr.",michelle.glover@abcfoodmart.com,2022-08-25,ABC Foodmart - Bay Ridge,2023-02-10 00:00,2023-02-10 00:00,floral,15.27
"Gonzalez, Michele","Cooper, Robert",michele.gonzalez@abcfoodmart.com,2023-09-23,ABC Foodmart - Staten Island,2024-02-12 00:00,2024-02-12 00:00,fresh produce,15.18
"Glover, Michelle","Ellis, Grant",michelle.glover@abcfoodmart.com,2022-08-25,ABC Foodmart - DUMBO,2023-02-15 00:00,2023-02-15 00:00,dry goods,13.63
"Gross, Andrew","David, Mr.",andrew.gross@abcfoodmart.com,2022-04-30,ABC Foodmart - Tribeca,2022-11-13 00:00,2022-11-13 00:00,meats,14.62
"Garcia, Sarah","Farrell, Christopher",sarah.garcia@abcfoodmart.com,2022-12-14,ABC Foodmart - Staten Island,2023-08-04 00:00,2023-08-04 00:00,dairy,15.07
"Meyer, James","Compton, Jeffrey",james.meyer@abcfoodmart.com,2022-05-02,ABC Foodmart - DUMBO,2022-11-10 00:00,2022-11-10 00:00,bakery,14.11
"Horton, Mark","Waller, Chad",mark.horton@abcfoodmart.com,2023-02-14,ABC Foodmart - DUMBO,2023-07-05 00:00,2023-07-05 00:00,deli,14.88
"Durham, Denise","Johnston, William",denise.durham@abcfoodmart.com,2022-10-24,ABC Foodmart - Staten Island,2023-04-29 00:00,2023-04-29 00:00,floral,17.72
"Jackson, Gary","Williams, Gina",gary.jackson@abcfoodmart.com,2022-09-08,ABC Foodmart - Whitestone,2022-12-28 00:00,2022-12-28 00:00,cashier,17.99
"Smith, Brandy","Carter, Karen",brandy.smith@abcfoodmart.com,2023-12-26,ABC Foodmart - Tribeca,2024-08-13 00:00,2024-08-13 00:00,fresh produce,12.23
"Roach, Christine","Hoffman, Tina",christine.roach@abcfoodmart.com,2023-10-15,ABC Foodmart - DUMBO,2024-05-21 00:00,2024-05-21 00:00,frozen foods,14.34
"Carroll, Eric","Williams, Gina",eric.carroll@abcfoodmart.com,2022-12-26,ABC Foodmart - Staten Island,2023-11-09 00:00,2023-11-09 00:00,dry goods,15.45
"Horton, Ashley","Flores, Angela",ashley.horton@abcfoodmart.com,2024-01-24,ABC Foodmart - DUMBO,2024-08-31 00:00,2024-08-31 00:00,meats,15.54
"Chambers, Jeffrey","David, Mr.",jeffrey.chambers@abcfoodmart.com,2022-09-29,ABC Foodmart - Tribeca,2023-03-28 00:00,2023-03-28 00:00,pharmacy,15.93
"Wilson, Jill","Moran, John",jill.wilson@abcfoodmart.com,2022-12-06,ABC Foodmart - DUMBO,2023-09-26 00:00,2023-09-26 00:00,meats,12.26
"Long, Kirsten","Carter, Karen",kirsten.long@abcfoodmart.com,2024-02-24,ABC Foodmart - Staten Island,2024-06-30 00:00,2024-06-30 00:00,fresh produce,15.20
"Payne, Samantha","Farrell, Christopher",samantha.payne@abcfoodmart.com,2024-04-06,ABC Foodmart - Bay Ridge,2025-01-02 00:00,2025-01-02 00:00,dairy,19.47
"Nguyen, Richard","Flores, Angela",richard.nguyen@abcfoodmart.com,2022-09-27,ABC Foodmart - Bay Ridge,2023-05-03 00:00,2023-05-03 00:00,cashier,15.44
"Nichols, Mitchell","Waller, Chad",mitchell.nichols@abcfoodmart.com,2022-09-30,ABC Foodmart - Staten Island,2023-03-17 00:00,2023-03-17 00:00,meats,17.13
"Werner, Kara","Carter, Karen",kara.werner@abcfoodmart.com,2023-10-12,ABC Foodmart - Whitestone,2024-04-05 00:00,2024-04-05 00:00,dairy,12.18
"Kramer, Veronica","Waller, Chad",veronica.kramer@abcfoodmart.com,2023-03-28,ABC Foodmart - Staten Island,2023-11-05 00:00,2023-11-05 00:00,pharmacy,14.57
"Garcia, Sarah","Johnston, William",sarah.garcia@abcfoodmart.com,2022-12-14,ABC Foodmart - Staten Island,2023-08-14 00:00,2023-08-14 00:00,meats,13.52
"Smith, Diana","David, Mr.",diana.smith@abcfoodmart.com,2023-05-31,ABC Foodmart - Bay Ridge,2023-12-04 00:00,2023-12-04 00:00,frozen foods,16.89
"Moore, Jason","Johnston, William",jason.moore@abcfoodmart.com,2023-07-11,ABC Foodmart - Staten Island,2024-01-03 00:00,2024-01-03 00:00,deli,16.85
"Jordan, Carla","Waller, Chad",carla.jordan@abcfoodmart.com,2023-12-17,ABC Foodmart - DUMBO,2024-04-15 00:00,2024-04-15 00:00,cashier,15.86
"Moyer, Steven","Flores, Angela",steven.moyer@abcfoodmart.com,2022-12-26,ABC Foodmart - Staten Island,2023-03-09 00:00,2023-03-09 00:00,cashier,15.22
"Meyer, James","Flores, Angela",james.meyer@abcfoodmart.com,2022-05-02,ABC Foodmart - Tribeca,2022-12-04 00:00,2022-12-04 00:00,seafood,16.32
"Hull, Shane","Hoffman, Tina",shane.hull@abcfoodmart.com,2024-01-09,ABC Foodmart - Tribeca,2024-06-26 00:00,2024-06-26 00:00,floral,18.22
"Horton, Ashley","Flores, Angela",ashley.horton@abcfoodmart.com,2024-01-24,ABC Foodmart - DUMBO,2024-09-17 00:00,2024-09-17 00:00,seafood,16.79
"Conrad, Frederick","Flores, Angela",frederick.conrad@abcfoodmart.com,2023-11-24,ABC Foodmart - Whitestone,2024-10-31 00:00,2024-10-31 00:00,cashier,15.70
"Eric, Mr.","Compton, Jeffrey",mr..eric@abcfoodmart.com,2022-09-02,ABC Foodmart - Bay Ridge,2023-03-10 00:00,2023-03-10 00:00,frozen foods,19.02
"Jones, Michael","David, Mr.",michael.jones@abcfoodmart.com,2023-01-19,ABC Foodmart - Bay Ridge,2023-05-14 00:00,2023-05-14 00:00,pharmacy,13.78
"Bryan, Mr.","Williams, Gina",mr..bryan@abcfoodmart.com,2023-08-26,ABC Foodmart - Bay Ridge,2024-05-29 00:00,2024-05-29 00:00,dairy,12.84
"Terri, Mrs.","Waller, Chad",mrs..terri@abcfoodmart.com,2022-09-23,ABC Foodmart - Whitestone,2023-07-07 00:00,2023-07-07 00:00,customer service,19.08
"Nichols, Brandon","Cooper, Robert",brandon.nichols@abcfoodmart.com,2024-02-28,ABC Foodmart - DUMBO,2024-11-19 00:00,2024-11-19 00:00,fresh produce,13.82
"Hayes, Brandon","Ellis, Grant",brandon.hayes@abcfoodmart.com,2022-09-28,ABC Foodmart - Staten Island,2023-01-26 00:00,2023-01-26 00:00,frozen foods,17.14
"Henderson, Nancy","Moran, John",nancy.henderson@abcfoodmart.com,2023-12-30,ABC Foodmart - Staten Island,2024-06-22 00:00,2024-06-22 00:00,frozen foods,16.45
"Campbell, Bethany","Ellis, Grant",bethany.campbell@abcfoodmart.com,2023-10-07,ABC Foodmart - Bay Ridge,2024-03-03 00:00,2024-03-03 00:00,meats,19.22
"Durham, Denise","Carter, Karen",denise.durham@abcfoodmart.com,2022-10-24,ABC Foodmart - Bay Ridge,2023-05-20 00:00,2023-05-20 00:00,deli,12.07
"Tate, Harry","Compton, Jeffrey",harry.tate@abcfoodmart.com,2022-09-18,ABC Foodmart - Staten Island,2023-04-22 00:00,2023-04-22 00:00,dry goods,18.22
"Brown, Lisa","Farrell, Christopher",lisa.brown@abcfoodmart.com,2022-08-18,ABC Foodmart - Tribeca,2023-04-19 00:00,2023-04-19 00:00,dairy,18.10
"Nichols, Mitchell","Johnston, William",mitchell.nichols@abcfoodmart.com,2022-09-30,ABC Foodmart - Staten Island,2023-04-06 00:00,2023-04-06 00:00,customer service,16.27
"Wilson, Jill","Flores, Angela",jill.wilson@abcfoodmart.com,2022-12-06,ABC Foodmart - Bay Ridge,2023-10-04 00:00,2023-10-04 00:00,frozen foods,17.49
"Thompson, Matthew","Compton, Jeffrey",matthew.thompson@abcfoodmart.com,2022-04-22,ABC Foodmart - Staten Island,2022-11-14 00:00,2022-11-14 00:00,meats,16.79
"Nguyen, Richard","Hoffman, Tina",richard.nguyen@abcfoodmart.com,2022-09-27,ABC Foodmart - Staten Island,2023-05-04 00:00,2023-05-04 00:00,bakery,17.43
"Perry, Andrea","Williams, Gina",andrea.perry@abcfoodmart.com,2023-05-05,ABC Foodmart - Staten Island,2024-03-07 00:00,2024-03-07 00:00,frozen foods,18.53
"Martin, Monica","David, Mr.",monica.martin@abcfoodmart.com,2023-11-23,ABC Foodmart - Tribeca,2024-06-22 00:00,2024-06-22 00:00,dairy,16.47
"Conrad, Frederick","Compton, Jeffrey",frederick.conrad@abcfoodmart.com,2023-11-24,ABC Foodmart - Staten Island,2024-11-28 00:00,2024-11-28 00:00,deli,15.49
"Galvan, Lori","Farrell, Christopher",lori.galvan@abcfoodmart.com,2022-05-24,ABC Foodmart - Tribeca,2022-10-06 00:00,2022-10-06 00:00,pharmacy,19.43
"Manning, Maria","Johnston, William",maria.manning@abcfoodmart.com,2022-11-16,ABC Foodmart - Staten Island,2023-04-17 00:00,2023-04-17 00:00,seafood,15.66
"White, Kenneth","Hoffman, Tina",kenneth.white@abcfoodmart.com,2023-01-22,ABC Foodmart - DUMBO,2024-01-20 00:00,2024-01-20 00:00,dairy,17.60
"Blanchard, Ricky","Farrell, Christopher",ricky.blanchard@abcfoodmart.com,2023-05-23,ABC Foodmart - DUMBO,2023-10-06 00:00,2023-10-06 00:00,floral,18.68
"Dodson, Courtney","Flores, Angela",courtney.dodson@abcfoodmart.com,2023-01-10,ABC Foodmart - Whitestone,2023-09-17 00:00,2023-09-17 00:00,fresh produce,19.90
"Foster, Kenneth","Johnston, William",kenneth.foster@abcfoodmart.com,2023-04-23,ABC Foodmart - Staten Island,2023-12-18 00:00,2023-12-18 00:00,bakery,18.45
"Rogers, Mark","Flores, Angela",mark.rogers@abcfoodmart.com,2023-05-08,ABC Foodmart - Staten Island,2023-11-13 00:00,2023-11-13 00:00,meats,16.35
"Foster, Jennifer","David, Mr.",jennifer.foster@abcfoodmart.com,2023-06-15,ABC Foodmart - Staten Island,2024-03-23 00:00,2024-03-23 00:00,bakery,15.75
"Gardner, Laura","Cooper, Robert",laura.gardner@abcfoodmart.com,2023-09-04,ABC Foodmart - Bay Ridge,2024-02-10 00:00,2024-02-10 00:00,pharmacy,18.31
"Blanchard, Ricky","Compton, Jeffrey",ricky.blanchard@abcfoodmart.com,2023-05-23,ABC Foodmart - Staten Island,2023-10-18 00:00,2023-10-18 00:00,dairy,16.06
"Gardner, Laura","Farrell, Christopher",laura.gardner@abcfoodmart.com,2023-09-04,ABC Foodmart - DUMBO,2024-03-03 00:00,2024-03-03 00:00,deli,16.79
"White, Kenneth","Cooper, Robert",kenneth.white@abcfoodmart.com,2023-01-22,ABC Foodmart - Whitestone,2024-01-30 00:00,2024-01-30 00:00,seafood,16.62
"Carroll, Eric","Cooper, Robert",eric.carroll@abcfoodmart.com,2022-12-26,ABC Foodmart - Tribeca,2023-11-19 00:00,2023-11-19 00:00,meats,14.26
"Glover, Michelle","Cooper, Robert",michelle.glover@abcfoodmart.com,2022-08-25,ABC Foodmart - Whitestone,2023-02-22 00:00,2023-02-22 00:00,deli,14.52
"Blanchard, Ricky","Cooper, Robert",ricky.blanchard@abcfoodmart.com,2023-05-23,ABC Foodmart - Staten Island,2023-11-13 00:00,2023-11-13 00:00,meats,13.79
"Garcia, Sarah","Cooper, Robert",sarah.garcia@abcfoodmart.com,2022-12-14,ABC Foodmart - Staten Island,2023-09-01 00:00,2023-09-01 00:00,dairy,14.90
"Jackson, Michael","Farrell, Christopher",michael.jackson@abcfoodmart.com,2022-10-31,ABC Foodmart - Tribeca,2023-04-20 00:00,2023-04-20 00:00,bakery,16.03
"Colon, Lindsey","Ellis, Grant",lindsey.colon@abcfoodmart.com,2023-02-16,ABC Foodmart - Staten Island,2023-10-10 00:00,2023-10-10 00:00,frozen foods,15.36
"Herrera, Spencer","Flores, Angela",spencer.herrera@abcfoodmart.com,2023-01-16,ABC Foodmart - Staten Island,2023-06-01 00:00,2023-06-01 00:00,meats,17.55
"Jones, Evelyn","Carter, Karen",evelyn.jones@abcfoodmart.com,2024-02-25,ABC Foodmart - Bay Ridge,2024-09-26 00:00,2024-09-26 00:00,floral,19.50
"Jacobs, Brenda","Carter, Karen",brenda.jacobs@abcfoodmart.com,2024-02-09,ABC Foodmart - DUMBO,2024-09-26 00:00,2024-09-26 00:00,deli,14.93
"Roach, Christine","Flores, Angela",christine.roach@abcfoodmart.com,2023-10-15,ABC Foodmart - Bay Ridge,2024-05-30 00:00,2024-05-30 00:00,customer service,19.99
"Waters, Julie","Compton, Jeffrey",julie.waters@abcfoodmart.com,2023-05-20,ABC Foodmart - Staten Island,2023-12-09 00:00,2023-12-09 00:00,floral,15.41
"Thomas, Robert","Williams, Gina",robert.thomas@abcfoodmart.com,2022-05-18,ABC Foodmart - Staten Island,2023-02-01 00:00,2023-02-01 00:00,customer service,16.96
"Smith, Diana","David, Mr.",diana.smith@abcfoodmart.com,2023-05-31,ABC Foodmart - DUMBO,2024-01-01 00:00,2024-01-01 00:00,fresh produce,20.19
"Walters, Jay","Farrell, Christopher",jay.walters@abcfoodmart.com,2023-12-17,ABC Foodmart - Staten Island,2024-10-30 00:00,2024-10-30 00:00,fresh produce,19.65
"Jackson, Gary","Waller, Chad",gary.jackson@abcfoodmart.com,2022-09-08,ABC Foodmart - Staten Island,2023-01-23 00:00,2023-01-23 00:00,pharmacy,16.28
"Alvarez, Brenda","Cooper, Robert",brenda.alvarez@abcfoodmart.com,2023-11-16,ABC Foodmart - DUMBO,2024-07-20 00:00,2024-07-20 00:00,floral,13.52
"Hughes, Christopher","Ellis, Grant",christopher.hughes@abcfoodmart.com,2022-09-01,ABC Foodmart - Whitestone,2023-04-26 00:00,2023-04-26 00:00,meats,15.65
"Thomas, Robert","Flores, Angela",robert.thomas@abcfoodmart.com,2022-05-18,ABC Foodmart - Whitestone,2023-02-27 00:00,2023-02-27 00:00,meats,12.06
"Riley, Ashley","Farrell, Christopher",ashley.riley@abcfoodmart.com,2022-08-17,ABC Foodmart - Bay Ridge,2023-05-13 00:00,2023-05-13 00:00,cashier,16.81
"Glover, Michelle","Ellis, Grant",michelle.glover@abcfoodmart.com,2022-08-25,ABC Foodmart - Whitestone,2023-03-11 00:00,2023-03-11 00:00,fresh produce,14.06
"Jackson, Gary","David, Mr.",gary.jackson@abcfoodmart.com,2022-09-08,ABC Foodmart - Tribeca,2023-01-31 00:00,2023-01-31 00:00,fresh produce,13.64
"Moon, James","Moran, John",james.moon@abcfoodmart.com,2023-10-20,ABC Foodmart - Staten Island,2024-02-23 00:00,2024-02-23 00:00,bakery,16.12
"Moon, James","Flores, Angela",james.moon@abcfoodmart.com,2023-10-20,ABC Foodmart - DUMBO,2024-03-05 00:00,2024-03-05 00:00,dairy,18.84
"Jordan, Carla","Hoffman, Tina",carla.jordan@abcfoodmart.com,2023-12-17,ABC Foodmart - Bay Ridge,2024-04-28 00:00,2024-04-28 00:00,seafood,18.05
"Eric, Mr.","Carter, Karen",mr..eric@abcfoodmart.com,2022-09-02,ABC Foodmart - Staten Island,2023-04-03 00:00,2023-04-03 00:00,deli,14.56
"Pena, Johnathan","Carter, Karen",johnathan.pena@abcfoodmart.com,2023-02-22,ABC Foodmart - DUMBO,2023-08-13 00:00,2023-08-13 00:00,deli,15.09
"Horton, Ashley","Williams, Gina",ashley.horton@abcfoodmart.com,2024-01-24,ABC Foodmart - Bay Ridge,2024-10-13 00:00,2024-10-13 00:00,floral,19.99
"Marquez, Jeffrey","Farrell, Christopher",jeffrey.marquez@abcfoodmart.com,2023-02-19,ABC Foodmart - Staten Island,2023-08-30 00:00,2023-08-30 00:00,seafood,17.41
"Gardner, Laura","Hoffman, Tina",laura.gardner@abcfoodmart.com,2023-09-04,ABC Foodmart - DUMBO,2024-03-26 00:00,2024-03-26 00:00,dry goods,18.56
"Smith, Brandy","Flores, Angela",brandy.smith@abcfoodmart.com,2023-12-26,ABC Foodmart - Bay Ridge,2024-09-07 00:00,2024-09-07 00:00,deli,15.10
"Warren, Timothy","Johnston, William",timothy.warren@abcfoodmart.com,2022-12-27,ABC Foodmart - Whitestone,2023-09-21 00:00,2023-09-21 00:00,deli,18.77
"Thomas, Robert","David, Mr.",robert.thomas@abcfoodmart.com,2022-05-18,ABC Foodmart - DUMBO,2023-03-18 00:00,2023-03-18 00:00,frozen foods,18.74
"Shah, Amanda","Hoffman, Tina",amanda.shah@abcfoodmart.com,2023-10-07,ABC Foodmart - Tribeca,2024-05-31 00:00,2024-05-31 00:00,fresh produce,19.51
"Durham, Denise","Johnston, William",denise.durham@abcfoodmart.com,2022-10-24,ABC Foodmart - Tribeca,2023-06-04 00:00,2023-06-04 00:00,frozen foods,16.82
"Hughes, Christopher","Ellis, Grant",christopher.hughes@abcfoodmart.com,2022-09-01,ABC Foodmart - Tribeca,2023-04-30 00:00,2023-04-30 00:00,fresh produce,16.49
"Mckinney, Marcus","Compton, Jeffrey",marcus.mckinney@abcfoodmart.com,2022-08-14,ABC Foodmart - Whitestone,2023-07-04 00:00,2023-07-04 00:00,frozen foods,13.11
"Vasquez, Peter","Carter, Karen",peter.vasquez@abcfoodmart.com,2023-01-05,ABC Foodmart - Tribeca,2023-06-20 00:00,2023-06-20 00:00,meats,19.22
"Spears, Erin","Farrell, Christopher",erin.spears@abcfoodmart.com,2023-07-30,ABC Foodmart - Whitestone,2024-04-05 00:00,2024-04-05 00:00,floral,13.26
"Harrell, Angie","Flores, Angela",angie.harrell@abcfoodmart.com,2023-06-01,ABC Foodmart - Whitestone,2024-02-05 00:00,2024-02-05 00:00,customer service,12.79
"Randolph, Emily","Johnston, William",emily.randolph@abcfoodmart.com,2023-03-09,ABC Foodmart - Bay Ridge,2023-11-02 00:00,2023-11-02 00:00,bakery,15.62
"Jones, Evelyn","Flores, Angela",evelyn.jones@abcfoodmart.com,2024-02-25,ABC Foodmart - Staten Island,2024-09-30 00:00,2024-09-30 00:00,frozen foods,14.50
"Torres, Steven","Cooper, Robert",steven.torres@abcfoodmart.com,2023-05-10,ABC Foodmart - Whitestone,2023-10-27 00:00,2023-10-27 00:00,pharmacy,12.47
"Kramer, Veronica","Waller, Chad",veronica.kramer@abcfoodmart.com,2023-03-28,ABC Foodmart - Whitestone,2023-11-11 00:00,2023-11-11 00:00,seafood,19.79
"Love, Thomas","Carter, Karen",thomas.love@abcfoodmart.com,2024-02-18,ABC Foodmart - DUMBO,2024-10-29 00:00,2024-10-29 00:00,floral,17.52
"Mckinney, Marcus","Carter, Karen",marcus.mckinney@abcfoodmart.com,2022-08-14,ABC Foodmart - Whitestone,2023-07-24 00:00,2023-07-24 00:00,dry goods,15.82
"Tate, Harry","Hoffman, Tina",harry.tate@abcfoodmart.com,2022-09-18,ABC Foodmart - Tribeca,2023-05-13 00:00,2023-05-13 00:00,dairy,17.56
"Galvan, Lori","David, Mr.",lori.galvan@abcfoodmart.com,2022-05-24,ABC Foodmart - DUMBO,2022-10-09 00:00,2022-10-09 00:00,dairy,16.53
"Thomas, Robert","Hoffman, Tina",robert.thomas@abcfoodmart.com,2022-05-18,ABC Foodmart - Tribeca,2023-04-02 00:00,2023-04-02 00:00,dairy,15.18
"Thomas, Robert","Flores, Angela",robert.thomas@abcfoodmart.com,2022-05-18,ABC Foodmart - Bay Ridge,2023-04-30 00:00,2023-04-30 00:00,dry goods,14.98
"Harrell, Angie","Flores, Angela",angie.harrell@abcfoodmart.com,2023-06-01,ABC Foodmart - Bay Ridge,2024-02-09 00:00,2024-02-09 00:00,bakery,12.59
"Waters, Julie","Johnston, William",julie.waters@abcfoodmart.com,2023-05-20,ABC Foodmart - Bay Ridge,2023-12-10 00:00,2023-12-10 00:00,seafood,15.56
"Gardner, Laura","Moran, John",laura.gardner@abcfoodmart.com,2023-09-04,ABC Foodmart - Bay Ridge,2024-04-15 00:00,2024-04-15 00:00,bakery,18.02
"Gardner, Laura","Johnston, William",laura.gardner@abcfoodmart.com,2023-09-04,ABC Foodmart - DUMBO,2024-05-07 00:00,2024-05-07 00:00,dairy,14.41
"Woods, Marcus","Carter, Karen",marcus.woods@abcfoodmart.com,2024-04-01,ABC Foodmart - DUMBO,2024-08-25 00:00,2024-08-25 00:00,seafood,14.02
"Tate, Harry","David, Mr.",harry.tate@abcfoodmart.com,2022-09-18,ABC Foodmart - DUMBO,2023-06-11 00:00,2023-06-11 00:00,dairy,16.16
"Bradley, Rita","Waller, Chad",rita.bradley@abcfoodmart.com,2023-08-06,ABC Foodmart - Staten Island,2024-04-23 00:00,2024-04-23 00:00,dairy,18.11
"Foster, Jennifer","Johnston, William",jennifer.foster@abcfoodmart.com,2023-06-15,ABC Foodmart - DUMBO,2024-03-29 00:00,2024-03-29 00:00,floral,15.07
"Henderson, Nancy","Johnston, William",nancy.henderson@abcfoodmart.com,2023-12-30,ABC Foodmart - DUMBO,2024-06-24 00:00,2024-06-24 00:00,seafood,14.22
"Terri, Mrs.","Cooper, Robert",mrs..terri@abcfoodmart.com,2022-09-23,ABC Foodmart - Tribeca,2023-07-21 00:00,2023-07-21 00:00,pharmacy,17.79
"Day, Natasha","Farrell, Christopher",natasha.day@abcfoodmart.com,2023-08-02,ABC Foodmart - Whitestone,2023-12-12 00:00,2023-12-12 00:00,fresh produce,14.16
"Myers, Gary","Flores, Angela",gary.myers@abcfoodmart.com,2023-10-13,ABC Foodmart - Whitestone,2024-02-17 00:00,2024-02-17 00:00,dry goods,18.36
"Wilson, Jill","Ellis, Grant",jill.wilson@abcfoodmart.com,2022-12-06,ABC Foodmart - Bay Ridge,2023-10-11 00:00,2023-10-11 00:00,frozen foods,12.59
"Hayes, Brandon","Hoffman, Tina",brandon.hayes@abcfoodmart.com,2022-09-28,ABC Foodmart - Whitestone,2023-02-17 00:00,2023-02-17 00:00,frozen foods,15.52
"Martin, Monica","Moran, John",monica.martin@abcfoodmart.com,2023-11-23,ABC Foodmart - Staten Island,2024-07-14 00:00,2024-07-14 00:00,seafood,13.48
"Blanchard, Ricky","Compton, Jeffrey",ricky.blanchard@abcfoodmart.com,2023-05-23,ABC Foodmart - Tribeca,2023-11-28 00:00,2023-11-28 00:00,dry goods,14.84
"Rogers, Mark","David, Mr.",mark.rogers@abcfoodmart.com,2023-05-08,ABC Foodmart - Tribeca,2023-12-05 00:00,2023-12-05 00:00,frozen foods,18.23
"Wells, Monica","Williams, Gina",monica.wells@abcfoodmart.com,2024-03-12,ABC Foodmart - Tribeca,2024-08-01 00:00,2024-08-01 00:00,meats,14.12
"Johnson, Samantha","Johnston, William",samantha.johnson@abcfoodmart.com,2023-01-16,ABC Foodmart - Bay Ridge,2023-09-16 00:00,2023-09-16 00:00,frozen foods,15.24
"Myers, Gary","Farrell, Christopher",gary.myers@abcfoodmart.com,2023-10-13,ABC Foodmart - Tribeca,2024-03-09 00:00,2024-03-09 00:00,seafood,16.47
"Myers, Gary","Williams, Gina",gary.myers@abcfoodmart.com,2023-10-13,ABC Foodmart - Tribeca,2024-03-24 00:00,2024-03-24 00:00,meats,19.84
"Hughes, Christopher","Flores, Angela",christopher.hughes@abcfoodmart.com,2022-09-01,ABC Foodmart - Tribeca,2023-05-06 00:00,2023-05-06 00:00,cashier,17.52
"Mckenzie, William","Johnston, William",william.mckenzie@abcfoodmart.com,2023-01-04,ABC Foodmart - Whitestone,2023-07-26 00:00,2023-07-26 00:00,customer service,16.75
"Pena, Johnathan","Johnston, William",johnathan.pena@abcfoodmart.com,2023-02-22,ABC Foodmart - Staten Island,2023-08-27 00:00,2023-08-27 00:00,deli,14.18
"Nichols, Brandon","Hoffman, Tina",brandon.nichols@abcfoodmart.com,2024-02-28,ABC Foodmart - Staten Island,2024-12-06 00:00,2024-12-06 00:00,deli,13.38
"Moon, James","Waller, Chad",james.moon@abcfoodmart.com,2023-10-20,ABC Foodmart - Staten Island,2024-03-11 00:00,2024-03-11 00:00,frozen foods,17.75
"Jones, Evelyn","Compton, Jeffrey",evelyn.jones@abcfoodmart.com,2024-02-25,ABC Foodmart - Whitestone,2024-10-12 00:00,2024-10-12 00:00,customer service,19.93
"Kerr, Jason","Johnston, William",jason.kerr@abcfoodmart.com,2022-11-21,ABC Foodmart - Staten Island,2023-05-25 00:00,2023-05-25 00:00,floral,19.64
"Jackson, Gary","Ellis, Grant",gary.jackson@abcfoodmart.com,2022-09-08,ABC Foodmart - Staten Island,2023-02-08 00:00,2023-02-08 00:00,dry goods,18.80
"Gonzalez, Michele","Ellis, Grant",michele.gonzalez@abcfoodmart.com,2023-09-23,ABC Foodmart - Whitestone,2024-03-01 00:00,2024-03-01 00:00,floral,18.55
"Long, Kirsten","Hoffman, Tina",kirsten.long@abcfoodmart.com,2024-02-24,ABC Foodmart - Staten Island,2024-07-26 00:00,2024-07-26 00:00,dairy,12.57
"Chambers, Jeffrey","Flores, Angela",jeffrey.chambers@abcfoodmart.com,2022-09-29,ABC Foodmart - Bay Ridge,2023-04-26 00:00,2023-04-26 00:00,dry goods,12.48
"Jones, Christopher","David, Mr.",christopher.jones@abcfoodmart.com,2022-05-19,ABC Foodmart - Whitestone,2023-02-06 00:00,2023-02-06 00:00,customer service,16.42
"Mckinney, Marcus","Cooper, Robert",marcus.mckinney@abcfoodmart.com,2022-08-14,ABC Foodmart - Tribeca,2023-07-28 00:00,2023-07-28 00:00,floral,17.65
"Durham, Denise","Waller, Chad",denise.durham@abcfoodmart.com,2022-10-24,ABC Foodmart - Staten Island,2023-06-30 00:00,2023-06-30 00:00,meats,13.83
"Spears, Erin","Johnston, William",erin.spears@abcfoodmart.com,2023-07-30,ABC Foodmart - Bay Ridge,2024-04-20 00:00,2024-04-20 00:00,pharmacy,17.48
"Kramer, Veronica","Compton, Jeffrey",veronica.kramer@abcfoodmart.com,2023-03-28,ABC Foodmart - Bay Ridge,2023-12-10 00:00,2023-12-10 00:00,fresh produce,19.93
"Davis, Jennifer","Cooper, Robert",jennifer.davis@abcfoodmart.com,2023-11-03,ABC Foodmart - Tribeca,2024-07-17 00:00,2024-07-17 00:00,bakery,17.73
"Hull, Shane","Moran, John",shane.hull@abcfoodmart.com,2024-01-09,ABC Foodmart - Whitestone,2024-07-22 00:00,2024-07-22 00:00,deli,16.08
"Church, Joshua","Compton, Jeffrey",joshua.church@abcfoodmart.com,2024-03-03,ABC Foodmart - Whitestone,2024-10-13 00:00,2024-10-13 00:00,pharmacy,16.81
"Horton, Ashley","Carter, Karen",ashley.horton@abcfoodmart.com,2024-01-24,ABC Foodmart - Whitestone,2024-10-26 00:00,2024-10-26 00:00,deli,13.59
"Sosa, David","Johnston, William",david.sosa@abcfoodmart.com,2023-07-27,ABC Foodmart - Tribeca,2024-03-11 00:00,2024-03-11 00:00,pharmacy,19.81
"Meyer, James","Johnston, William",james.meyer@abcfoodmart.com,2022-05-02,ABC Foodmart - Whitestone,2022-12-09 00:00,2022-12-09 00:00,deli,14.03
"Hughes, Christopher","Waller, Chad",christopher.hughes@abcfoodmart.com,2022-09-01,ABC Foodmart - DUMBO,2023-05-28 00:00,2023-05-28 00:00,dairy,15.78
"White, Kenneth","Williams, Gina",kenneth.white@abcfoodmart.com,2023-01-22,ABC Foodmart - Tribeca,2024-02-03 00:00,2024-02-03 00:00,fresh produce,13.86
"Myers, Gary","Compton, Jeffrey",gary.myers@abcfoodmart.com,2023-10-13,ABC Foodmart - Staten Island,2024-04-03 00:00,2024-04-03 00:00,bakery,19.04
"Jones, Michael","Compton, Jeffrey",michael.jones@abcfoodmart.com,2023-01-19,ABC Foodmart - Whitestone,2023-06-06 00:00,2023-06-06 00:00,meats,18.30
"Waters, Julie","Hoffman, Tina",julie.waters@abcfoodmart.com,2023-05-20,ABC Foodmart - Staten Island,2023-12-27 00:00,2023-12-27 00:00,dairy,14.77
"Galvan, Lori","Moran, John",lori.galvan@abcfoodmart.com,2022-05-24,ABC Foodmart - Whitestone,2022-10-18 00:00,2022-10-18 00:00,seafood,17.29
"Manning, Maria","David, Mr.",maria.manning@abcfoodmart.com,2022-11-16,ABC Foodmart - Tribeca,2023-04-23 00:00,2023-04-23 00:00,frozen foods,13.34
"Carroll, Eric","Carter, Karen",eric.carroll@abcfoodmart.com,2022-12-26,ABC Foodmart - Bay Ridge,2023-12-18 00:00,2023-12-18 00:00,floral,17.19
"Dodson, Courtney","David, Mr.",courtney.dodson@abcfoodmart.com,2023-01-10,ABC Foodmart - Staten Island,2023-09-23 00:00,2023-09-23 00:00,dry goods,19.79
"Wilson, Jill","David, Mr.",jill.wilson@abcfoodmart.com,2022-12-06,ABC Foodmart - Tribeca,2023-10-30 00:00,2023-10-30 00:00,deli,15.96
"Gross, Andrew","Farrell, Christopher",andrew.gross@abcfoodmart.com,2022-04-30,ABC Foodmart - Bay Ridge,2022-12-07 00:00,2022-12-07 00:00,frozen foods,18.31
"Long, Kirsten","Carter, Karen",kirsten.long@abcfoodmart.com,2024-02-24,ABC Foodmart - DUMBO,2024-08-18 00:00,2024-08-18 00:00,frozen foods,17.96
"Hayes, Brandon","Flores, Angela",brandon.hayes@abcfoodmart.com,2022-09-28,ABC Foodmart - Bay Ridge,2023-02-24 00:00,2023-02-24 00:00,dairy,16.20
"Horton, Ashley","Hoffman, Tina",ashley.horton@abcfoodmart.com,2024-01-24,ABC Foodmart - Bay Ridge,2024-11-15 00:00,2024-11-15 00:00,cashier,13.90
"Warren, Timothy","Waller, Chad",timothy.warren@abcfoodmart.com,2022-12-27,ABC Foodmart - Whitestone,2023-10-13 00:00,2023-10-13 00:00,floral,18.61
"Foster, Kenneth","Waller, Chad",kenneth.foster@abcfoodmart.com,2023-04-23,ABC Foodmart - Bay Ridge,2024-01-04 00:00,2024-01-04 00:00,meats,12.03
"Jones, Christopher","Compton, Jeffrey",christopher.jones@abcfoodmart.com,2022-05-19,ABC Foodmart - Bay Ridge,2023-02-11 00:00,2023-02-11 00:00,dairy,18.08
"Warren, Timothy","Farrell, Christopher",timothy.warren@abcfoodmart.com,2022-12-27,ABC Foodmart - DUMBO,2023-10-16 00:00,2023-10-16 00:00,customer service,19.17
"Terri, Mrs.","Waller, Chad",mrs..terri@abcfoodmart.com,2022-09-23,ABC Foodmart - DUMBO,2023-07-26 00:00,2023-07-26 00:00,seafood,13.86
"Alvarez, Brenda","David, Mr.",brenda.alvarez@abcfoodmart.com,2023-11-16,ABC Foodmart - DUMBO,2024-07-22 00:00,2024-07-22 00:00,customer service,15.12
"Marquez, Jeffrey","Compton, Jeffrey",jeffrey.marquez@abcfoodmart.com,2023-02-19,ABC Foodmart - DUMBO,2023-09-09 00:00,2023-09-09 00:00,meats,14.94
"Hernandez, Michael","Johnston, William",michael.hernandez@abcfoodmart.com,2022-05-24,ABC Foodmart - Bay Ridge,2023-05-01 00:00,2023-05-01 00:00,meats,14.06
"Kramer, Veronica","Cooper, Robert",veronica.kramer@abcfoodmart.com,2023-03-28,ABC Foodmart - Tribeca,2023-12-20 00:00,2023-12-20 00:00,pharmacy,13.75
"Smith, Brandy","Flores, Angela",brandy.smith@abcfoodmart.com,2023-12-26,ABC Foodmart - Tribeca,2024-09-30 00:00,2024-09-30 00:00,deli,16.47
"Werner, Kara","Flores, Angela",kara.werner@abcfoodmart.com,2023-10-12,ABC Foodmart - Bay Ridge,2024-04-15 00:00,2024-04-15 00:00,floral,18.87
"Smith, Brandy","Johnston, William",brandy.smith@abcfoodmart.com,2023-12-26,ABC Foodmart - Tribeca,2024-10-24 00:00,2024-10-24 00:00,bakery,18.28
"Riley, Ashley","Farrell, Christopher",ashley.riley@abcfoodmart.com,2022-08-17,ABC Foodmart - Bay Ridge,2023-05-25 00:00,2023-05-25 00:00,frozen foods,17.32
"Pena, Johnathan","Hoffman, Tina",johnathan.pena@abcfoodmart.com,2023-02-22,ABC Foodmart - Staten Island,2023-09-11 00:00,2023-09-11 00:00,dry goods,18.15
"Horton, Mark","Compton, Jeffrey",mark.horton@abcfoodmart.com,2023-02-14,ABC Foodmart - Tribeca,2023-07-24 00:00,2023-07-24 00:00,frozen foods,17.09
"Frederick, Evan","Flores, Angela",evan.frederick@abcfoodmart.com,2023-02-24,ABC Foodmart - DUMBO,2023-08-23 00:00,2023-08-23 00:00,meats,14.27
"Davis, Jennifer","Compton, Jeffrey",jennifer.davis@abcfoodmart.com,2023-11-03,ABC Foodmart - Tribeca,2024-08-04 00:00,2024-08-04 00:00,frozen foods,13.63
"Davis, Jennifer","Waller, Chad",jennifer.davis@abcfoodmart.com,2023-11-03,ABC Foodmart - Staten Island,2024-08-31 00:00,2024-08-31 00:00,pharmacy,15.95
"Glover, Michelle","Moran, John",michelle.glover@abcfoodmart.com,2022-08-25,ABC Foodmart - Bay Ridge,2023-03-25 00:00,2023-03-25 00:00,fresh produce,18.74
"Myers, Gary","Ellis, Grant",gary.myers@abcfoodmart.com,2023-10-13,ABC Foodmart - Tribeca,2024-04-11 00:00,2024-04-11 00:00,customer service,17.99
"Galvan, Lori","Moran, John",lori.galvan@abcfoodmart.com,2022-05-24,ABC Foodmart - Bay Ridge,2022-10-29 00:00,2022-10-29 00:00,bakery,12.40
"Davis, Jennifer","Carter, Karen",jennifer.davis@abcfoodmart.com,2023-11-03,ABC Foodmart - Staten Island,2024-09-12 00:00,2024-09-12 00:00,fresh produce,14.85
"Thomas, Robert","Hoffman, Tina",robert.thomas@abcfoodmart.com,2022-05-18,ABC Foodmart - Tribeca,2023-05-05 00:00,2023-05-05 00:00,meats,17.23
"Kerr, Jason","Carter, Karen",jason.kerr@abcfoodmart.com,2022-11-21,ABC Foodmart - Bay Ridge,2023-06-17 00:00,2023-06-17 00:00,fresh produce,14.47
"Gardner, Laura","Flores, Angela",laura.gardner@abcfoodmart.com,2023-09-04,ABC Foodmart - Whitestone,2024-06-03 00:00,2024-06-03 00:00,seafood,17.90
"Kramer, Veronica","Johnston, William",veronica.kramer@abcfoodmart.com,2023-03-28,ABC Foodmart - Tribeca,2023-12-23 00:00,2023-12-23 00:00,dry goods,12.06
"Long, Kirsten","Waller, Chad",kirsten.long@abcfoodmart.com,2024-02-24,ABC Foodmart - DUMBO,2024-09-07 00:00,2024-09-07 00:00,frozen foods,18.92
"Galvan, Lori","Johnston, William",lori.galvan@abcfoodmart.com,2022-05-24,ABC Foodmart - Staten Island,2022-11-18 00:00,2022-11-18 00:00,meats,18.51
"Owens, Jeffrey","Compton, Jeffrey",jeffrey.owens@abcfoodmart.com,2022-05-03,ABC Foodmart - DUMBO,2022-08-10 00:00,2022-08-10 00:00,seafood,16.49
"Jessica, Ms.","Moran, John",ms..jessica@abcfoodmart.com,2022-06-10,ABC Foodmart - Bay Ridge,2022-10-25 00:00,2022-10-25 00:00,floral,13.23
"Wood, Joshua","Moran, John",joshua.wood@abcfoodmart.com,2022-11-26,ABC Foodmart - Whitestone,2023-09-09 00:00,2023-09-09 00:00,fresh produce,19.79
"Gonzalez, Michele","David, Mr.",michele.gonzalez@abcfoodmart.com,2023-09-23,ABC Foodmart - Bay Ridge,2024-03-13 00:00,2024-03-13 00:00,customer service,14.27
"Jones, Christopher","Waller, Chad",christopher.jones@abcfoodmart.com,2022-05-19,ABC Foodmart - DUMBO,2023-03-10 00:00,2023-03-10 00:00,customer service,15.35
"Harrell, Angie","Moran, John",angie.harrell@abcfoodmart.com,2023-06-01,ABC Foodmart - DUMBO,2024-02-13 00:00,2024-02-13 00:00,meats,18.62
"Church, Joshua","Flores, Angela",joshua.church@abcfoodmart.com,2024-03-03,ABC Foodmart - Staten Island,2024-11-06 00:00,2024-11-06 00:00,fresh produce,15.14
"Perry, Andrea","Johnston, William",andrea.perry@abcfoodmart.com,2023-05-05,ABC Foodmart - Whitestone,2024-03-16 00:00,2024-03-16 00:00,fresh produce,17.46
"Blanchard, Ricky","Carter, Karen",ricky.blanchard@abcfoodmart.com,2023-05-23,ABC Foodmart - Tribeca,2023-12-11 00:00,2023-12-11 00:00,seafood,17.39
"Sean, Mr.","Williams, Gina",mr..sean@abcfoodmart.com,2023-03-25,ABC Foodmart - Staten Island,2023-10-08 00:00,2023-10-08 00:00,bakery,15.61
"Jackson, Gary","Hoffman, Tina",gary.jackson@abcfoodmart.com,2022-09-08,ABC Foodmart - Bay Ridge,2023-02-11 00:00,2023-02-11 00:00,dairy,13.49
"Sosa, David","Carter, Karen",david.sosa@abcfoodmart.com,2023-07-27,ABC Foodmart - Bay Ridge,2024-03-29 00:00,2024-03-29 00:00,customer service,16.73
"Torres, Steven","Flores, Angela",steven.torres@abcfoodmart.com,2023-05-10,ABC Foodmart - DUMBO,2023-11-06 00:00,2023-11-06 00:00,bakery,16.66
"Bryan, Mr.","Johnston, William",mr..bryan@abcfoodmart.com,2023-08-26,ABC Foodmart - Bay Ridge,2024-06-21 00:00,2024-06-21 00:00,dairy,18.33
"Glover, Michelle","Ellis, Grant",michelle.glover@abcfoodmart.com,2022-08-25,ABC Foodmart - Whitestone,2023-03-29 00:00,2023-03-29 00:00,deli,12.89
"Jessica, Ms.","Johnston, William",ms..jessica@abcfoodmart.com,2022-06-10,ABC Foodmart - Tribeca,2022-11-05 00:00,2022-11-05 00:00,dry goods,13.63
"Torres, Steven","Hoffman, Tina",steven.torres@abcfoodmart.com,2023-05-10,ABC Foodmart - DUMBO,2023-11-11 00:00,2023-11-11 00:00,dairy,19.76
"Smith, Diana","Hoffman, Tina",diana.smith@abcfoodmart.com,2023-05-31,ABC Foodmart - Bay Ridge,2024-01-28 00:00,2024-01-28 00:00,frozen foods,15.87
"Golden, Laurie","Carter, Karen",laurie.golden@abcfoodmart.com,2023-12-23,ABC Foodmart - DUMBO,2024-04-24 00:00,2024-04-24 00:00,dry goods,19.06
"Walls, Kristen","Moran, John",kristen.walls@abcfoodmart.com,2023-02-10,ABC Foodmart - Bay Ridge,2023-09-03 00:00,2023-09-03 00:00,pharmacy,13.11
"Kerr, Jason","Farrell, Christopher",jason.kerr@abcfoodmart.com,2022-11-21,ABC Foodmart - Bay Ridge,2023-06-22 00:00,2023-06-22 00:00,customer service,16.14
"Foster, Kenneth","Flores, Angela",kenneth.foster@abcfoodmart.com,2023-04-23,ABC Foodmart - DUMBO,2024-01-28 00:00,2024-01-28 00:00,dry goods,18.91
"Jacobs, Brenda","Carter, Karen",brenda.jacobs@abcfoodmart.com,2024-02-09,ABC Foodmart - Bay Ridge,2024-10-19 00:00,2024-10-19 00:00,floral,14.97
"Durham, Denise","Williams, Gina",denise.durham@abcfoodmart.com,2022-10-24,ABC Foodmart - Staten Island,2023-07-17 00:00,2023-07-17 00:00,dry goods,17.38
"Kramer, Veronica","Cooper, Robert",veronica.kramer@abcfoodmart.com,2023-03-28,ABC Foodmart - Whitestone,2023-12-31 00:00,2023-12-31 00:00,seafood,13.00
"Owens, Jeffrey","Farrell, Christopher",jeffrey.owens@abcfoodmart.com,2022-05-03,ABC Foodmart - Whitestone,2022-09-08 00:00,2022-09-08 00:00,deli,19.20
"Werner, Kara","Waller, Chad",kara.werner@abcfoodmart.com,2023-10-12,ABC Foodmart - DUMBO,2024-05-06 00:00,2024-05-06 00:00,meats,18.85
"Jones, Michael","Johnston, William",michael.jones@abcfoodmart.com,2023-01-19,ABC Foodmart - Tribeca,2023-06-21 00:00,2023-06-21 00:00,pharmacy,17.50
"Mckenzie, William","Waller, Chad",william.mckenzie@abcfoodmart.com,2023-01-04,ABC Foodmart - Staten Island,2023-07-29 00:00,2023-07-29 00:00,customer service,16.30
"Meyer, James","Carter, Karen",james.meyer@abcfoodmart.com,2022-05-02,ABC Foodmart - Staten Island,2022-12-10 00:00,2022-12-10 00:00,floral,17.19
"Church, Joshua","Williams, Gina",joshua.church@abcfoodmart.com,2024-03-03,ABC Foodmart - DUMBO,2024-12-03 00:00,2024-12-03 00:00,meats,16.83
"Mckenzie, William","Farrell, Christopher",william.mckenzie@abcfoodmart.com,2023-01-04,ABC Foodmart - Bay Ridge,2023-08-18 00:00,2023-08-18 00:00,seafood,20.00
"Owens, Jeffrey","Flores, Angela",jeffrey.owens@abcfoodmart.com,2022-05-03,ABC Foodmart - Whitestone,2022-09-20 00:00,2022-09-20 00:00,dry goods,19.44
"Golden, Laurie","David, Mr.",laurie.golden@abcfoodmart.com,2023-12-23,ABC Foodmart - DUMBO,2024-04-26 00:00,2024-04-26 00:00,frozen foods,15.91
"Rogers, Mark","Moran, John",mark.rogers@abcfoodmart.com,2023-05-08,ABC Foodmart - Bay Ridge,2023-12-30 00:00,2023-12-30 00:00,floral,12.77
"Walters, Jay","Flores, Angela",jay.walters@abcfoodmart.com,2023-12-17,ABC Foodmart - DUMBO,2024-11-10 00:00,2024-11-10 00:00,dry goods,19.13
"Alvarez, Brenda","Compton, Jeffrey",brenda.alvarez@abcfoodmart.com,2023-11-16,ABC Foodmart - Staten Island,2024-08-06 00:00,2024-08-06 00:00,pharmacy,15.36
"Jessica, Ms.","Hoffman, Tina",ms..jessica@abcfoodmart.com,2022-06-10,ABC Foodmart - DUMBO,2022-11-16 00:00,2022-11-16 00:00,dry goods,19.41
"Smith, Diana","Waller, Chad",diana.smith@abcfoodmart.com,2023-05-31,ABC Foodmart - Whitestone,2024-02-16 00:00,2024-02-16 00:00,fresh produce,12.89
"Garcia, Sarah","Waller, Chad",sarah.garcia@abcfoodmart.com,2022-12-14,ABC Foodmart - Whitestone,2023-09-17 00:00,2023-09-17 00:00,frozen foods,17.07
"Martin, Monica","Waller, Chad",monica.martin@abcfoodmart.com,2023-11-23,ABC Foodmart - Staten Island,2024-08-11 00:00,2024-08-11 00:00,cashier,17.06
"Owens, Jeffrey","Flores, Angela",jeffrey.owens@abcfoodmart.com,2022-05-03,ABC Foodmart - Staten Island,2022-10-14 00:00,2022-10-14 00:00,fresh produce,16.46
"Wells, Monica","Johnston, William",monica.wells@abcfoodmart.com,2024-03-12,ABC Foodmart - Staten Island,2024-08-20 00:00,2024-08-20 00:00,cashier,15.00
"Sosa, David","Moran, John",david.sosa@abcfoodmart.com,2023-07-27,ABC Foodmart - Tribeca,2024-04-18 00:00,2024-04-18 00:00,dairy,17.45
"Gardner, Laura","Compton, Jeffrey",laura.gardner@abcfoodmart.com,2023-09-04,ABC Foodmart - Staten Island,2024-06-08 00:00,2024-06-08 00:00,floral,18.17
"Terri, Mrs.","Flores, Angela",mrs..terri@abcfoodmart.com,2022-09-23,ABC Foodmart - Staten Island,2023-08-11 00:00,2023-08-11 00:00,meats,17.58
"Wells, Monica","Cooper, Robert",monica.wells@abcfoodmart.com,2024-03-12,ABC Foodmart - Tribeca,2024-08-30 00:00,2024-08-30 00:00,dairy,12.46
"Foster, Kenneth","Cooper, Robert",kenneth.foster@abcfoodmart.com,2023-04-23,ABC Foodmart - Bay Ridge,2024-02-17 00:00,2024-02-17 00:00,pharmacy,13.12
"Conrad, Frederick","Farrell, Christopher",frederick.conrad@abcfoodmart.com,2023-11-24,ABC Foodmart - Staten Island,2024-12-02 00:00,2024-12-02 00:00,customer service,18.88
"Martin, Monica","Ellis, Grant",monica.martin@abcfoodmart.com,2023-11-23,ABC Foodmart - Whitestone,2024-09-06 00:00,2024-09-06 00:00,bakery,17.85
"Gonzalez, Michele","Waller, Chad",michele.gonzalez@abcfoodmart.com,2023-09-23,ABC Foodmart - Bay Ridge,2024-04-01 00:00,2024-04-01 00:00,deli,17.97
"Dodson, Courtney","Johnston, William",courtney.dodson@abcfoodmart.com,2023-01-10,ABC Foodmart - Bay Ridge,2023-09-25 00:00,2023-09-25 00:00,fresh produce,17.65
"Wood, Joshua","Farrell, Christopher",joshua.wood@abcfoodmart.com,2022-11-26,ABC Foodmart - DUMBO,2023-09-15 00:00,2023-09-15 00:00,bakery,14.09
"Jackson, Michael","David, Mr.",michael.jackson@abcfoodmart.com,2022-10-31,ABC Foodmart - DUMBO,2023-05-13 00:00,2023-05-13 00:00,pharmacy,19.62
"Ellis, Lauren","Compton, Jeffrey",lauren.ellis@abcfoodmart.com,2022-10-22,ABC Foodmart - Bay Ridge,2023-05-06 00:00,2023-05-06 00:00,seafood,12.20
"Kerr, Jason","Moran, John",jason.kerr@abcfoodmart.com,2022-11-21,ABC Foodmart - Staten Island,2023-07-01 00:00,2023-07-01 00:00,cashier,17.91
"Hernandez, Michael","Carter, Karen",michael.hernandez@abcfoodmart.com,2022-05-24,ABC Foodmart - Whitestone,2023-05-28 00:00,2023-05-28 00:00,cashier,17.71
"Wilson, Jill","Williams, Gina",jill.wilson@abcfoodmart.com,2022-12-06,ABC Foodmart - Staten Island,2023-11-02 00:00,2023-11-02 00:00,dairy,15.23
"Gardner, Laura","Compton, Jeffrey",laura.gardner@abcfoodmart.com,2023-09-04,ABC Foodmart - Whitestone,2024-06-20 00:00,2024-06-20 00:00,frozen foods,15.39
"Terri, Mrs.","Waller, Chad",mrs..terri@abcfoodmart.com,2022-09-23,ABC Foodmart - Bay Ridge,2023-08-28 00:00,2023-08-28 00:00,bakery,13.03
"Manning, Maria","Ellis, Grant",maria.manning@abcfoodmart.com,2022-11-16,ABC Foodmart - Tribeca,2023-05-12 00:00,2023-05-12 00:00,pharmacy,18.34
"Davis, Jennifer","Carter, Karen",jennifer.davis@abcfoodmart.com,2023-11-03,ABC Foodmart - Staten Island,2024-09-18 00:00,2024-09-18 00:00,seafood,18.46
"Meyer, James","Ellis, Grant",james.meyer@abcfoodmart.com,2022-05-02,ABC Foodmart - Whitestone,2022-12-21 00:00,2022-12-21 00:00,pharmacy,16.89
"Williams, Michael","Waller, Chad",michael.williams@abcfoodmart.com,2023-06-11,ABC Foodmart - DUMBO,2024-01-16 00:00,2024-01-16 00:00,fresh produce,19.69
"Love, Thomas","Farrell, Christopher",thomas.love@abcfoodmart.com,2024-02-18,ABC Foodmart - Whitestone,2024-11-08 00:00,2024-11-08 00:00,fresh produce,12.51
"White, Kenneth","David, Mr.",kenneth.white@abcfoodmart.com,2023-01-22,ABC Foodmart - Staten Island,2024-02-14 00:00,2024-02-14 00:00,dairy,14.80
"Nichols, Brandon","Cooper, Robert",brandon.nichols@abcfoodmart.com,2024-02-28,ABC Foodmart - Whitestone,2024-12-16 00:00,2024-12-16 00:00,dry goods,13.83
"Hull, Shane","Farrell, Christopher",shane.hull@abcfoodmart.com,2024-01-09,ABC Foodmart - Bay Ridge,2024-07-31 00:00,2024-07-31 00:00,pharmacy,13.83
"Smith, Brandy","Cooper, Robert",brandy.smith@abcfoodmart.com,2023-12-26,ABC Foodmart - Tribeca,2024-11-16 00:00,2024-11-16 00:00,cashier,13.05
"Walters, Jay","Compton, Jeffrey",jay.walters@abcfoodmart.com,2023-12-17,ABC Foodmart - Whitestone,2024-12-02 00:00,2024-12-02 00:00,deli,17.85
"Dodson, Courtney","Cooper, Robert",courtney.dodson@abcfoodmart.com,2023-01-10,ABC Foodmart - Whitestone,2023-09-28 00:00,2023-09-28 00:00,frozen foods,14.07
"Hernandez, Michael","Johnston, William",michael.hernandez@abcfoodmart.com,2022-05-24,ABC Foodmart - Staten Island,2023-06-16 00:00,2023-06-16 00:00,dairy,14.56
"Gonzalez, Michele","Cooper, Robert",michele.gonzalez@abcfoodmart.com,2023-09-23,ABC Foodmart - Staten Island,2024-04-12 00:00,2024-04-12 00:00,dry goods,14.51
"Riley, Ashley","Cooper, Robert",ashley.riley@abcfoodmart.com,2022-08-17,ABC Foodmart - Whitestone,2023-06-14 00:00,2023-06-14 00:00,pharmacy,13.12
"Long, Kirsten","Cooper, Robert",kirsten.long@abcfoodmart.com,2024-02-24,ABC Foodmart - Bay Ridge,2024-10-05 00:00,2024-10-05 00:00,dairy,15.98
"Galvan, Lori","Ellis, Grant",lori.galvan@abcfoodmart.com,2022-05-24,ABC Foodmart - DUMBO,2022-11-26 00:00,2022-11-26 00:00,seafood,13.18
"Smith, Diana","Ellis, Grant",diana.smith@abcfoodmart.com,2023-05-31,ABC Foodmart - Bay Ridge,2024-02-19 00:00,2024-02-19 00:00,fresh produce,15.74
"Frederick, Evan","Johnston, William",evan.frederick@abcfoodmart.com,2023-02-24,ABC Foodmart - Whitestone,2023-08-26 00:00,2023-08-26 00:00,cashier,18.85
"Ellis, Lauren","Hoffman, Tina",lauren.ellis@abcfoodmart.com,2022-10-22,ABC Foodmart - Tribeca,2023-05-09 00:00,2023-05-09 00:00,fresh produce,19.47
"Hernandez, Michael","Cooper, Robert",michael.hernandez@abcfoodmart.com,2022-05-24,ABC Foodmart - DUMBO,2023-07-01 00:00,2023-07-01 00:00,frozen foods,13.61
"Martin, Monica","Moran, John",monica.martin@abcfoodmart.com,2023-11-23,ABC Foodmart - DUMBO,2024-09-27 00:00,2024-09-27 00:00,seafood,13.59
"Chen, Kathleen","Hoffman, Tina",kathleen.chen@abcfoodmart.com,2024-02-03,ABC Foodmart - Tribeca,2024-06-01 00:00,2024-06-01 00:00,cashier,18.66
"Moore, Jason","Compton, Jeffrey",jason.moore@abcfoodmart.com,2023-07-11,ABC Foodmart - Bay Ridge,2024-01-11 00:00,2024-01-11 00:00,dry goods,19.52
"Campbell, Brittany","Waller, Chad",brittany.campbell@abcfoodmart.com,2023-03-25,ABC Foodmart - Bay Ridge,2023-10-29 00:00,2023-10-29 00:00,fresh produce,13.90
"Bradley, Rita","Flores, Angela",rita.bradley@abcfoodmart.com,2023-08-06,ABC Foodmart - Whitestone,2024-05-16 00:00,2024-05-16 00:00,dairy,14.48
"Bradley, Rita","David, Mr.",rita.bradley@abcfoodmart.com,2023-08-06,ABC Foodmart - DUMBO,2024-05-25 00:00,2024-05-25 00:00,cashier,13.29
"Gardner, Laura","Carter, Karen",laura.gardner@abcfoodmart.com,2023-09-04,ABC Foodmart - Staten Island,2024-07-02 00:00,2024-07-02 00:00,pharmacy,13.40
"Durham, Denise","Johnston, William",denise.durham@abcfoodmart.com,2022-10-24,ABC Foodmart - Tribeca,2023-08-07 00:00,2023-08-07 00:00,meats,14.95
"Jackson, Michael","David, Mr.",michael.jackson@abcfoodmart.com,2022-10-31,ABC Foodmart - DUMBO,2023-05-25 00:00,2023-05-25 00:00,bakery,14.71
"Sosa, David","David, Mr.",david.sosa@abcfoodmart.com,2023-07-27,ABC Foodmart - Bay Ridge,2024-05-17 00:00,2024-05-17 00:00,fresh produce,18.53
"Nichols, Brandon","Moran, John",brandon.nichols@abcfoodmart.com,2024-02-28,ABC Foodmart - Bay Ridge,2025-01-08 00:00,2025-01-08 00:00,meats,15.84
"Torres, Steven","Cooper, Robert",steven.torres@abcfoodmart.com,2023-05-10,ABC Foodmart - Staten Island,2023-11-24 00:00,2023-11-24 00:00,cashier,15.09
"Wilson, Jill","Farrell, Christopher",jill.wilson@abcfoodmart.com,2022-12-06,ABC Foodmart - Whitestone,2023-11-21 00:00,2023-11-21 00:00,deli,17.82
"Mckenzie, William","Moran, John",william.mckenzie@abcfoodmart.com,2023-01-04,ABC Foodmart - Tribeca,2023-09-07 00:00,2023-09-07 00:00,deli,18.67
"Nguyen, Richard","Moran, John",richard.nguyen@abcfoodmart.com,2022-09-27,ABC Foodmart - Tribeca,2023-05-24 00:00,2023-05-24 00:00,seafood,16.28
"Jackson, Michael","Farrell, Christopher",michael.jackson@abcfoodmart.com,2022-10-31,ABC Foodmart - Whitestone,2023-06-12 00:00,2023-06-12 00:00,floral,15.70
"Mckenzie, William","Farrell, Christopher",william.mckenzie@abcfoodmart.com,2023-01-04,ABC Foodmart - Whitestone,2023-09-12 00:00,2023-09-12 00:00,pharmacy,16.04
"Kramer, Veronica","Carter, Karen",veronica.kramer@abcfoodmart.com,2023-03-28,ABC Foodmart - DUMBO,2024-01-03 00:00,2024-01-03 00:00,customer service,19.70
"Foster, Jennifer","Williams, Gina",jennifer.foster@abcfoodmart.com,2023-06-15,ABC Foodmart - Staten Island,2024-03-31 00:00,2024-03-31 00:00,bakery,18.33
"Gross, Andrew","Waller, Chad",andrew.gross@abcfoodmart.com,2022-04-30,ABC Foodmart - Staten Island,2022-12-19 00:00,2022-12-19 00:00,dairy,18.62
"Tate, Harry","Ellis, Grant",harry.tate@abcfoodmart.com,2022-09-18,ABC Foodmart - Bay Ridge,2023-06-16 00:00,2023-06-16 00:00,dry goods,17.10
"Walls, Kristen","Ellis, Grant",kristen.walls@abcfoodmart.com,2023-02-10,ABC Foodmart - Whitestone,2023-09-04 00:00,2023-09-04 00:00,dairy,18.12
"White, Kenneth","Flores, Angela",kenneth.white@abcfoodmart.com,2023-01-22,ABC Foodmart - Bay Ridge,2024-03-09 00:00,2024-03-09 00:00,frozen foods,16.12
"Warren, Timothy","Waller, Chad",timothy.warren@abcfoodmart.com,2022-12-27,ABC Foodmart - Staten Island,2023-11-03 00:00,2023-11-03 00:00,seafood,19.96
"Love, Thomas","Ellis, Grant",thomas.love@abcfoodmart.com,2024-02-18,ABC Foodmart - Staten Island,2024-11-16 00:00,2024-11-16 00:00,frozen foods,14.20
"Herrera, Spencer","Flores, Angela",spencer.herrera@abcfoodmart.com,2023-01-16,ABC Foodmart - Tribeca,2023-06-30 00:00,2023-06-30 00:00,customer service,14.46
"Mckenzie, William","Flores, Angela",william.mckenzie@abcfoodmart.com,2023-01-04,ABC Foodmart - Tribeca,2023-09-24 00:00,2023-09-24 00:00,fresh produce,18.92
"Atkinson, Gary","Farrell, Christopher",gary.atkinson@abcfoodmart.com,2022-05-24,ABC Foodmart - Tribeca,2023-01-10 00:00,2023-01-10 00:00,deli,16.24
"Thompson, Andrea","Farrell, Christopher",andrea.thompson@abcfoodmart.com,2023-01-06,ABC Foodmart - Bay Ridge,2023-06-12 00:00,2023-06-12 00:00,dry goods,14.95
"Carroll, Eric","Farrell, Christopher",eric.carroll@abcfoodmart.com,2022-12-26,ABC Foodmart - Staten Island,2024-01-02 00:00,2024-01-02 00:00,dry goods,19.63
"Bryan, Mr.","Johnston, William",mr..bryan@abcfoodmart.com,2023-08-26,ABC Foodmart - DUMBO,2024-07-06 00:00,2024-07-06 00:00,cashier,14.81
"Wilson, Jill","Cooper, Robert",jill.wilson@abcfoodmart.com,2022-12-06,ABC Foodmart - Bay Ridge,2023-12-05 00:00,2023-12-05 00:00,pharmacy,13.95
"Galvan, Lori","Farrell, Christopher",lori.galvan@abcfoodmart.com,2022-05-24,ABC Foodmart - Whitestone,2022-12-18 00:00,2022-12-18 00:00,seafood,14.65
"Kerr, Jason","Ellis, Grant",jason.kerr@abcfoodmart.com,2022-11-21,ABC Foodmart - DUMBO,2023-07-02 00:00,2023-07-02 00:00,customer service,18.09
"Horton, Mark","Hoffman, Tina",mark.horton@abcfoodmart.com,2023-02-14,ABC Foodmart - Whitestone,2023-08-16 00:00,2023-08-16 00:00,dry goods,12.47
"Smith, Diana","Johnston, William",diana.smith@abcfoodmart.com,2023-05-31,ABC Foodmart - DUMBO,2024-03-07 00:00,2024-03-07 00:00,deli,12.95
"Jackson, Michael","David, Mr.",michael.jackson@abcfoodmart.com,2022-10-31,ABC Foodmart - DUMBO,2023-06-23 00:00,2023-06-23 00:00,floral,15.23
"Spears, Erin","Hoffman, Tina",erin.spears@abcfoodmart.com,2023-07-30,ABC Foodmart - Bay Ridge,2024-05-15 00:00,2024-05-15 00:00,seafood,15.17
"Waters, Julie","Farrell, Christopher",julie.waters@abcfoodmart.com,2023-05-20,ABC Foodmart - Bay Ridge,2024-01-22 00:00,2024-01-22 00:00,floral,19.67
"Jordan, Carla","Farrell, Christopher",carla.jordan@abcfoodmart.com,2023-12-17,ABC Foodmart - DUMBO,2024-05-26 00:00,2024-05-26 00:00,floral,19.71
"Alvarez, Brenda","Moran, John",brenda.alvarez@abcfoodmart.com,2023-11-16,ABC Foodmart - Bay Ridge,2024-08-10 00:00,2024-08-10 00:00,seafood,13.51
"Long, Kirsten","Moran, John",kirsten.long@abcfoodmart.com,2024-02-24,ABC Foodmart - Tribeca,2024-10-29 00:00,2024-10-29 00:00,dairy,17.19
"Hernandez, Michael","Flores, Angela",michael.hernandez@abcfoodmart.com,2022-05-24,ABC Foodmart - Tribeca,2023-07-15 00:00,2023-07-15 00:00,dairy,18.14
"Jackson, Michael","Compton, Jeffrey",michael.jackson@abcfoodmart.com,2022-10-31,ABC Foodmart - DUMBO,2023-07-08 00:00,2023-07-08 00:00,meats,19.13
"Bryan, Mr.","Farrell, Christopher",mr..bryan@abcfoodmart.com,2023-08-26,ABC Foodmart - Tribeca,2024-07-30 00:00,2024-07-30 00:00,frozen foods,12.98
"White, Kenneth","Flores, Angela",kenneth.white@abcfoodmart.com,2023-01-22,ABC Foodmart - Staten Island,2024-04-01 00:00,2024-04-01 00:00,seafood,15.18
"Pena, Johnathan","Ellis, Grant",johnathan.pena@abcfoodmart.com,2023-02-22,ABC Foodmart - Tribeca,2023-09-17 00:00,2023-09-17 00:00,seafood,13.38
"Hull, Shane","Compton, Jeffrey",shane.hull@abcfoodmart.com,2024-01-09,ABC Foodmart - DUMBO,2024-08-12 00:00,2024-08-12 00:00,seafood,16.20
"Werner, Kara","Ellis, Grant",kara.werner@abcfoodmart.com,2023-10-12,ABC Foodmart - Staten Island,2024-05-21 00:00,2024-05-21 00:00,dairy,16.12
"Foster, Kenneth","David, Mr.",kenneth.foster@abcfoodmart.com,2023-04-23,ABC Foodmart - DUMBO,2024-02-20 00:00,2024-02-20 00:00,dairy,14.40
"Bennett, Alec","Compton, Jeffrey",alec.bennett@abcfoodmart.com,2023-10-03,ABC Foodmart - Tribeca,2024-02-27 00:00,2024-02-27 00:00,seafood,12.64
"Meyer, James","Williams, Gina",james.meyer@abcfoodmart.com,2022-05-02,ABC Foodmart - Tribeca,2023-01-10 00:00,2023-01-10 00:00,pharmacy,16.49
"Henderson, Nancy","Ellis, Grant",nancy.henderson@abcfoodmart.com,2023-12-30,ABC Foodmart - Staten Island,2024-06-26 00:00,2024-06-26 00:00,seafood,19.99
"Glover, Michelle","Johnston, William",michelle.glover@abcfoodmart.com,2022-08-25,ABC Foodmart - Staten Island,2023-04-14 00:00,2023-04-14 00:00,cashier,17.35
"Davis, Jennifer","Carter, Karen",jennifer.davis@abcfoodmart.com,2023-11-03,ABC Foodmart - Bay Ridge,2024-10-05 00:00,2024-10-05 00:00,cashier,12.48
"Kerr, Jason","Waller, Chad",jason.kerr@abcfoodmart.com,2022-11-21,ABC Foodmart - Whitestone,2023-07-11 00:00,2023-07-11 00:00,dry goods,16.34
"Campbell, Bethany","Ellis, Grant",bethany.campbell@abcfoodmart.com,2023-10-07,ABC Foodmart - Bay Ridge,2024-03-14 00:00,2024-03-14 00:00,bakery,19.33
"Gross, Andrew","Ellis, Grant",andrew.gross@abcfoodmart.com,2022-04-30,ABC Foodmart - Tribeca,2022-12-22 00:00,2022-12-22 00:00,fresh produce,16.39
"Conrad, Frederick","David, Mr.",frederick.conrad@abcfoodmart.com,2023-11-24,ABC Foodmart - DUMBO,2024-12-09 00:00,2024-12-09 00:00,dairy,14.68
"Randolph, Emily","Cooper, Robert",emily.randolph@abcfoodmart.com,2023-03-09,ABC Foodmart - Whitestone,2023-11-11 00:00,2023-11-11 00:00,customer service,14.70
"Atkinson, Gary","Compton, Jeffrey",gary.atkinson@abcfoodmart.com,2022-05-24,ABC Foodmart - Bay Ridge,2023-01-13 00:00,2023-01-13 00:00,cashier,12.82
"Williams, Michael","Flores, Angela",michael.williams@abcfoodmart.com,2023-06-11,ABC Foodmart - Bay Ridge,2024-01-19 00:00,2024-01-19 00:00,bakery,13.83
"Bennett, Alec","Carter, Karen",alec.bennett@abcfoodmart.com,2023-10-03,ABC Foodmart - Staten Island,2024-03-14 00:00,2024-03-14 00:00,dairy,18.94
"Warren, Timothy","Johnston, William",timothy.warren@abcfoodmart.com,2022-12-27,ABC Foodmart - Whitestone,2023-11-16 00:00,2023-11-16 00:00,customer service,16.03
"Garcia, Sarah","Hoffman, Tina",sarah.garcia@abcfoodmart.com,2022-12-14,ABC Foodmart - Bay Ridge,2023-10-05 00:00,2023-10-05 00:00,fresh produce,12.00
"Tate, Harry","Carter, Karen",harry.tate@abcfoodmart.com,2022-09-18,ABC Foodmart - Tribeca,2023-07-05 00:00,2023-07-05 00:00,deli,13.75
"Hughes, Christopher","Carter, Karen",christopher.hughes@abcfoodmart.com,2022-09-01,ABC Foodmart - DUMBO,2023-06-14 00:00,2023-06-14 00:00,customer service,12.85
"Ellis, Lauren","Williams, Gina",lauren.ellis@abcfoodmart.com,2022-10-22,ABC Foodmart - DUMBO,2023-05-19 00:00,2023-05-19 00:00,customer service,19.89
"Walls, Kristen","Waller, Chad",kristen.walls@abcfoodmart.com,2023-02-10,ABC Foodmart - DUMBO,2023-10-03 00:00,2023-10-03 00:00,seafood,15.00
"Jones, Christopher","Moran, John",christopher.jones@abcfoodmart.com,2022-05-19,ABC Foodmart - Staten Island,2023-03-29 00:00,2023-03-29 00:00,dairy,16.81
"Chen, Kathleen","Cooper, Robert",kathleen.chen@abcfoodmart.com,2024-02-03,ABC Foodmart - Bay Ridge,2024-06-03 00:00,2024-06-03 00:00,bakery,16.32
"Rogers, Mark","Williams, Gina",mark.rogers@abcfoodmart.com,2023-05-08,ABC Foodmart - Staten Island,2024-01-09 00:00,2024-01-09 00:00,meats,13.45
"Chen, Kathleen","Carter, Karen",kathleen.chen@abcfoodmart.com,2024-02-03,ABC Foodmart - DUMBO,2024-06-11 00:00,2024-06-11 00:00,customer service,13.91
"Kramer, Veronica","Johnston, William",veronica.kramer@abcfoodmart.com,2023-03-28,ABC Foodmart - Tribeca,2024-01-09 00:00,2024-01-09 00:00,frozen foods,14.04
"Smith, Brandy","Moran, John",brandy.smith@abcfoodmart.com,2023-12-26,ABC Foodmart - Staten Island,2024-11-28 00:00,2024-11-28 00:00,frozen foods,13.87
"Carroll, Eric","Ellis, Grant",eric.carroll@abcfoodmart.com,2022-12-26,ABC Foodmart - DUMBO,2024-01-13 00:00,2024-01-13 00:00,pharmacy,13.61
"Thompson, Andrea","Flores, Angela",andrea.thompson@abcfoodmart.com,2023-01-06,ABC Foodmart - Bay Ridge,2023-06-26 00:00,2023-06-26 00:00,dry goods,15.70
"Nichols, Mitchell","Williams, Gina",mitchell.nichols@abcfoodmart.com,2022-09-30,ABC Foodmart - DUMBO,2023-05-03 00:00,2023-05-03 00:00,deli,13.72
"Atkinson, Gary","Farrell, Christopher",gary.atkinson@abcfoodmart.com,2022-05-24,ABC Foodmart - Tribeca,2023-01-20 00:00,2023-01-20 00:00,seafood,15.46
"Eric, Mr.","Hoffman, Tina",mr..eric@abcfoodmart.com,2022-09-02,ABC Foodmart - Bay Ridge,2023-04-06 00:00,2023-04-06 00:00,pharmacy,16.25
"Colon, Lindsey","Flores, Angela",lindsey.colon@abcfoodmart.com,2023-02-16,ABC Foodmart - Bay Ridge,2023-10-27 00:00,2023-10-27 00:00,bakery,14.09
"Love, Thomas","Ellis, Grant",thomas.love@abcfoodmart.com,2024-02-18,ABC Foodmart - Whitestone,2024-12-08 00:00,2024-12-08 00:00,bakery,13.99
"Mckinney, Marcus","Ellis, Grant",marcus.mckinney@abcfoodmart.com,2022-08-14,ABC Foodmart - Staten Island,2023-08-08 00:00,2023-08-08 00:00,meats,13.28
"Bradley, Rita","Johnston, William",rita.bradley@abcfoodmart.com,2023-08-06,ABC Foodmart - DUMBO,2024-05-30 00:00,2024-05-30 00:00,pharmacy,19.27
"Chambers, Jeffrey","Farrell, Christopher",jeffrey.chambers@abcfoodmart.com,2022-09-29,ABC Foodmart - Bay Ridge,2023-05-15 00:00,2023-05-15 00:00,frozen foods,19.15
"Johnson, Samantha","Carter, Karen",samantha.johnson@abcfoodmart.com,2023-01-16,ABC Foodmart - Tribeca,2023-09-22 00:00,2023-09-22 00:00,cashier,15.25
"Spears, Erin","Johnston, William",erin.spears@abcfoodmart.com,2023-07-30,ABC Foodmart - DUMBO,2024-06-03 00:00,2024-06-03 00:00,bakery,17.62
"Roach, Christine","Ellis, Grant",christine.roach@abcfoodmart.com,2023-10-15,ABC Foodmart - Tribeca,2024-06-06 00:00,2024-06-06 00:00,cashier,18.83
"Long, Kirsten","Johnston, William",kirsten.long@abcfoodmart.com,2024-02-24,ABC Foodmart - Tribeca,2024-11-19 00:00,2024-11-19 00:00,meats,13.17
"Meyer, James","Waller, Chad",james.meyer@abcfoodmart.com,2022-05-02,ABC Foodmart - Tribeca,2023-02-03 00:00,2023-02-03 00:00,customer service,12.68
"Golden, Laurie","Johnston, William",laurie.golden@abcfoodmart.com,2023-12-23,ABC Foodmart - Bay Ridge,2024-04-30 00:00,2024-04-30 00:00,customer service,19.89
"Colon, Lindsey","Flores, Angela",lindsey.colon@abcfoodmart.com,2023-02-16,ABC Foodmart - Staten Island,2023-11-13 00:00,2023-11-13 00:00,dry goods,16.47
"Walls, Kristen","Johnston, William",kristen.walls@abcfoodmart.com,2023-02-10,ABC Foodmart - Staten Island,2023-10-18 00:00,2023-10-18 00:00,floral,12.02
"Colon, Lindsey","Williams, Gina",lindsey.colon@abcfoodmart.com,2023-02-16,ABC Foodmart - Whitestone,2023-11-21 00:00,2023-11-21 00:00,meats,15.73
"Sean, Mr.","Cooper, Robert",mr..sean@abcfoodmart.com,2023-03-25,ABC Foodmart - Bay Ridge,2023-10-19 00:00,2023-10-19 00:00,pharmacy,13.34
"Carroll, Eric","David, Mr.",eric.carroll@abcfoodmart.com,2022-12-26,ABC Foodmart - Whitestone,2024-01-18 00:00,2024-01-18 00:00,floral,17.21
"Gross, Andrew","Moran, John",andrew.gross@abcfoodmart.com,2022-04-30,ABC Foodmart - Bay Ridge,2023-01-03 00:00,2023-01-03 00:00,pharmacy,19.37
"Manning, Maria","Ellis, Grant",maria.manning@abcfoodmart.com,2022-11-16,ABC Foodmart - DUMBO,2023-05-26 00:00,2023-05-26 00:00,customer service,18.63
"Nichols, Brandon","Cooper, Robert",brandon.nichols@abcfoodmart.com,2024-02-28,ABC Foodmart - Staten Island,2025-01-29 00:00,2025-01-29 00:00,cashier,13.54
"Moore, Jason","Ellis, Grant",jason.moore@abcfoodmart.com,2023-07-11,ABC Foodmart - Tribeca,2024-01-12 00:00,2024-01-12 00:00,dairy,14.94
"Hayes, Brandon","Carter, Karen",brandon.hayes@abcfoodmart.com,2022-09-28,ABC Foodmart - Staten Island,2023-03-10 00:00,2023-03-10 00:00,cashier,12.64
"Pena, Johnathan","Hoffman, Tina",johnathan.pena@abcfoodmart.com,2023-02-22,ABC Foodmart - Staten Island,2023-10-15 00:00,2023-10-15 00:00,cashier,12.01
"Werner, Kara","Hoffman, Tina",kara.werner@abcfoodmart.com,2023-10-12,ABC Foodmart - Tribeca,2024-06-03 00:00,2024-06-03 00:00,fresh produce,13.32
"Nichols, Brandon","Hoffman, Tina",brandon.nichols@abcfoodmart.com,2024-02-28,ABC Foodmart - DUMBO,2025-02-02 00:00,2025-02-02 00:00,customer service,18.60
"Roach, Christine","Carter, Karen",christine.roach@abcfoodmart.com,2023-10-15,ABC Foodmart - DUMBO,2024-06-27 00:00,2024-06-27 00:00,customer service,18.92
"Jones, Michael","Compton, Jeffrey",michael.jones@abcfoodmart.com,2023-01-19,ABC Foodmart - Bay Ridge,2023-07-03 00:00,2023-07-03 00:00,floral,13.39
"Meyer, James","Waller, Chad",james.meyer@abcfoodmart.com,2022-05-02,ABC Foodmart - Whitestone,2023-02-06 00:00,2023-02-06 00:00,customer service,19.60
"Galvan, Lori","Carter, Karen",lori.galvan@abcfoodmart.com,2022-05-24,ABC Foodmart - Whitestone,2022-12-26 00:00,2022-12-26 00:00,meats,14.34
"Jones, Christopher","Cooper, Robert",christopher.jones@abcfoodmart.com,2022-05-19,ABC Foodmart - Tribeca,2023-04-15 00:00,2023-04-15 00:00,deli,17.46
"Dodson, Courtney","David, Mr.",courtney.dodson@abcfoodmart.com,2023-01-10,ABC Foodmart - Whitestone,2023-10-25 00:00,2023-10-25 00:00,cashier,12.42
"Werner, Kara","Farrell, Christopher",kara.werner@abcfoodmart.com,2023-10-12,ABC Foodmart - DUMBO,2024-06-17 00:00,2024-06-17 00:00,cashier,14.22
"Carroll, Eric","Cooper, Robert",eric.carroll@abcfoodmart.com,2022-12-26,ABC Foodmart - DUMBO,2024-02-11 00:00,2024-02-11 00:00,floral,19.37
"Walters, Jay","Flores, Angela",jay.walters@abcfoodmart.com,2023-12-17,ABC Foodmart - Staten Island,2024-12-23 00:00,2024-12-23 00:00,frozen foods,15.79
"Ellis, Lauren","Carter, Karen",lauren.ellis@abcfoodmart.com,2022-10-22,ABC Foodmart - DUMBO,2023-06-15 00:00,2023-06-15 00:00,dry goods,18.42
"Kerr, Jason","Ellis, Grant",jason.kerr@abcfoodmart.com,2022-11-21,ABC Foodmart - DUMBO,2023-07-24 00:00,2023-07-24 00:00,dairy,19.55
"Ellis, Lauren","David, Mr.",lauren.ellis@abcfoodmart.com,2022-10-22,ABC Foodmart - Staten Island,2023-07-04 00:00,2023-07-04 00:00,fresh produce,18.62
"Torres, Steven","Waller, Chad",steven.torres@abcfoodmart.com,2023-05-10,ABC Foodmart - Tribeca,2023-12-17 00:00,2023-12-17 00:00,meats,18.78
"Owens, Jeffrey","Cooper, Robert",jeffrey.owens@abcfoodmart.com,2022-05-03,ABC Foodmart - DUMBO,2022-11-02 00:00,2022-11-02 00:00,pharmacy,15.32
"Moon, James","Farrell, Christopher",james.moon@abcfoodmart.com,2023-10-20,ABC Foodmart - Staten Island,2024-03-31 00:00,2024-03-31 00:00,meats,13.77
"Gardner, Laura","Waller, Chad",laura.gardner@abcfoodmart.com,2023-09-04,ABC Foodmart - Bay Ridge,2024-07-07 00:00,2024-07-07 00:00,dry goods,15.72
"Tate, Harry","Ellis, Grant",harry.tate@abcfoodmart.com,2022-09-18,ABC Foodmart - Whitestone,2023-08-03 00:00,2023-08-03 00:00,frozen foods,17.59
"Walls, Kristen","Cooper, Robert",kristen.walls@abcfoodmart.com,2023-02-10,ABC Foodmart - Staten Island,2023-10-27 00:00,2023-10-27 00:00,floral,19.86
"Randolph, Emily","Compton, Jeffrey",emily.randolph@abcfoodmart.com,2023-03-09,ABC Foodmart - Bay Ridge,2023-11-29 00:00,2023-11-29 00:00,seafood,13.23
"Thomas, Robert","Cooper, Robert",robert.thomas@abcfoodmart.com,2022-05-18,ABC Foodmart - Bay Ridge,2023-05-22 00:00,2023-05-22 00:00,meats,15.94
"Carroll, Eric","Farrell, Christopher",eric.carroll@abcfoodmart.com,2022-12-26,ABC Foodmart - Staten Island,2024-02-20 00:00,2024-02-20 00:00,cashier,19.94
"Gardner, Laura","Moran, John",laura.gardner@abcfoodmart.com,2023-09-04,ABC Foodmart - Staten Island,2024-07-24 00:00,2024-07-24 00:00,dry goods,16.58
"Martin, Monica","Waller, Chad",monica.martin@abcfoodmart.com,2023-11-23,ABC Foodmart - Bay Ridge,2024-10-26 00:00,2024-10-26 00:00,bakery,14.26
"Nguyen, Richard","Hoffman, Tina",richard.nguyen@abcfoodmart.com,2022-09-27,ABC Foodmart - DUMBO,2023-06-14 00:00,2023-06-14 00:00,fresh produce,18.63
"Werner, Kara","Waller, Chad",kara.werner@abcfoodmart.com,2023-10-12,ABC Foodmart - Staten Island,2024-07-09 00:00,2024-07-09 00:00,dairy,15.54
"Wells, Monica","Compton, Jeffrey",monica.wells@abcfoodmart.com,2024-03-12,ABC Foodmart - DUMBO,2024-09-14 00:00,2024-09-14 00:00,deli,15.06
"Jordan, Carla","Ellis, Grant",carla.jordan@abcfoodmart.com,2023-12-17,ABC Foodmart - DUMBO,2024-06-18 00:00,2024-06-18 00:00,fresh produce,17.30
"Myers, Gary","Cooper, Robert",gary.myers@abcfoodmart.com,2023-10-13,ABC Foodmart - Whitestone,2024-04-20 00:00,2024-04-20 00:00,pharmacy,15.79
"Walls, Kristen","Johnston, William",kristen.walls@abcfoodmart.com,2023-02-10,ABC Foodmart - Whitestone,2023-11-13 00:00,2023-11-13 00:00,dairy,13.41
"Meyer, James","Waller, Chad",james.meyer@abcfoodmart.com,2022-05-02,ABC Foodmart - Staten Island,2023-02-28 00:00,2023-02-28 00:00,seafood,17.14
"Warren, Timothy","Johnston, William",timothy.warren@abcfoodmart.com,2022-12-27,ABC Foodmart - Staten Island,2023-11-24 00:00,2023-11-24 00:00,dry goods,14.48
"Foster, Kenneth","Flores, Angela",kenneth.foster@abcfoodmart.com,2023-04-23,ABC Foodmart - Whitestone,2024-02-24 00:00,2024-02-24 00:00,seafood,18.46
"Nichols, Brandon","Cooper, Robert",brandon.nichols@abcfoodmart.com,2024-02-28,ABC Foodmart - Staten Island,2025-02-25 00:00,2025-02-25 00:00,frozen foods,16.53
"Smith, Diana","Ellis, Grant",diana.smith@abcfoodmart.com,2023-05-31,ABC Foodmart - Whitestone,2024-03-22 00:00,2024-03-22 00:00,customer service,12.52
"Perry, Andrea","Carter, Karen",andrea.perry@abcfoodmart.com,2023-05-05,ABC Foodmart - Staten Island,2024-03-31 00:00,2024-03-31 00:00,customer service,19.86
"Glover, Michelle","David, Mr.",michelle.glover@abcfoodmart.com,2022-08-25,ABC Foodmart - Whitestone,2023-04-25 00:00,2023-04-25 00:00,dry goods,13.94
"Garcia, Sarah","Ellis, Grant",sarah.garcia@abcfoodmart.com,2022-12-14,ABC Foodmart - DUMBO,2023-10-08 00:00,2023-10-08 00:00,dairy,12.86
"Harrell, Angie","Ellis, Grant",angie.harrell@abcfoodmart.com,2023-06-01,ABC Foodmart - Tribeca,2024-02-28 00:00,2024-02-28 00:00,dairy,12.02
"Conrad, Frederick","Compton, Jeffrey",frederick.conrad@abcfoodmart.com,2023-11-24,ABC Foodmart - Bay Ridge,2024-12-13 00:00,2024-12-13 00:00,dairy,18.95
"Warren, Timothy","Waller, Chad",timothy.warren@abcfoodmart.com,2022-12-27,ABC Foodmart - Whitestone,2023-12-17 00:00,2023-12-17 00:00,customer service,12.38
"Pena, Johnathan","Moran, John",johnathan.pena@abcfoodmart.com,2023-02-22,ABC Foodmart - Staten Island,2023-11-01 00:00,2023-11-01 00:00,pharmacy,18.70
"Burns, Kendra","Williams, Gina",kendra.burns@abcfoodmart.com,2022-12-13,ABC Foodmart - Whitestone,2023-06-13 00:00,2023-06-13 00:00,dairy,18.76
"Brooks, Renee","Hoffman, Tina",renee.brooks@abcfoodmart.com,2023-07-15,ABC Foodmart - Whitestone,2024-04-16 00:00,2024-04-16 00:00,fresh produce,18.61
"Atkinson, Gary","Carter, Karen",gary.atkinson@abcfoodmart.com,2022-05-24,ABC Foodmart - Bay Ridge,2023-02-06 00:00,2023-02-06 00:00,seafood,12.32
"Hull, Shane","Flores, Angela",shane.hull@abcfoodmart.com,2024-01-09,ABC Foodmart - Whitestone,2024-08-30 00:00,2024-08-30 00:00,floral,12.16
"Foster, Kenneth","Cooper, Robert",kenneth.foster@abcfoodmart.com,2023-04-23,ABC Foodmart - Tribeca,2024-03-07 00:00,2024-03-07 00:00,pharmacy,16.72
"Warren, Timothy","David, Mr.",timothy.warren@abcfoodmart.com,2022-12-27,ABC Foodmart - Whitestone,2024-01-01 00:00,2024-01-01 00:00,fresh produce,28.92
"Manning, Maria","Cooper, Robert",maria.manning@abcfoodmart.com,2022-11-16,ABC Foodmart - Bay Ridge,2023-05-27 00:00,2023-05-27 00:00,floral,19.83
"Bennett, Alec","Hoffman, Tina",alec.bennett@abcfoodmart.com,2023-10-03,ABC Foodmart - Whitestone,2024-03-23 00:00,2024-03-23 00:00,frozen foods,16.89
"Church, Joshua","Farrell, Christopher",joshua.church@abcfoodmart.com,2024-03-03,ABC Foodmart - Bay Ridge,2024-12-16 00:00,2024-12-16 00:00,bakery,19.09
"Pena, Johnathan","Ellis, Grant",johnathan.pena@abcfoodmart.com,2023-02-22,ABC Foodmart - Tribeca,2023-11-15 00:00,2023-11-15 00:00,dairy,16.51
"Long, Kirsten","Williams, Gina",kirsten.long@abcfoodmart.com,2024-02-24,ABC Foodmart - DUMBO,2024-12-18 00:00,2024-12-18 00:00,cashier,18.17
"Gonzalez, Michele","Farrell, Christopher",michele.gonzalez@abcfoodmart.com,2023-09-23,ABC Foodmart - DUMBO,2024-04-19 00:00,2024-04-19 00:00,floral,14.59
"Golden, Laurie","Johnston, William",laurie.golden@abcfoodmart.com,2023-12-23,ABC Foodmart - Bay Ridge,2024-05-25 00:00,2024-05-25 00:00,fresh produce,15.45
"Harrell, Angie","Williams, Gina",angie.harrell@abcfoodmart.com,2023-06-01,ABC Foodmart - Whitestone,2024-03-17 00:00,2024-03-17 00:00,meats,19.63
"Herrera, Spencer","Cooper, Robert",spencer.herrera@abcfoodmart.com,2023-01-16,ABC Foodmart - Staten Island,2023-07-15 00:00,2023-07-15 00:00,dry goods,12.96
"White, Kenneth","David, Mr.",kenneth.white@abcfoodmart.com,2023-01-22,ABC Foodmart - Bay Ridge,2024-04-18 00:00,2024-04-18 00:00,frozen foods,17.12
"Thomas, Robert","Cooper, Robert",robert.thomas@abcfoodmart.com,2022-05-18,ABC Foodmart - Bay Ridge,2023-05-31 00:00,2023-05-31 00:00,dry goods,15.51
"Galvan, Lori","David, Mr.",lori.galvan@abcfoodmart.com,2022-05-24,ABC Foodmart - DUMBO,2023-01-11 00:00,2023-01-11 00:00,dry goods,19.67
"Terri, Mrs.","David, Mr.",mrs..terri@abcfoodmart.com,2022-09-23,ABC Foodmart - Bay Ridge,2023-09-01 00:00,2023-09-01 00:00,meats,15.74
"Herrera, Spencer","Carter, Karen",spencer.herrera@abcfoodmart.com,2023-01-16,ABC Foodmart - Whitestone,2023-07-18 00:00,2023-07-18 00:00,dairy,19.03
"Spears, Erin","Farrell, Christopher",erin.spears@abcfoodmart.com,2023-07-30,ABC Foodmart - Staten Island,2024-06-29 00:00,2024-06-29 00:00,frozen foods,18.32
"Warren, Timothy","David, Mr.",timothy.warren@abcfoodmart.com,2022-12-27,ABC Foodmart - Bay Ridge,2024-01-21 00:00,2024-01-21 00:00,meats,19.85
"Foster, Jennifer","Johnston, William",jennifer.foster@abcfoodmart.com,2023-06-15,ABC Foodmart - DUMBO,2024-04-11 00:00,2024-04-11 00:00,bakery,19.55
"Wood, Joshua","Hoffman, Tina",joshua.wood@abcfoodmart.com,2022-11-26,ABC Foodmart - Tribeca,2023-09-22 00:00,2023-09-22 00:00,frozen foods,15.27
"Chen, Kathleen","Cooper, Robert",kathleen.chen@abcfoodmart.com,2024-02-03,ABC Foodmart - Bay Ridge,2024-06-28 00:00,2024-06-28 00:00,deli,14.10
"Hughes, Christopher","Carter, Karen",christopher.hughes@abcfoodmart.com,2022-09-01,ABC Foodmart - DUMBO,2023-07-11 00:00,2023-07-11 00:00,customer service,18.65
"Hughes, Christopher","Ellis, Grant",christopher.hughes@abcfoodmart.com,2022-09-01,ABC Foodmart - Whitestone,2023-07-12 00:00,2023-07-12 00:00,deli,13.52
"Owens, Jeffrey","Moran, John",jeffrey.owens@abcfoodmart.com,2022-05-03,ABC Foodmart - Bay Ridge,2022-11-07 00:00,2022-11-07 00:00,pharmacy,15.89
"Meyer, James","Hoffman, Tina",james.meyer@abcfoodmart.com,2022-05-02,ABC Foodmart - Staten Island,2023-03-12 00:00,2023-03-12 00:00,dairy,15.48
"Church, Joshua","David, Mr.",joshua.church@abcfoodmart.com,2024-03-03,ABC Foodmart - DUMBO,2025-01-03 00:00,2025-01-03 00:00,meats,18.21
"Alvarez, Brenda","Flores, Angela",brenda.alvarez@abcfoodmart.com,2023-11-16,ABC Foodmart - Bay Ridge,2024-09-03 00:00,2024-09-03 00:00,bakery,17.18
"Day, Natasha","Ellis, Grant",natasha.day@abcfoodmart.com,2023-08-02,ABC Foodmart - Tribeca,2023-12-18 00:00,2023-12-18 00:00,pharmacy,17.74
"Walters, Jay","Hoffman, Tina",jay.walters@abcfoodmart.com,2023-12-17,ABC Foodmart - Whitestone,2025-01-10 00:00,2025-01-10 00:00,pharmacy,13.29
"Riley, Ashley","David, Mr.",ashley.riley@abcfoodmart.com,2022-08-17,ABC Foodmart - DUMBO,2023-06-25 00:00,2023-06-25 00:00,meats,12.75
"Conrad, Frederick","Hoffman, Tina",frederick.conrad@abcfoodmart.com,2023-11-24,ABC Foodmart - Bay Ridge,2025-01-01 00:00,2025-01-01 00:00,dry goods,19.89
"White, Kenneth","Compton, Jeffrey",kenneth.white@abcfoodmart.com,2023-01-22,ABC Foodmart - Staten Island,2024-05-02 00:00,2024-05-02 00:00,pharmacy,14.02
"Jackson, Gary","Waller, Chad",gary.jackson@abcfoodmart.com,2022-09-08,ABC Foodmart - Staten Island,2023-03-01 00:00,2023-03-01 00:00,bakery,12.83
"Kerr, Jason","Ellis, Grant",jason.kerr@abcfoodmart.com,2022-11-21,ABC Foodmart - Tribeca,2023-08-19 00:00,2023-08-19 00:00,dry goods,16.82
"Day, Natasha","Waller, Chad",natasha.day@abcfoodmart.com,2023-08-02,ABC Foodmart - Bay Ridge,2023-12-30 00:00,2023-12-30 00:00,seafood,19.20
"Love, Thomas","Williams, Gina",thomas.love@abcfoodmart.com,2024-02-18,ABC Foodmart - Whitestone,2025-01-01 00:00,2025-01-01 00:00,floral,19.99
"Hull, Shane","Flores, Angela",shane.hull@abcfoodmart.com,2024-01-09,ABC Foodmart - Bay Ridge,2024-09-07 00:00,2024-09-07 00:00,cashier,13.75
"Thompson, Andrea","Hoffman, Tina",andrea.thompson@abcfoodmart.com,2023-01-06,ABC Foodmart - Tribeca,2023-07-10 00:00,2023-07-10 00:00,bakery,14.58
"Torres, Steven","Moran, John",steven.torres@abcfoodmart.com,2023-05-10,ABC Foodmart - Tribeca,2024-01-13 00:00,2024-01-13 00:00,floral,18.22
"Jessica, Ms.","David, Mr.",ms..jessica@abcfoodmart.com,2022-06-10,ABC Foodmart - Tribeca,2022-11-19 00:00,2022-11-19 00:00,dairy,14.78
"Horton, Ashley","Ellis, Grant",ashley.horton@abcfoodmart.com,2024-01-24,ABC Foodmart - Bay Ridge,2024-11-20 00:00,2024-11-20 00:00,dry goods,15.88
"Jessica, Ms.","Carter, Karen",ms..jessica@abcfoodmart.com,2022-06-10,ABC Foodmart - Bay Ridge,2022-11-24 00:00,2022-11-24 00:00,customer service,17.07
"Moore, Jason","Moran, John",jason.moore@abcfoodmart.com,2023-07-11,ABC Foodmart - Whitestone,2024-01-21 00:00,2024-01-21 00:00,cashier,15.75
"Hayes, Brandon","Moran, John",brandon.hayes@abcfoodmart.com,2022-09-28,ABC Foodmart - Whitestone,2023-03-14 00:00,2023-03-14 00:00,bakery,18.40
"Hernandez, Michael","Farrell, Christopher",michael.hernandez@abcfoodmart.com,2022-05-24,ABC Foodmart - Staten Island,2023-08-05 00:00,2023-08-05 00:00,bakery,17.28
"Wilson, Jill","Compton, Jeffrey",jill.wilson@abcfoodmart.com,2022-12-06,ABC Foodmart - Staten Island,2023-12-31 00:00,2023-12-31 00:00,floral,13.20
"Glover, Michelle","Johnston, William",michelle.glover@abcfoodmart.com,2022-08-25,ABC Foodmart - Tribeca,2023-05-20 00:00,2023-05-20 00:00,meats,12.19
"Jones, Evelyn","Hoffman, Tina",evelyn.jones@abcfoodmart.com,2024-02-25,ABC Foodmart - Bay Ridge,2024-10-28 00:00,2024-10-28 00:00,frozen foods,13.06
"Glover, Michelle","Johnston, William",michelle.glover@abcfoodmart.com,2022-08-25,ABC Foodmart - DUMBO,2023-05-22 00:00,2023-05-22 00:00,cashier,18.09
"Nichols, Brandon","Hoffman, Tina",brandon.nichols@abcfoodmart.com,2024-02-28,ABC Foodmart - DUMBO,2025-03-01 00:00,2025-03-01 00:00,seafood,15.78
"Wells, Monica","David, Mr.",monica.wells@abcfoodmart.com,2024-03-12,ABC Foodmart - Whitestone,2024-09-28 00:00,2024-09-28 00:00,customer service,15.77
"Rogers, Mark","David, Mr.",mark.rogers@abcfoodmart.com,2023-05-08,ABC Foodmart - Whitestone,2024-01-24 00:00,2024-01-24 00:00,pharmacy,12.76
"Marquez, Jeffrey","Ellis, Grant",jeffrey.marquez@abcfoodmart.com,2023-02-19,ABC Foodmart - Whitestone,2023-09-25 00:00,2023-09-25 00:00,floral,16.65
"Church, Joshua","Cooper, Robert",joshua.church@abcfoodmart.com,2024-03-03,ABC Foodmart - Whitestone,2025-01-17 00:00,2025-01-17 00:00,pharmacy,16.17
"Mckinney, Marcus","Ellis, Grant",marcus.mckinney@abcfoodmart.com,2022-08-14,ABC Foodmart - DUMBO,2023-08-09 00:00,2023-08-09 00:00,bakery,12.33
"Jones, Michael","Carter, Karen",michael.jones@abcfoodmart.com,2023-01-19,ABC Foodmart - Tribeca,2023-07-25 00:00,2023-07-25 00:00,dry goods,16.83
"Wells, Monica","Moran, John",monica.wells@abcfoodmart.com,2024-03-12,ABC Foodmart - Staten Island,2024-10-09 00:00,2024-10-09 00:00,pharmacy,14.93
"Eric, Mr.","Ellis, Grant",mr..eric@abcfoodmart.com,2022-09-02,ABC Foodmart - Bay Ridge,2023-04-22 00:00,2023-04-22 00:00,pharmacy,16.26
"Warren, Timothy","Flores, Angela",timothy.warren@abcfoodmart.com,2022-12-27,ABC Foodmart - Staten Island,2024-02-04 00:00,2024-02-04 00:00,dry goods,16.62
"Roach, Christine","Waller, Chad",christine.roach@abcfoodmart.com,2023-10-15,ABC Foodmart - Tribeca,2024-07-11 00:00,2024-07-11 00:00,meats,19.99
"Jones, Evelyn","Ellis, Grant",evelyn.jones@abcfoodmart.com,2024-02-25,ABC Foodmart - Staten Island,2024-11-19 00:00,2024-11-19 00:00,dairy,17.17
"Williams, Michael","Compton, Jeffrey",michael.williams@abcfoodmart.com,2023-06-11,ABC Foodmart - Bay Ridge,2024-02-07 00:00,2024-02-07 00:00,meats,15.94
"Jacobs, Brenda","Moran, John",brenda.jacobs@abcfoodmart.com,2024-02-09,ABC Foodmart - Bay Ridge,2024-11-08 00:00,2024-11-08 00:00,dairy,17.82
"Williams, Michael","Carter, Karen",michael.williams@abcfoodmart.com,2023-06-11,ABC Foodmart - Whitestone,2024-02-28 00:00,2024-02-28 00:00,frozen foods,15.79
"Jacobs, Brenda","Moran, John",brenda.jacobs@abcfoodmart.com,2024-02-09,ABC Foodmart - DUMBO,2024-11-09 00:00,2024-11-09 00:00,meats,17.10
"Nichols, Mitchell","Johnston, William",mitchell.nichols@abcfoodmart.com,2022-09-30,ABC Foodmart - DUMBO,2023-05-18 00:00,2023-05-18 00:00,seafood,18.77
"Campbell, Brittany","Farrell, Christopher",brittany.campbell@abcfoodmart.com,2023-03-25,ABC Foodmart - Bay Ridge,2023-11-03 00:00,2023-11-03 00:00,seafood,12.69
"Walls, Kristen","Compton, Jeffrey",kristen.walls@abcfoodmart.com,2023-02-10,ABC Foodmart - Staten Island,2023-11-14 00:00,2023-11-14 00:00,fresh produce,16.47
"Mckinney, Marcus","Carter, Karen",marcus.mckinney@abcfoodmart.com,2022-08-14,ABC Foodmart - Staten Island,2023-08-10 00:00,2023-08-10 00:00,cashier,18.92
"Johnson, Samantha","Hoffman, Tina",samantha.johnson@abcfoodmart.com,2023-01-16,ABC Foodmart - Staten Island,2023-09-23 00:00,2023-09-23 00:00,frozen foods,16.66
"Perry, Andrea","Waller, Chad",andrea.perry@abcfoodmart.com,2023-05-05,ABC Foodmart - Whitestone,2024-04-06 00:00,2024-04-06 00:00,customer service,16.34
"Brooks, Renee","Farrell, Christopher",renee.brooks@abcfoodmart.com,2023-07-15,ABC Foodmart - DUMBO,2024-04-18 00:00,2024-04-18 00:00,deli,12.94
"Spears, Erin","Cooper, Robert",erin.spears@abcfoodmart.com,2023-07-30,ABC Foodmart - DUMBO,2024-07-16 00:00,2024-07-16 00:00,meats,14.50
"Ellis, Lauren","Waller, Chad",lauren.ellis@abcfoodmart.com,2022-10-22,ABC Foodmart - Bay Ridge,2023-08-02 00:00,2023-08-02 00:00,pharmacy,18.53
"Hull, Shane","Farrell, Christopher",shane.hull@abcfoodmart.com,2024-01-09,ABC Foodmart - Whitestone,2024-10-05 00:00,2024-10-05 00:00,seafood,13.37
"Smith, Diana","Williams, Gina",diana.smith@abcfoodmart.com,2023-05-31,ABC Foodmart - Tribeca,2024-03-30 00:00,2024-03-30 00:00,dairy,18.40
"Campbell, Brittany","David, Mr.",brittany.campbell@abcfoodmart.com,2023-03-25,ABC Foodmart - Staten Island,2023-11-04 00:00,2023-11-04 00:00,bakery,18.89
"Walls, Kristen","Waller, Chad",kristen.walls@abcfoodmart.com,2023-02-10,ABC Foodmart - Bay Ridge,2023-11-25 00:00,2023-11-25 00:00,customer service,17.38
"Torres, Steven","Farrell, Christopher",steven.torres@abcfoodmart.com,2023-05-10,ABC Foodmart - DUMBO,2024-01-27 00:00,2024-01-27 00:00,dairy,16.78
"Horton, Ashley","Moran, John",ashley.horton@abcfoodmart.com,2024-01-24,ABC Foodmart - Staten Island,2024-12-19 00:00,2024-12-19 00:00,cashier,15.25
"Rogers, Mark","Carter, Karen",mark.rogers@abcfoodmart.com,2023-05-08,ABC Foodmart - Staten Island,2024-02-16 00:00,2024-02-16 00:00,fresh produce,14.12
"Gardner, Laura","Carter, Karen",laura.gardner@abcfoodmart.com,2023-09-04,ABC Foodmart - DUMBO,2024-07-25 00:00,2024-07-25 00:00,meats,18.42
"Hull, Shane","Flores, Angela",shane.hull@abcfoodmart.com,2024-01-09,ABC Foodmart - Tribeca,2024-10-06 00:00,2024-10-06 00:00,pharmacy,12.54
"Moyer, Steven","David, Mr.",steven.moyer@abcfoodmart.com,2022-12-26,ABC Foodmart - Bay Ridge,2023-03-25 00:00,2023-03-25 00:00,seafood,15.63
"Smith, Brandy","Johnston, William",brandy.smith@abcfoodmart.com,2023-12-26,ABC Foodmart - Bay Ridge,2024-12-02 00:00,2024-12-02 00:00,pharmacy,16.76
"Harrell, Angie","Cooper, Robert",angie.harrell@abcfoodmart.com,2023-06-01,ABC Foodmart - Staten Island,2024-03-23 00:00,2024-03-23 00:00,bakery,17.14
"Campbell, Bethany","Farrell, Christopher",bethany.campbell@abcfoodmart.com,2023-10-07,ABC Foodmart - Bay Ridge,2024-04-06 00:00,2024-04-06 00:00,floral,18.33
"Foster, Jennifer","Farrell, Christopher",jennifer.foster@abcfoodmart.com,2023-06-15,ABC Foodmart - Whitestone,2024-04-27 00:00,2024-04-27 00:00,dairy,19.40
"Thomas, Robert","Carter, Karen",robert.thomas@abcfoodmart.com,2022-05-18,ABC Foodmart - Staten Island,2023-06-19 00:00,2023-06-19 00:00,dairy,16.43
"Roach, Christine","Johnston, William",christine.roach@abcfoodmart.com,2023-10-15,ABC Foodmart - Whitestone,2024-07-27 00:00,2024-07-27 00:00,seafood,17.03
"Johnson, Samantha","Farrell, Christopher",samantha.johnson@abcfoodmart.com,2023-01-16,ABC Foodmart - Bay Ridge,2023-10-16 00:00,2023-10-16 00:00,meats,13.77
"Jones, Michael","Hoffman, Tina",michael.jones@abcfoodmart.com,2023-01-19,ABC Foodmart - Tribeca,2023-08-21 00:00,2023-08-21 00:00,deli,16.20
"Werner, Kara","Flores, Angela",kara.werner@abcfoodmart.com,2023-10-12,ABC Foodmart - Tribeca,2024-07-28 00:00,2024-07-28 00:00,deli,19.72
"Marquez, Jeffrey","Flores, Angela",jeffrey.marquez@abcfoodmart.com,2023-02-19,ABC Foodmart - Tribeca,2023-10-10 00:00,2023-10-10 00:00,cashier,14.46
"Jones, Christopher","Compton, Jeffrey",christopher.jones@abcfoodmart.com,2022-05-19,ABC Foodmart - Bay Ridge,2023-04-16 00:00,2023-04-16 00:00,deli,16.84
"Horton, Ashley","Cooper, Robert",ashley.horton@abcfoodmart.com,2024-01-24,ABC Foodmart - Staten Island,2025-01-12 00:00,2025-01-12 00:00,bakery,15.39
"Durham, Denise","Farrell, Christopher",denise.durham@abcfoodmart.com,2022-10-24,ABC Foodmart - Staten Island,2023-08-26 00:00,2023-08-26 00:00,dry goods,15.94
"Moore, Jason","Williams, Gina",jason.moore@abcfoodmart.com,2023-07-11,ABC Foodmart - Staten Island,2024-02-12 00:00,2024-02-12 00:00,dairy,14.86
"Hull, Shane","Johnston, William",shane.hull@abcfoodmart.com,2024-01-09,ABC Foodmart - Whitestone,2024-10-13 00:00,2024-10-13 00:00,dairy,16.48
"Gardner, Laura","Ellis, Grant",laura.gardner@abcfoodmart.com,2023-09-04,ABC Foodmart - Bay Ridge,2024-08-17 00:00,2024-08-17 00:00,dairy,18.01
"Thompson, Matthew","Johnston, William",matthew.thompson@abcfoodmart.com,2022-04-22,ABC Foodmart - Tribeca,2022-11-25 00:00,2022-11-25 00:00,meats,17.91
"Mckinney, Marcus","Hoffman, Tina",marcus.mckinney@abcfoodmart.com,2022-08-14,ABC Foodmart - Tribeca,2023-09-07 00:00,2023-09-07 00:00,frozen foods,16.68
"Gross, Andrew","Compton, Jeffrey",andrew.gross@abcfoodmart.com,2022-04-30,ABC Foodmart - Staten Island,2023-01-26 00:00,2023-01-26 00:00,dry goods,19.94
"Henderson, Nancy","David, Mr.",nancy.henderson@abcfoodmart.com,2023-12-30,ABC Foodmart - Staten Island,2024-07-04 00:00,2024-07-04 00:00,fresh produce,12.15
"Kerr, Jason","Ellis, Grant",jason.kerr@abcfoodmart.com,2022-11-21,ABC Foodmart - DUMBO,2023-09-10 00:00,2023-09-10 00:00,customer service,17.99
"Riley, Ashley","Ellis, Grant",ashley.riley@abcfoodmart.com,2022-08-17,ABC Foodmart - Staten Island,2023-07-15 00:00,2023-07-15 00:00,cashier,16.23
"Hughes, Christopher","Compton, Jeffrey",christopher.hughes@abcfoodmart.com,2022-09-01,ABC Foodmart - Tribeca,2023-07-28 00:00,2023-07-28 00:00,cashier,16.99
"Campbell, Bethany","Farrell, Christopher",bethany.campbell@abcfoodmart.com,2023-10-07,ABC Foodmart - Whitestone,2024-04-17 00:00,2024-04-17 00:00,cashier,13.31
"Jones, Christopher","Hoffman, Tina",christopher.jones@abcfoodmart.com,2022-05-19,ABC Foodmart - Whitestone,2023-04-20 00:00,2023-04-20 00:00,deli,19.45
"Jones, Michael","Ellis, Grant",michael.jones@abcfoodmart.com,2023-01-19,ABC Foodmart - Whitestone,2023-09-13 00:00,2023-09-13 00:00,customer service,19.34
"Bennett, Alec","Farrell, Christopher",alec.bennett@abcfoodmart.com,2023-10-03,ABC Foodmart - Whitestone,2024-03-24 00:00,2024-03-24 00:00,seafood,18.49
"Church, Joshua","Flores, Angela",joshua.church@abcfoodmart.com,2024-03-03,ABC Foodmart - Bay Ridge,2025-01-22 00:00,2025-01-22 00:00,customer service,18.28
"Frederick, Evan","Johnston, William",evan.frederick@abcfoodmart.com,2023-02-24,ABC Foodmart - Bay Ridge,2023-08-27 00:00,2023-08-27 00:00,seafood,16.28
"Bradley, Rita","Moran, John",rita.bradley@abcfoodmart.com,2023-08-06,ABC Foodmart - Whitestone,2024-06-16 00:00,2024-06-16 00:00,fresh produce,16.35
"Alvarez, Brenda","Moran, John",brenda.alvarez@abcfoodmart.com,2023-11-16,ABC Foodmart - DUMBO,2024-09-18 00:00,2024-09-18 00:00,seafood,13.21
"Wilson, Jill","Compton, Jeffrey",jill.wilson@abcfoodmart.com,2022-12-06,ABC Foodmart - Staten Island,2024-01-29 00:00,2024-01-29 00:00,meats,13.19
"Foster, Kenneth","Flores, Angela",kenneth.foster@abcfoodmart.com,2023-04-23,ABC Foodmart - Whitestone,2024-03-26 00:00,2024-03-26 00:00,dry goods,19.04
"Nguyen, Richard","Ellis, Grant",richard.nguyen@abcfoodmart.com,2022-09-27,ABC Foodmart - Staten Island,2023-07-04 00:00,2023-07-04 00:00,fresh produce,17.99
"Perry, Andrea","David, Mr.",andrea.perry@abcfoodmart.com,2023-05-05,ABC Foodmart - Staten Island,2024-04-23 00:00,2024-04-23 00:00,bakery,12.58
"Terri, Mrs.","Cooper, Robert",mrs..terri@abcfoodmart.com,2022-09-23,ABC Foodmart - Bay Ridge,2023-09-03 00:00,2023-09-03 00:00,seafood,16.35
"Woods, Marcus","Carter, Karen",marcus.woods@abcfoodmart.com,2024-04-01,ABC Foodmart - Whitestone,2024-09-18 00:00,2024-09-18 00:00,dry goods,14.69
"Moore, Jason","Ellis, Grant",jason.moore@abcfoodmart.com,2023-07-11,ABC Foodmart - DUMBO,2024-02-21 00:00,2024-02-21 00:00,customer service,18.22
"Church, Joshua","Carter, Karen",joshua.church@abcfoodmart.com,2024-03-03,ABC Foodmart - Tribeca,2025-02-06 00:00,2025-02-06 00:00,pharmacy,18.02
"Blanchard, Ricky","Hoffman, Tina",ricky.blanchard@abcfoodmart.com,2023-05-23,ABC Foodmart - Whitestone,2024-01-01 00:00,2024-01-01 00:00,dry goods,28.64
"Hull, Shane","Cooper, Robert",shane.hull@abcfoodmart.com,2024-01-09,ABC Foodmart - Tribeca,2024-10-31 00:00,2024-10-31 00:00,deli,15.45
"Meyer, James","Cooper, Robert",james.meyer@abcfoodmart.com,2022-05-02,ABC Foodmart - Tribeca,2023-03-26 00:00,2023-03-26 00:00,deli,16.86
"Long, Kirsten","Moran, John",kirsten.long@abcfoodmart.com,2024-02-24,ABC Foodmart - Whitestone,2025-01-11 00:00,2025-01-11 00:00,bakery,19.75
"Nichols, Brandon","Farrell, Christopher",brandon.nichols@abcfoodmart.com,2024-02-28,ABC Foodmart - Whitestone,2025-03-12 00:00,2025-03-12 00:00,fresh produce,12.07
"Walters, Jay","Cooper, Robert",jay.walters@abcfoodmart.com,2023-12-17,ABC Foodmart - Tribeca,2025-01-22 00:00,2025-01-22 00:00,deli,13.55
"Church, Joshua","Waller, Chad",joshua.church@abcfoodmart.com,2024-03-03,ABC Foodmart - DUMBO,2025-03-04 00:00,2025-03-04 00:00,seafood,18.63
"Hernandez, Michael","Moran, John",michael.hernandez@abcfoodmart.com,2022-05-24,ABC Foodmart - Staten Island,2023-09-02 00:00,2023-09-02 00:00,frozen foods,16.94
"Williams, Michael","Williams, Gina",michael.williams@abcfoodmart.com,2023-06-11,ABC Foodmart - Tribeca,2024-03-07 00:00,2024-03-07 00:00,frozen foods,14.84
"Werner, Kara","Flores, Angela",kara.werner@abcfoodmart.com,2023-10-12,ABC Foodmart - DUMBO,2024-08-25 00:00,2024-08-25 00:00,bakery,19.58
"Thompson, Matthew","Moran, John",matthew.thompson@abcfoodmart.com,2022-04-22,ABC Foodmart - DUMBO,2022-12-09 00:00,2022-12-09 00:00,deli,19.63
"Tate, Harry","Compton, Jeffrey",harry.tate@abcfoodmart.com,2022-09-18,ABC Foodmart - Tribeca,2023-08-16 00:00,2023-08-16 00:00,cashier,13.66
"Foster, Jennifer","Johnston, William",jennifer.foster@abcfoodmart.com,2023-06-15,ABC Foodmart - Bay Ridge,2024-05-13 00:00,2024-05-13 00:00,floral,16.73
"Foster, Jennifer","Williams, Gina",jennifer.foster@abcfoodmart.com,2023-06-15,ABC Foodmart - DUMBO,2024-05-23 00:00,2024-05-23 00:00,pharmacy,18.91
"Alvarez, Brenda","Williams, Gina",brenda.alvarez@abcfoodmart.com,2023-11-16,ABC Foodmart - Staten Island,2024-10-15 00:00,2024-10-15 00:00,floral,15.73
"Moon, James","Moran, John",james.moon@abcfoodmart.com,2023-10-20,ABC Foodmart - Staten Island,2024-04-07 00:00,2024-04-07 00:00,meats,14.61
"Moon, James","Williams, Gina",james.moon@abcfoodmart.com,2023-10-20,ABC Foodmart - Tribeca,2024-05-03 00:00,2024-05-03 00:00,pharmacy,19.87
"Kramer, Veronica","Compton, Jeffrey",veronica.kramer@abcfoodmart.com,2023-03-28,ABC Foodmart - Tribeca,2024-01-20 00:00,2024-01-20 00:00,seafood,13.14
"Moyer, Steven","Carter, Karen",steven.moyer@abcfoodmart.com,2022-12-26,ABC Foodmart - Bay Ridge,2023-03-28 00:00,2023-03-28 00:00,pharmacy,13.34
"Love, Thomas","David, Mr.",thomas.love@abcfoodmart.com,2024-02-18,ABC Foodmart - Whitestone,2025-01-17 00:00,2025-01-17 00:00,fresh produce,19.90
"Perry, Andrea","Hoffman, Tina",andrea.perry@abcfoodmart.com,2023-05-05,ABC Foodmart - Staten Island,2024-05-21 00:00,2024-05-21 00:00,customer service,18.78
"Johnson, Samantha","Hoffman, Tina",samantha.johnson@abcfoodmart.com,2023-01-16,ABC Foodmart - Bay Ridge,2023-10-19 00:00,2023-10-19 00:00,seafood,13.58
"Blanchard, Ricky","Williams, Gina",ricky.blanchard@abcfoodmart.com,2023-05-23,ABC Foodmart - Staten Island,2024-01-24 00:00,2024-01-24 00:00,customer service,17.20
"Wilson, Jill","Hoffman, Tina",jill.wilson@abcfoodmart.com,2022-12-06,ABC Foodmart - Whitestone,2024-02-14 00:00,2024-02-14 00:00,fresh produce,13.10
"Moyer, Steven","Farrell, Christopher",steven.moyer@abcfoodmart.com,2022-12-26,ABC Foodmart - DUMBO,2023-04-20 00:00,2023-04-20 00:00,customer service,16.25
"Sosa, David","Williams, Gina",david.sosa@abcfoodmart.com,2023-07-27,ABC Foodmart - Bay Ridge,2024-06-08 00:00,2024-06-08 00:00,seafood,17.71
"Marquez, Jeffrey","Johnston, William",jeffrey.marquez@abcfoodmart.com,2023-02-19,ABC Foodmart - Staten Island,2023-10-14 00:00,2023-10-14 00:00,frozen foods,15.02
"Foster, Kenneth","Moran, John",kenneth.foster@abcfoodmart.com,2023-04-23,ABC Foodmart - Staten Island,2024-04-17 00:00,2024-04-17 00:00,fresh produce,17.98
"Campbell, Brittany","Hoffman, Tina",brittany.campbell@abcfoodmart.com,2023-03-25,ABC Foodmart - Whitestone,2023-11-24 00:00,2023-11-24 00:00,dairy,13.36
"Durham, Denise","Williams, Gina",denise.durham@abcfoodmart.com,2022-10-24,ABC Foodmart - Tribeca,2023-09-10 00:00,2023-09-10 00:00,pharmacy,15.25
"Nguyen, Richard","Farrell, Christopher",richard.nguyen@abcfoodmart.com,2022-09-27,ABC Foodmart - DUMBO,2023-07-31 00:00,2023-07-31 00:00,dry goods,16.50
"Myers, Gary","Moran, John",gary.myers@abcfoodmart.com,2023-10-13,ABC Foodmart - DUMBO,2024-05-02 00:00,2024-05-02 00:00,floral,19.13
"Warren, Timothy","Flores, Angela",timothy.warren@abcfoodmart.com,2022-12-27,ABC Foodmart - Whitestone,2024-02-22 00:00,2024-02-22 00:00,dairy,17.00
"Bradley, Rita","David, Mr.",rita.bradley@abcfoodmart.com,2023-08-06,ABC Foodmart - Bay Ridge,2024-07-02 00:00,2024-07-02 00:00,fresh produce,19.98
"Pena, Johnathan","Farrell, Christopher",johnathan.pena@abcfoodmart.com,2023-02-22,ABC Foodmart - Whitestone,2023-12-06 00:00,2023-12-06 00:00,fresh produce,18.97
"Hull, Shane","Carter, Karen",shane.hull@abcfoodmart.com,2024-01-09,ABC Foodmart - Bay Ridge,2024-11-03 00:00,2024-11-03 00:00,pharmacy,16.95
"Kramer, Veronica","Johnston, William",veronica.kramer@abcfoodmart.com,2023-03-28,ABC Foodmart - Whitestone,2024-02-10 00:00,2024-02-10 00:00,cashier,16.75
"Walters, Jay","Williams, Gina",jay.walters@abcfoodmart.com,2023-12-17,ABC Foodmart - Whitestone,2025-02-19 00:00,2025-02-19 00:00,bakery,16.78
"Jones, Evelyn","Waller, Chad",evelyn.jones@abcfoodmart.com,2024-02-25,ABC Foodmart - Whitestone,2024-12-08 00:00,2024-12-08 00:00,cashier,19.74
"Harrell, Angie","Carter, Karen",angie.harrell@abcfoodmart.com,2023-06-01,ABC Foodmart - Staten Island,2024-03-27 00:00,2024-03-27 00:00,pharmacy,17.68
"Shah, Amanda","Compton, Jeffrey",amanda.shah@abcfoodmart.com,2023-10-07,ABC Foodmart - Whitestone,2024-06-16 00:00,2024-06-16 00:00,fresh produce,12.11
"Moon, James","Waller, Chad",james.moon@abcfoodmart.com,2023-10-20,ABC Foodmart - Bay Ridge,2024-05-29 00:00,2024-05-29 00:00,frozen foods,15.35
"Davis, Jennifer","Farrell, Christopher",jennifer.davis@abcfoodmart.com,2023-11-03,ABC Foodmart - Whitestone,2024-10-21 00:00,2024-10-21 00:00,frozen foods,18.58
"Atkinson, Gary","Moran, John",gary.atkinson@abcfoodmart.com,2022-05-24,ABC Foodmart - Whitestone,2023-03-06 00:00,2023-03-06 00:00,dairy,18.91
"Owens, Jeffrey","Carter, Karen",jeffrey.owens@abcfoodmart.com,2022-05-03,ABC Foodmart - Bay Ridge,2022-11-16 00:00,2022-11-16 00:00,pharmacy,18.03
"Terri, Mrs.","Carter, Karen",mrs..terri@abcfoodmart.com,2022-09-23,ABC Foodmart - Bay Ridge,2023-09-20 00:00,2023-09-20 00:00,floral,14.46
"Manning, Maria","Farrell, Christopher",maria.manning@abcfoodmart.com,2022-11-16,ABC Foodmart - Tribeca,2023-06-08 00:00,2023-06-08 00:00,dairy,14.29
"Jessica, Ms.","David, Mr.",ms..jessica@abcfoodmart.com,2022-06-10,ABC Foodmart - Staten Island,2022-12-03 00:00,2022-12-03 00:00,customer service,14.45
"Carroll, Eric","Johnston, William",eric.carroll@abcfoodmart.com,2022-12-26,ABC Foodmart - Staten Island,2024-03-11 00:00,2024-03-11 00:00,deli,19.71
"Glover, Michelle","Hoffman, Tina",michelle.glover@abcfoodmart.com,2022-08-25,ABC Foodmart - Whitestone,2023-05-26 00:00,2023-05-26 00:00,pharmacy,18.40
"Jessica, Ms.","Compton, Jeffrey",ms..jessica@abcfoodmart.com,2022-06-10,ABC Foodmart - Bay Ridge,2022-12-20 00:00,2022-12-20 00:00,pharmacy,17.75
"Sosa, David","Compton, Jeffrey",david.sosa@abcfoodmart.com,2023-07-27,ABC Foodmart - Bay Ridge,2024-06-29 00:00,2024-06-29 00:00,bakery,19.45
"Alvarez, Brenda","Williams, Gina",brenda.alvarez@abcfoodmart.com,2023-11-16,ABC Foodmart - Staten Island,2024-11-10 00:00,2024-11-10 00:00,deli,14.94
"Wood, Joshua","Cooper, Robert",joshua.wood@abcfoodmart.com,2022-11-26,ABC Foodmart - Tribeca,2023-10-10 00:00,2023-10-10 00:00,seafood,15.62
"Riley, Ashley","Ellis, Grant",ashley.riley@abcfoodmart.com,2022-08-17,ABC Foodmart - Staten Island,2023-07-29 00:00,2023-07-29 00:00,dry goods,19.83
"Sean, Mr.","Waller, Chad",mr..sean@abcfoodmart.com,2023-03-25,ABC Foodmart - Bay Ridge,2023-10-30 00:00,2023-10-30 00:00,seafood,18.21
"Conrad, Frederick","Flores, Angela",frederick.conrad@abcfoodmart.com,2023-11-24,ABC Foodmart - Bay Ridge,2025-01-17 00:00,2025-01-17 00:00,deli,18.50
"Dodson, Courtney","Ellis, Grant",courtney.dodson@abcfoodmart.com,2023-01-10,ABC Foodmart - DUMBO,2023-11-15 00:00,2023-11-15 00:00,seafood,13.79
"Werner, Kara","Cooper, Robert",kara.werner@abcfoodmart.com,2023-10-12,ABC Foodmart - DUMBO,2024-09-11 00:00,2024-09-11 00:00,bakery,19.84
"Riley, Ashley","David, Mr.",ashley.riley@abcfoodmart.com,2022-08-17,ABC Foodmart - DUMBO,2023-08-05 00:00,2023-08-05 00:00,frozen foods,13.71
"Brooks, Renee","Johnston, William",renee.brooks@abcfoodmart.com,2023-07-15,ABC Foodmart - Whitestone,2024-05-12 00:00,2024-05-12 00:00,cashier,16.47
"Burns, Kendra","David, Mr.",kendra.burns@abcfoodmart.com,2022-12-13,ABC Foodmart - Whitestone,2023-06-19 00:00,2023-06-19 00:00,meats,15.90
"Day, Natasha","Compton, Jeffrey",natasha.day@abcfoodmart.com,2023-08-02,ABC Foodmart - Bay Ridge,2024-01-28 00:00,2024-01-28 00:00,bakery,14.88
"Love, Thomas","Waller, Chad",thomas.love@abcfoodmart.com,2024-02-18,ABC Foodmart - Tribeca,2025-01-20 00:00,2025-01-20 00:00,customer service,19.15
"Bryan, Mr.","Williams, Gina",mr..bryan@abcfoodmart.com,2023-08-26,ABC Foodmart - Bay Ridge,2024-08-07 00:00,2024-08-07 00:00,dry goods,17.23
"Waters, Julie","Waller, Chad",julie.waters@abcfoodmart.com,2023-05-20,ABC Foodmart - DUMBO,2024-02-11 00:00,2024-02-11 00:00,meats,14.02
"Golden, Laurie","Hoffman, Tina",laurie.golden@abcfoodmart.com,2023-12-23,ABC Foodmart - Bay Ridge,2024-06-11 00:00,2024-06-11 00:00,seafood,18.24
"Nguyen, Richard","Hoffman, Tina",richard.nguyen@abcfoodmart.com,2022-09-27,ABC Foodmart - Whitestone,2023-08-09 00:00,2023-08-09 00:00,fresh produce,17.03
"Davis, Jennifer","Ellis, Grant",jennifer.davis@abcfoodmart.com,2023-11-03,ABC Foodmart - Staten Island,2024-11-13 00:00,2024-11-13 00:00,floral,12.00
"Wood, Joshua","Cooper, Robert",joshua.wood@abcfoodmart.com,2022-11-26,ABC Foodmart - Whitestone,2023-10-28 00:00,2023-10-28 00:00,dairy,14.47
"Conrad, Frederick","Johnston, William",frederick.conrad@abcfoodmart.com,2023-11-24,ABC Foodmart - Tribeca,2025-01-27 00:00,2025-01-27 00:00,cashier,15.39
"Waters, Julie","Cooper, Robert",julie.waters@abcfoodmart.com,2023-05-20,ABC Foodmart - Bay Ridge,2024-02-18 00:00,2024-02-18 00:00,fresh produce,15.08
"Terri, Mrs.","Moran, John",mrs..terri@abcfoodmart.com,2022-09-23,ABC Foodmart - Whitestone,2023-10-06 00:00,2023-10-06 00:00,frozen foods,17.63
"Love, Thomas","Cooper, Robert",thomas.love@abcfoodmart.com,2024-02-18,ABC Foodmart - Bay Ridge,2025-01-30 00:00,2025-01-30 00:00,bakery,16.44
"Nichols, Mitchell","Moran, John",mitchell.nichols@abcfoodmart.com,2022-09-30,ABC Foodmart - Whitestone,2023-05-25 00:00,2023-05-25 00:00,cashier,18.31
"Horton, Mark","Compton, Jeffrey",mark.horton@abcfoodmart.com,2023-02-14,ABC Foodmart - Tribeca,2023-08-27 00:00,2023-08-27 00:00,frozen foods,13.84
"Moore, Jason","Ellis, Grant",jason.moore@abcfoodmart.com,2023-07-11,ABC Foodmart - Tribeca,2024-03-11 00:00,2024-03-11 00:00,floral,12.96
"Brown, Lisa","Ellis, Grant",lisa.brown@abcfoodmart.com,2022-08-18,ABC Foodmart - Tribeca,2023-05-13 00:00,2023-05-13 00:00,pharmacy,16.33
"Wood, Joshua","Cooper, Robert",joshua.wood@abcfoodmart.com,2022-11-26,ABC Foodmart - Tribeca,2023-11-18 00:00,2023-11-18 00:00,fresh produce,13.27
"Gonzalez, Michele","Cooper, Robert",michele.gonzalez@abcfoodmart.com,2023-09-23,ABC Foodmart - DUMBO,2024-05-05 00:00,2024-05-05 00:00,dairy,14.41
"Williams, Michael","Johnston, William",michael.williams@abcfoodmart.com,2023-06-11,ABC Foodmart - Whitestone,2024-03-19 00:00,2024-03-19 00:00,floral,13.48
"Thompson, Andrea","Ellis, Grant",andrea.thompson@abcfoodmart.com,2023-01-06,ABC Foodmart - Staten Island,2023-08-02 00:00,2023-08-02 00:00,floral,16.36
"Hernandez, Michael","Carter, Karen",michael.hernandez@abcfoodmart.com,2022-05-24,ABC Foodmart - DUMBO,2023-09-05 00:00,2023-09-05 00:00,cashier,14.66
"Owens, Jeffrey","Cooper, Robert",jeffrey.owens@abcfoodmart.com,2022-05-03,ABC Foodmart - Staten Island,2022-12-01 00:00,2022-12-01 00:00,dairy,12.15
"Moore, Jason","Williams, Gina",jason.moore@abcfoodmart.com,2023-07-11,ABC Foodmart - DUMBO,2024-03-25 00:00,2024-03-25 00:00,cashier,19.27
"Riley, Ashley","Compton, Jeffrey",ashley.riley@abcfoodmart.com,2022-08-17,ABC Foodmart - Whitestone,2023-08-25 00:00,2023-08-25 00:00,pharmacy,17.91
"Vasquez, Peter","Waller, Chad",peter.vasquez@abcfoodmart.com,2023-01-05,ABC Foodmart - Bay Ridge,2023-06-27 00:00,2023-06-27 00:00,deli,15.35
"Foster, Jennifer","Hoffman, Tina",jennifer.foster@abcfoodmart.com,2023-06-15,ABC Foodmart - Whitestone,2024-06-01 00:00,2024-06-01 00:00,deli,12.13
"Spears, Erin","Hoffman, Tina",erin.spears@abcfoodmart.com,2023-07-30,ABC Foodmart - Tribeca,2024-08-09 00:00,2024-08-09 00:00,bakery,17.67
"Moon, James","Compton, Jeffrey",james.moon@abcfoodmart.com,2023-10-20,ABC Foodmart - DUMBO,2024-06-05 00:00,2024-06-05 00:00,dry goods,15.02
"Nichols, Mitchell","Waller, Chad",mitchell.nichols@abcfoodmart.com,2022-09-30,ABC Foodmart - Tribeca,2023-06-09 00:00,2023-06-09 00:00,bakery,13.38
"Golden, Laurie","Williams, Gina",laurie.golden@abcfoodmart.com,2023-12-23,ABC Foodmart - Whitestone,2024-06-22 00:00,2024-06-22 00:00,customer service,17.88
"Terri, Mrs.","Farrell, Christopher",mrs..terri@abcfoodmart.com,2022-09-23,ABC Foodmart - Bay Ridge,2023-10-26 00:00,2023-10-26 00:00,seafood,13.49
"Herrera, Spencer","Carter, Karen",spencer.herrera@abcfoodmart.com,2023-01-16,ABC Foodmart - Whitestone,2023-08-15 00:00,2023-08-15 00:00,cashier,19.41
"Werner, Kara","Williams, Gina",kara.werner@abcfoodmart.com,2023-10-12,ABC Foodmart - Staten Island,2024-09-24 00:00,2024-09-24 00:00,customer service,12.87
"Sean, Mr.","Cooper, Robert",mr..sean@abcfoodmart.com,2023-03-25,ABC Foodmart - Whitestone,2023-11-01 00:00,2023-11-01 00:00,cashier,18.22
"Wilson, Jill","David, Mr.",jill.wilson@abcfoodmart.com,2022-12-06,ABC Foodmart - Tribeca,2024-02-26 00:00,2024-02-26 00:00,floral,17.20
"Brooks, Renee","Flores, Angela",renee.brooks@abcfoodmart.com,2023-07-15,ABC Foodmart - Whitestone,2024-05-22 00:00,2024-05-22 00:00,frozen foods,12.21
"Jackson, Michael","Waller, Chad",michael.jackson@abcfoodmart.com,2022-10-31,ABC Foodmart - DUMBO,2023-07-20 00:00,2023-07-20 00:00,deli,14.47
"Ellis, Lauren","Johnston, William",lauren.ellis@abcfoodmart.com,2022-10-22,ABC Foodmart - Staten Island,2023-08-17 00:00,2023-08-17 00:00,pharmacy,15.01
"Roach, Christine","Flores, Angela",christine.roach@abcfoodmart.com,2023-10-15,ABC Foodmart - Whitestone,2024-08-02 00:00,2024-08-02 00:00,cashier,17.83
"Campbell, Brittany","Waller, Chad",brittany.campbell@abcfoodmart.com,2023-03-25,ABC Foodmart - Bay Ridge,2023-12-01 00:00,2023-12-01 00:00,dairy,18.43
"Chen, Kathleen","Waller, Chad",kathleen.chen@abcfoodmart.com,2024-02-03,ABC Foodmart - DUMBO,2024-07-12 00:00,2024-07-12 00:00,fresh produce,19.03
"Jordan, Carla","Williams, Gina",carla.jordan@abcfoodmart.com,2023-12-17,ABC Foodmart - Tribeca,2024-07-16 00:00,2024-07-16 00:00,fresh produce,17.46
"Foster, Jennifer","Waller, Chad",jennifer.foster@abcfoodmart.com,2023-06-15,ABC Foodmart - Whitestone,2024-06-04 00:00,2024-06-04 00:00,seafood,12.58
"Meyer, James","Ellis, Grant",james.meyer@abcfoodmart.com,2022-05-02,ABC Foodmart - Tribeca,2023-04-10 00:00,2023-04-10 00:00,cashier,12.18
"Kerr, Jason","Williams, Gina",jason.kerr@abcfoodmart.com,2022-11-21,ABC Foodmart - Staten Island,2023-09-22 00:00,2023-09-22 00:00,bakery,19.05
"Johnson, Samantha","Williams, Gina",samantha.johnson@abcfoodmart.com,2023-01-16,ABC Foodmart - Bay Ridge,2023-11-03 00:00,2023-11-03 00:00,customer service,16.16
"Ellis, Lauren","Williams, Gina",lauren.ellis@abcfoodmart.com,2022-10-22,ABC Foodmart - Bay Ridge,2023-09-06 00:00,2023-09-06 00:00,customer service,15.70
"Henderson, Nancy","Compton, Jeffrey",nancy.henderson@abcfoodmart.com,2023-12-30,ABC Foodmart - DUMBO,2024-07-29 00:00,2024-07-29 00:00,fresh produce,18.04
"Manning, Maria","Farrell, Christopher",maria.manning@abcfoodmart.com,2022-11-16,ABC Foodmart - Staten Island,2023-06-13 00:00,2023-06-13 00:00,deli,15.76
"Horton, Ashley","David, Mr.",ashley.horton@abcfoodmart.com,2024-01-24,ABC Foodmart - Staten Island,2025-01-15 00:00,2025-01-15 00:00,floral,14.82
"Conrad, Frederick","Moran, John",frederick.conrad@abcfoodmart.com,2023-11-24,ABC Foodmart - DUMBO,2025-02-20 00:00,2025-02-20 00:00,deli,18.50
"Smith, Diana","David, Mr.",diana.smith@abcfoodmart.com,2023-05-31,ABC Foodmart - Bay Ridge,2024-04-27 00:00,2024-04-27 00:00,fresh produce,17.08
"Chen, Kathleen","Farrell, Christopher",kathleen.chen@abcfoodmart.com,2024-02-03,ABC Foodmart - Tribeca,2024-07-14 00:00,2024-07-14 00:00,cashier,13.09
"Hayes, Brandon","Ellis, Grant",brandon.hayes@abcfoodmart.com,2022-09-28,ABC Foodmart - Staten Island,2023-03-31 00:00,2023-03-31 00:00,cashier,19.64
"Perry, Andrea","Waller, Chad",andrea.perry@abcfoodmart.com,2023-05-05,ABC Foodmart - Staten Island,2024-05-22 00:00,2024-05-22 00:00,deli,14.10
"Jacobs, Brenda","Farrell, Christopher",brenda.jacobs@abcfoodmart.com,2024-02-09,ABC Foodmart - Whitestone,2024-11-15 00:00,2024-11-15 00:00,deli,16.62
"Thomas, Robert","Farrell, Christopher",robert.thomas@abcfoodmart.com,2022-05-18,ABC Foodmart - Bay Ridge,2023-07-14 00:00,2023-07-14 00:00,frozen foods,12.69
"Myers, Gary","Cooper, Robert",gary.myers@abcfoodmart.com,2023-10-13,ABC Foodmart - Staten Island,2024-05-17 00:00,2024-05-17 00:00,pharmacy,17.77
"Sean, Mr.","Moran, John",mr..sean@abcfoodmart.com,2023-03-25,ABC Foodmart - Whitestone,2023-11-22 00:00,2023-11-22 00:00,seafood,15.37
"Meyer, James","Farrell, Christopher",james.meyer@abcfoodmart.com,2022-05-02,ABC Foodmart - Bay Ridge,2023-05-05 00:00,2023-05-05 00:00,deli,14.05
"Jones, Evelyn","Carter, Karen",evelyn.jones@abcfoodmart.com,2024-02-25,ABC Foodmart - Whitestone,2024-12-23 00:00,2024-12-23 00:00,dry goods,16.58
"Riley, Ashley","Williams, Gina",ashley.riley@abcfoodmart.com,2022-08-17,ABC Foodmart - Bay Ridge,2023-09-08 00:00,2023-09-08 00:00,floral,18.75
"Blanchard, Ricky","Farrell, Christopher",ricky.blanchard@abcfoodmart.com,2023-05-23,ABC Foodmart - DUMBO,2024-01-30 00:00,2024-01-30 00:00,seafood,18.99
"Jackson, Gary","Farrell, Christopher",gary.jackson@abcfoodmart.com,2022-09-08,ABC Foodmart - Bay Ridge,2023-03-25 00:00,2023-03-25 00:00,cashier,15.78
"Torres, Steven","David, Mr.",steven.torres@abcfoodmart.com,2023-05-10,ABC Foodmart - DUMBO,2024-02-19 00:00,2024-02-19 00:00,meats,14.19
"Williams, Michael","Flores, Angela",michael.williams@abcfoodmart.com,2023-06-11,ABC Foodmart - Whitestone,2024-03-30 00:00,2024-03-30 00:00,pharmacy,17.03
"Marquez, Jeffrey","Cooper, Robert",jeffrey.marquez@abcfoodmart.com,2023-02-19,ABC Foodmart - Tribeca,2023-10-22 00:00,2023-10-22 00:00,dry goods,15.34
"Johnson, Samantha","Williams, Gina",samantha.johnson@abcfoodmart.com,2023-01-16,ABC Foodmart - Tribeca,2023-11-08 00:00,2023-11-08 00:00,seafood,19.60
"Harrell, Angie","Cooper, Robert",angie.harrell@abcfoodmart.com,2023-06-01,ABC Foodmart - Whitestone,2024-04-04 00:00,2024-04-04 00:00,seafood,12.22
"Brown, Lisa","Johnston, William",lisa.brown@abcfoodmart.com,2022-08-18,ABC Foodmart - Bay Ridge,2023-06-09 00:00,2023-06-09 00:00,seafood,14.30
"Henderson, Nancy","David, Mr.",nancy.henderson@abcfoodmart.com,2023-12-30,ABC Foodmart - Whitestone,2024-08-05 00:00,2024-08-05 00:00,pharmacy,12.98
"Moyer, Steven","Waller, Chad",steven.moyer@abcfoodmart.com,2022-12-26,ABC Foodmart - Bay Ridge,2023-04-28 00:00,2023-04-28 00:00,deli,14.50
"Meyer, James","Ellis, Grant",james.meyer@abcfoodmart.com,2022-05-02,ABC Foodmart - DUMBO,2023-05-11 00:00,2023-05-11 00:00,cashier,17.32
"Sosa, David","Waller, Chad",david.sosa@abcfoodmart.com,2023-07-27,ABC Foodmart - Staten Island,2024-07-20 00:00,2024-07-20 00:00,bakery,19.45
"Randolph, Emily","Williams, Gina",emily.randolph@abcfoodmart.com,2023-03-09,ABC Foodmart - Whitestone,2023-12-17 00:00,2023-12-17 00:00,deli,18.82
"Gardner, Laura","Carter, Karen",laura.gardner@abcfoodmart.com,2023-09-04,ABC Foodmart - Whitestone,2024-09-02 00:00,2024-09-02 00:00,fresh produce,19.38
"Foster, Jennifer","Moran, John",jennifer.foster@abcfoodmart.com,2023-06-15,ABC Foodmart - Bay Ridge,2024-06-19 00:00,2024-06-19 00:00,customer service,13.02
"Smith, Diana","Carter, Karen",diana.smith@abcfoodmart.com,2023-05-31,ABC Foodmart - DUMBO,2024-05-10 00:00,2024-05-10 00:00,deli,19.40
"Carroll, Eric","Flores, Angela",eric.carroll@abcfoodmart.com,2022-12-26,ABC Foodmart - Bay Ridge,2024-03-24 00:00,2024-03-24 00:00,customer service,16.33
"White, Kenneth","Hoffman, Tina",kenneth.white@abcfoodmart.com,2023-01-22,ABC Foodmart - Bay Ridge,2024-05-22 00:00,2024-05-22 00:00,deli,17.36
"Jordan, Carla","Moran, John",carla.jordan@abcfoodmart.com,2023-12-17,ABC Foodmart - Tribeca,2024-07-18 00:00,2024-07-18 00:00,dairy,18.01
"Manning, Maria","David, Mr.",maria.manning@abcfoodmart.com,2022-11-16,ABC Foodmart - Whitestone,2023-07-01 00:00,2023-07-01 00:00,deli,17.26
"Love, Thomas","Johnston, William",thomas.love@abcfoodmart.com,2024-02-18,ABC Foodmart - Tribeca,2025-02-19 00:00,2025-02-19 00:00,dry goods,17.62
"Torres, Steven","Compton, Jeffrey",steven.torres@abcfoodmart.com,2023-05-10,ABC Foodmart - Bay Ridge,2024-03-17 00:00,2024-03-17 00:00,frozen foods,15.28
"Moon, James","Johnston, William",james.moon@abcfoodmart.com,2023-10-20,ABC Foodmart - Bay Ridge,2024-06-28 00:00,2024-06-28 00:00,fresh produce,18.64
"Alvarez, Brenda","Moran, John",brenda.alvarez@abcfoodmart.com,2023-11-16,ABC Foodmart - DUMBO,2024-12-07 00:00,2024-12-07 00:00,customer service,16.01
"Wilson, Jill","Compton, Jeffrey",jill.wilson@abcfoodmart.com,2022-12-06,ABC Foodmart - DUMBO,2024-03-07 00:00,2024-03-07 00:00,floral,18.04
"Walters, Jay","Carter, Karen",jay.walters@abcfoodmart.com,2023-12-17,ABC Foodmart - Bay Ridge,2025-02-27 00:00,2025-02-27 00:00,deli,18.60
"Payne, Samantha","Johnston, William",samantha.payne@abcfoodmart.com,2024-04-06,ABC Foodmart - DUMBO,2025-01-23 00:00,2025-01-23 00:00,deli,13.52
"Thompson, Matthew","Cooper, Robert",matthew.thompson@abcfoodmart.com,2022-04-22,ABC Foodmart - DUMBO,2022-12-20 00:00,2022-12-20 00:00,pharmacy,13.19
"Waters, Julie","Johnston, William",julie.waters@abcfoodmart.com,2023-05-20,ABC Foodmart - Bay Ridge,2024-03-15 00:00,2024-03-15 00:00,bakery,12.70
"Meyer, James","Waller, Chad",james.meyer@abcfoodmart.com,2022-05-02,ABC Foodmart - Staten Island,2023-05-30 00:00,2023-05-30 00:00,deli,17.22
"Sean, Mr.","Moran, John",mr..sean@abcfoodmart.com,2023-03-25,ABC Foodmart - Bay Ridge,2023-12-03 00:00,2023-12-03 00:00,bakery,17.29
"Spears, Erin","Johnston, William",erin.spears@abcfoodmart.com,2023-07-30,ABC Foodmart - Staten Island,2024-08-20 00:00,2024-08-20 00:00,customer service,14.42
"Blanchard, Ricky","Williams, Gina",ricky.blanchard@abcfoodmart.com,2023-05-23,ABC Foodmart - Staten Island,2024-02-01 00:00,2024-02-01 00:00,seafood,14.37
"Gonzalez, Michele","David, Mr.",michele.gonzalez@abcfoodmart.com,2023-09-23,ABC Foodmart - Bay Ridge,2024-05-11 00:00,2024-05-11 00:00,cashier,18.35
"Foster, Kenneth","Hoffman, Tina",kenneth.foster@abcfoodmart.com,2023-04-23,ABC Foodmart - Staten Island,2024-05-13 00:00,2024-05-13 00:00,fresh produce,18.29
"Jackson, Gary","Williams, Gina",gary.jackson@abcfoodmart.com,2022-09-08,ABC Foodmart - Tribeca,2023-04-19 00:00,2023-04-19 00:00,fresh produce,13.47
"Kramer, Veronica","Williams, Gina",veronica.kramer@abcfoodmart.com,2023-03-28,ABC Foodmart - Tribeca,2024-03-07 00:00,2024-03-07 00:00,bakery,17.79
"Payne, Samantha","Carter, Karen",samantha.payne@abcfoodmart.com,2024-04-06,ABC Foodmart - Bay Ridge,2025-02-14 00:00,2025-02-14 00:00,frozen foods,16.44
"Golden, Laurie","Cooper, Robert",laurie.golden@abcfoodmart.com,2023-12-23,ABC Foodmart - Bay Ridge,2024-06-26 00:00,2024-06-26 00:00,customer service,17.30
"Warren, Timothy","Waller, Chad",timothy.warren@abcfoodmart.com,2022-12-27,ABC Foodmart - Staten Island,2024-03-05 00:00,2024-03-05 00:00,frozen foods,19.84
"Myers, Gary","Cooper, Robert",gary.myers@abcfoodmart.com,2023-10-13,ABC Foodmart - DUMBO,2024-05-25 00:00,2024-05-25 00:00,cashier,13.86
"Hughes, Christopher","Hoffman, Tina",christopher.hughes@abcfoodmart.com,2022-09-01,ABC Foodmart - Staten Island,2023-08-12 00:00,2023-08-12 00:00,fresh produce,18.23
"Woods, Marcus","Ellis, Grant",marcus.woods@abcfoodmart.com,2024-04-01,ABC Foodmart - Bay Ridge,2024-09-19 00:00,2024-09-19 00:00,floral,19.21
"Waters, Julie","Hoffman, Tina",julie.waters@abcfoodmart.com,2023-05-20,ABC Foodmart - Bay Ridge,2024-04-12 00:00,2024-04-12 00:00,deli,17.13
"Shah, Amanda","Compton, Jeffrey",amanda.shah@abcfoodmart.com,2023-10-07,ABC Foodmart - Staten Island,2024-07-14 00:00,2024-07-14 00:00,pharmacy,15.45
"Bennett, Alec","David, Mr.",alec.bennett@abcfoodmart.com,2023-10-03,ABC Foodmart - Whitestone,2024-04-16 00:00,2024-04-16 00:00,floral,15.82
"Atkinson, Gary","Hoffman, Tina",gary.atkinson@abcfoodmart.com,2022-05-24,ABC Foodmart - Tribeca,2023-03-07 00:00,2023-03-07 00:00,customer service,12.88
"Chen, Kathleen","Cooper, Robert",kathleen.chen@abcfoodmart.com,2024-02-03,ABC Foodmart - Bay Ridge,2024-07-30 00:00,2024-07-30 00:00,dry goods,16.51
"Ellis, Lauren","Johnston, William",lauren.ellis@abcfoodmart.com,2022-10-22,ABC Foodmart - Staten Island,2023-09-26 00:00,2023-09-26 00:00,fresh produce,19.47
"Smith, Brandy","Carter, Karen",brandy.smith@abcfoodmart.com,2023-12-26,ABC Foodmart - Staten Island,2024-12-09 00:00,2024-12-09 00:00,dairy,18.64
"Church, Joshua","Ellis, Grant",joshua.church@abcfoodmart.com,2024-03-03,ABC Foodmart - Whitestone,2025-03-18 00:00,2025-03-18 00:00,fresh produce,12.04
"Glover, Michelle","Moran, John",michelle.glover@abcfoodmart.com,2022-08-25,ABC Foodmart - Bay Ridge,2023-06-16 00:00,2023-06-16 00:00,customer service,13.03
"Shah, Amanda","Williams, Gina",amanda.shah@abcfoodmart.com,2023-10-07,ABC Foodmart - Bay Ridge,2024-08-07 00:00,2024-08-07 00:00,seafood,19.60
"Rogers, Mark","Williams, Gina",mark.rogers@abcfoodmart.com,2023-05-08,ABC Foodmart - Bay Ridge,2024-02-23 00:00,2024-02-23 00:00,floral,19.61
"Tate, Harry","Carter, Karen",harry.tate@abcfoodmart.com,2022-09-18,ABC Foodmart - Bay Ridge,2023-09-11 00:00,2023-09-11 00:00,dry goods,18.54
"Durham, Denise","Farrell, Christopher",denise.durham@abcfoodmart.com,2022-10-24,ABC Foodmart - Bay Ridge,2023-09-27 00:00,2023-09-27 00:00,meats,12.35
"Moore, Jason","Flores, Angela",jason.moore@abcfoodmart.com,2023-07-11,ABC Foodmart - DUMBO,2024-04-11 00:00,2024-04-11 00:00,customer service,18.71
"Gonzalez, Michele","Waller, Chad",michele.gonzalez@abcfoodmart.com,2023-09-23,ABC Foodmart - Tribeca,2024-05-26 00:00,2024-05-26 00:00,meats,17.86
"Chambers, Jeffrey","Waller, Chad",jeffrey.chambers@abcfoodmart.com,2022-09-29,ABC Foodmart - Staten Island,2023-06-05 00:00,2023-06-05 00:00,frozen foods,18.76
"Church, Joshua","Moran, John",joshua.church@abcfoodmart.com,2024-03-03,ABC Foodmart - Bay Ridge,2025-04-10 00:00,2025-04-10 00:00,dry goods,12.74
"Johnson, Samantha","Ellis, Grant",samantha.johnson@abcfoodmart.com,2023-01-16,ABC Foodmart - Tribeca,2023-11-30 00:00,2023-11-30 00:00,fresh produce,13.57
"Smith, Diana","Flores, Angela",diana.smith@abcfoodmart.com,2023-05-31,ABC Foodmart - DUMBO,2024-06-01 00:00,2024-06-01 00:00,frozen foods,16.86
"Davis, Jennifer","Cooper, Robert",jennifer.davis@abcfoodmart.com,2023-11-03,ABC Foodmart - Staten Island,2024-11-23 00:00,2024-11-23 00:00,customer service,18.32
"Durham, Denise","Ellis, Grant",denise.durham@abcfoodmart.com,2022-10-24,ABC Foodmart - Staten Island,2023-10-12 00:00,2023-10-12 00:00,cashier,13.44
"Sosa, David","Ellis, Grant",david.sosa@abcfoodmart.com,2023-07-27,ABC Foodmart - Bay Ridge,2024-07-29 00:00,2024-07-29 00:00,meats,14.13
"Horton, Ashley","Compton, Jeffrey",ashley.horton@abcfoodmart.com,2024-01-24,ABC Foodmart - DUMBO,2025-02-09 00:00,2025-02-09 00:00,cashier,15.19
"Campbell, Bethany","Moran, John",bethany.campbell@abcfoodmart.com,2023-10-07,ABC Foodmart - Whitestone,2024-04-19 00:00,2024-04-19 00:00,dairy,13.24
"Horton, Mark","Ellis, Grant",mark.horton@abcfoodmart.com,2023-02-14,ABC Foodmart - Staten Island,2023-09-11 00:00,2023-09-11 00:00,fresh produce,14.02
"Davis, Jennifer","Farrell, Christopher",jennifer.davis@abcfoodmart.com,2023-11-03,ABC Foodmart - Tribeca,2024-12-01 00:00,2024-12-01 00:00,fresh produce,15.32
"Manning, Maria","Hoffman, Tina",maria.manning@abcfoodmart.com,2022-11-16,ABC Foodmart - Whitestone,2023-07-30 00:00,2023-07-30 00:00,cashier,16.85
"Gonzalez, Michele","Compton, Jeffrey",michele.gonzalez@abcfoodmart.com,2023-09-23,ABC Foodmart - Bay Ridge,2024-06-11 00:00,2024-06-11 00:00,fresh produce,19.43
"Thompson, Andrea","Farrell, Christopher",andrea.thompson@abcfoodmart.com,2023-01-06,ABC Foodmart - Tribeca,2023-08-25 00:00,2023-08-25 00:00,bakery,18.59
"Perry, Andrea","Flores, Angela",andrea.perry@abcfoodmart.com,2023-05-05,ABC Foodmart - Bay Ridge,2024-06-16 00:00,2024-06-16 00:00,cashier,13.35
"Eric, Mr.","Cooper, Robert",mr..eric@abcfoodmart.com,2022-09-02,ABC Foodmart - Staten Island,2023-04-26 00:00,2023-04-26 00:00,fresh produce,13.73
"Thomas, Robert","Cooper, Robert",robert.thomas@abcfoodmart.com,2022-05-18,ABC Foodmart - Tribeca,2023-07-29 00:00,2023-07-29 00:00,pharmacy,12.83
"Chen, Kathleen","Farrell, Christopher",kathleen.chen@abcfoodmart.com,2024-02-03,ABC Foodmart - Staten Island,2024-08-22 00:00,2024-08-22 00:00,seafood,18.88
"Galvan, Lori","Moran, John",lori.galvan@abcfoodmart.com,2022-05-24,ABC Foodmart - DUMBO,2023-01-23 00:00,2023-01-23 00:00,deli,16.46
"Ellis, Lauren","Flores, Angela",lauren.ellis@abcfoodmart.com,2022-10-22,ABC Foodmart - Tribeca,2023-10-09 00:00,2023-10-09 00:00,floral,16.39
"Foster, Kenneth","Ellis, Grant",kenneth.foster@abcfoodmart.com,2023-04-23,ABC Foodmart - Bay Ridge,2024-06-10 00:00,2024-06-10 00:00,bakery,15.38
"Love, Thomas","Hoffman, Tina",thomas.love@abcfoodmart.com,2024-02-18,ABC Foodmart - Whitestone,2025-03-08 00:00,2025-03-08 00:00,bakery,18.91
"Gross, Andrew","Ellis, Grant",andrew.gross@abcfoodmart.com,2022-04-30,ABC Foodmart - Whitestone,2023-02-10 00:00,2023-02-10 00:00,cashier,17.32
"Jordan, Carla","Carter, Karen",carla.jordan@abcfoodmart.com,2023-12-17,ABC Foodmart - Bay Ridge,2024-08-07 00:00,2024-08-07 00:00,dairy,17.74
"Shah, Amanda","David, Mr.",amanda.shah@abcfoodmart.com,2023-10-07,ABC Foodmart - DUMBO,2024-08-09 00:00,2024-08-09 00:00,deli,16.19
"Horton, Mark","David, Mr.",mark.horton@abcfoodmart.com,2023-02-14,ABC Foodmart - Tribeca,2023-09-14 00:00,2023-09-14 00:00,customer service,17.92
"Hernandez, Michael","Flores, Angela",michael.hernandez@abcfoodmart.com,2022-05-24,ABC Foodmart - Staten Island,2023-09-20 00:00,2023-09-20 00:00,customer service,14.12
"Johnson, Samantha","David, Mr.",samantha.johnson@abcfoodmart.com,2023-01-16,ABC Foodmart - Tribeca,2023-12-24 00:00,2023-12-24 00:00,pharmacy,12.38
"Foster, Jennifer","Waller, Chad",jennifer.foster@abcfoodmart.com,2023-06-15,ABC Foodmart - Bay Ridge,2024-07-17 00:00,2024-07-17 00:00,cashier,15.75
"Dodson, Courtney","Moran, John",courtney.dodson@abcfoodmart.com,2023-01-10,ABC Foodmart - Tribeca,2023-12-10 00:00,2023-12-10 00:00,dairy,14.36
"Pena, Johnathan","Compton, Jeffrey",johnathan.pena@abcfoodmart.com,2023-02-22,ABC Foodmart - Tribeca,2023-12-10 00:00,2023-12-10 00:00,dry goods,18.29
"Thompson, Andrea","Farrell, Christopher",andrea.thompson@abcfoodmart.com,2023-01-06,ABC Foodmart - Staten Island,2023-09-04 00:00,2023-09-04 00:00,fresh produce,16.98
"Torres, Steven","Johnston, William",steven.torres@abcfoodmart.com,2023-05-10,ABC Foodmart - Bay Ridge,2024-04-08 00:00,2024-04-08 00:00,cashier,12.07
"Myers, Gary","Hoffman, Tina",gary.myers@abcfoodmart.com,2023-10-13,ABC Foodmart - Tribeca,2024-05-26 00:00,2024-05-26 00:00,frozen foods,14.05
"Hernandez, Michael","Carter, Karen",michael.hernandez@abcfoodmart.com,2022-05-24,ABC Foodmart - DUMBO,2023-09-21 00:00,2023-09-21 00:00,customer service,18.88
"Long, Kirsten","Flores, Angela",kirsten.long@abcfoodmart.com,2024-02-24,ABC Foodmart - Tribeca,2025-01-16 00:00,2025-01-16 00:00,bakery,14.50
"Kerr, Jason","Compton, Jeffrey",jason.kerr@abcfoodmart.com,2022-11-21,ABC Foodmart - Bay Ridge,2023-09-23 00:00,2023-09-23 00:00,deli,17.95
"Wells, Monica","Williams, Gina",monica.wells@abcfoodmart.com,2024-03-12,ABC Foodmart - Bay Ridge,2024-10-10 00:00,2024-10-10 00:00,meats,13.83
"Thompson, Matthew","Johnston, William",matthew.thompson@abcfoodmart.com,2022-04-22,ABC Foodmart - Staten Island,2023-01-01 00:00,2023-01-01 00:00,customer service,21.01
"Martin, Monica","David, Mr.",monica.martin@abcfoodmart.com,2023-11-23,ABC Foodmart - Bay Ridge,2024-11-16 00:00,2024-11-16 00:00,floral,14.61
"Nichols, Brandon","Flores, Angela",brandon.nichols@abcfoodmart.com,2024-02-28,ABC Foodmart - Whitestone,2025-03-27 00:00,2025-03-27 00:00,dairy,17.89
"Thompson, Andrea","Compton, Jeffrey",andrea.thompson@abcfoodmart.com,2023-01-06,ABC Foodmart - Staten Island,2023-09-29 00:00,2023-09-29 00:00,customer service,16.34
"Williams, Michael","Cooper, Robert",michael.williams@abcfoodmart.com,2023-06-11,ABC Foodmart - Whitestone,2024-04-09 00:00,2024-04-09 00:00,meats,13.19
"Bryan, Mr.","Waller, Chad",mr..bryan@abcfoodmart.com,2023-08-26,ABC Foodmart - DUMBO,2024-08-31 00:00,2024-08-31 00:00,bakery,17.94
"Jessica, Ms.","Farrell, Christopher",ms..jessica@abcfoodmart.com,2022-06-10,ABC Foodmart - DUMBO,2023-01-04 00:00,2023-01-04 00:00,fresh produce,14.46
"Bradley, Rita","Hoffman, Tina",rita.bradley@abcfoodmart.com,2023-08-06,ABC Foodmart - Whitestone,2024-07-27 00:00,2024-07-27 00:00,seafood,14.51
"Hayes, Brandon","Hoffman, Tina",brandon.hayes@abcfoodmart.com,2022-09-28,ABC Foodmart - DUMBO,2023-04-14 00:00,2023-04-14 00:00,deli,17.24
"Sosa, David","Waller, Chad",david.sosa@abcfoodmart.com,2023-07-27,ABC Foodmart - DUMBO,2024-08-26 00:00,2024-08-26 00:00,floral,18.91
"Eric, Mr.","Moran, John",mr..eric@abcfoodmart.com,2022-09-02,ABC Foodmart - Whitestone,2023-04-28 00:00,2023-04-28 00:00,dry goods,19.72
"Harrell, Angie","Cooper, Robert",angie.harrell@abcfoodmart.com,2023-06-01,ABC Foodmart - DUMBO,2024-04-27 00:00,2024-04-27 00:00,meats,15.69
"Brooks, Renee","Waller, Chad",renee.brooks@abcfoodmart.com,2023-07-15,ABC Foodmart - Tribeca,2024-05-28 00:00,2024-05-28 00:00,deli,15.39
"Shah, Amanda","Farrell, Christopher",amanda.shah@abcfoodmart.com,2023-10-07,ABC Foodmart - DUMBO,2024-08-20 00:00,2024-08-20 00:00,cashier,14.90
"Jones, Christopher","Williams, Gina",christopher.jones@abcfoodmart.com,2022-05-19,ABC Foodmart - Staten Island,2023-05-02 00:00,2023-05-02 00:00,dairy,12.02
"Chen, Kathleen","Johnston, William",kathleen.chen@abcfoodmart.com,2024-02-03,ABC Foodmart - Tribeca,2024-09-12 00:00,2024-09-12 00:00,meats,15.65
"Galvan, Lori","Ellis, Grant",lori.galvan@abcfoodmart.com,2022-05-24,ABC Foodmart - Staten Island,2023-02-08 00:00,2023-02-08 00:00,seafood,17.47
"Warren, Timothy","Moran, John",timothy.warren@abcfoodmart.com,2022-12-27,ABC Foodmart - Staten Island,2024-03-16 00:00,2024-03-16 00:00,meats,19.77
"Meyer, James","Carter, Karen",james.meyer@abcfoodmart.com,2022-05-02,ABC Foodmart - DUMBO,2023-06-25 00:00,2023-06-25 00:00,bakery,17.94
"Jacobs, Brenda","Moran, John",brenda.jacobs@abcfoodmart.com,2024-02-09,ABC Foodmart - DUMBO,2024-12-13 00:00,2024-12-13 00:00,dry goods,19.46
"Pena, Johnathan","Williams, Gina",johnathan.pena@abcfoodmart.com,2023-02-22,ABC Foodmart - Tribeca,2024-01-03 00:00,2024-01-03 00:00,fresh produce,14.49
"Shah, Amanda","Compton, Jeffrey",amanda.shah@abcfoodmart.com,2023-10-07,ABC Foodmart - Whitestone,2024-09-05 00:00,2024-09-05 00:00,seafood,17.60
"Gardner, Laura","Carter, Karen",laura.gardner@abcfoodmart.com,2023-09-04,ABC Foodmart - Staten Island,2024-09-10 00:00,2024-09-10 00:00,deli,12.45
"Jones, Michael","Cooper, Robert",michael.jones@abcfoodmart.com,2023-01-19,ABC Foodmart - Whitestone,2023-09-30 00:00,2023-09-30 00:00,frozen foods,13.69
"Church, Joshua","Ellis, Grant",joshua.church@abcfoodmart.com,2024-03-03,ABC Foodmart - Bay Ridge,2025-04-20 00:00,2025-04-20 00:00,customer service,15.88
"Jones, Evelyn","Moran, John",evelyn.jones@abcfoodmart.com,2024-02-25,ABC Foodmart - Staten Island,2025-01-15 00:00,2025-01-15 00:00,floral,14.13
"Smith, Diana","Williams, Gina",diana.smith@abcfoodmart.com,2023-05-31,ABC Foodmart - Staten Island,2024-06-22 00:00,2024-06-22 00:00,floral,12.90
"Nguyen, Richard","David, Mr.",richard.nguyen@abcfoodmart.com,2022-09-27,ABC Foodmart - Staten Island,2023-08-21 00:00,2023-08-21 00:00,floral,14.30
"Jackson, Michael","Compton, Jeffrey",michael.jackson@abcfoodmart.com,2022-10-31,ABC Foodmart - Whitestone,2023-08-13 00:00,2023-08-13 00:00,bakery,16.08
"Burns, Kendra","Flores, Angela",kendra.burns@abcfoodmart.com,2022-12-13,ABC Foodmart - Bay Ridge,2023-07-08 00:00,2023-07-08 00:00,floral,12.65
"Ellis, Lauren","Farrell, Christopher",lauren.ellis@abcfoodmart.com,2022-10-22,ABC Foodmart - Tribeca,2023-10-25 00:00,2023-10-25 00:00,seafood,13.89
"Sean, Mr.","Hoffman, Tina",mr..sean@abcfoodmart.com,2023-03-25,ABC Foodmart - DUMBO,2023-12-08 00:00,2023-12-08 00:00,cashier,18.05
"Long, Kirsten","Williams, Gina",kirsten.long@abcfoodmart.com,2024-02-24,ABC Foodmart - Bay Ridge,2025-01-18 00:00,2025-01-18 00:00,meats,19.86
"Perry, Andrea","Moran, John",andrea.perry@abcfoodmart.com,2023-05-05,ABC Foodmart - Bay Ridge,2024-06-23 00:00,2024-06-23 00:00,seafood,16.89
"Thompson, Andrea","Farrell, Christopher",andrea.thompson@abcfoodmart.com,2023-01-06,ABC Foodmart - Staten Island,2023-10-14 00:00,2023-10-14 00:00,meats,19.06
"Ellis, Lauren","Hoffman, Tina",lauren.ellis@abcfoodmart.com,2022-10-22,ABC Foodmart - Bay Ridge,2023-11-09 00:00,2023-11-09 00:00,cashier,15.00
"Hernandez, Michael","David, Mr.",michael.hernandez@abcfoodmart.com,2022-05-24,ABC Foodmart - Bay Ridge,2023-10-19 00:00,2023-10-19 00:00,fresh produce,18.07
"Harrell, Angie","Waller, Chad",angie.harrell@abcfoodmart.com,2023-06-01,ABC Foodmart - Tribeca,2024-05-25 00:00,2024-05-25 00:00,floral,18.65
"Smith, Diana","Farrell, Christopher",diana.smith@abcfoodmart.com,2023-05-31,ABC Foodmart - DUMBO,2024-07-03 00:00,2024-07-03 00:00,deli,17.55
"Colon, Lindsey","Hoffman, Tina",lindsey.colon@abcfoodmart.com,2023-02-16,ABC Foodmart - Bay Ridge,2023-12-18 00:00,2023-12-18 00:00,meats,16.62
"Glover, Michelle","Johnston, William",michelle.glover@abcfoodmart.com,2022-08-25,ABC Foodmart - DUMBO,2023-07-01 00:00,2023-07-01 00:00,meats,14.08
"White, Kenneth","Compton, Jeffrey",kenneth.white@abcfoodmart.com,2023-01-22,ABC Foodmart - Bay Ridge,2024-06-18 00:00,2024-06-18 00:00,dairy,12.99
"Herrera, Spencer","Hoffman, Tina",spencer.herrera@abcfoodmart.com,2023-01-16,ABC Foodmart - DUMBO,2023-09-01 00:00,2023-09-01 00:00,dry goods,14.33
"Long, Kirsten","Cooper, Robert",kirsten.long@abcfoodmart.com,2024-02-24,ABC Foodmart - Bay Ridge,2025-02-07 00:00,2025-02-07 00:00,bakery,17.19
"Blanchard, Ricky","Flores, Angela",ricky.blanchard@abcfoodmart.com,2023-05-23,ABC Foodmart - Staten Island,2024-02-17 00:00,2024-02-17 00:00,meats,13.78
"Manning, Maria","Cooper, Robert",maria.manning@abcfoodmart.com,2022-11-16,ABC Foodmart - Whitestone,2023-08-04 00:00,2023-08-04 00:00,dry goods,15.95
"Davis, Jennifer","Compton, Jeffrey",jennifer.davis@abcfoodmart.com,2023-11-03,ABC Foodmart - Tribeca,2024-12-21 00:00,2024-12-21 00:00,pharmacy,18.02
"Mckinney, Marcus","Waller, Chad",marcus.mckinney@abcfoodmart.com,2022-08-14,ABC Foodmart - Whitestone,2023-09-08 00:00,2023-09-08 00:00,bakery,14.64
"Foster, Kenneth","Cooper, Robert",kenneth.foster@abcfoodmart.com,2023-04-23,ABC Foodmart - Tribeca,2024-07-08 00:00,2024-07-08 00:00,meats,19.15
"Love, Thomas","Farrell, Christopher",thomas.love@abcfoodmart.com,2024-02-18,ABC Foodmart - Whitestone,2025-03-21 00:00,2025-03-21 00:00,deli,14.40
"Chambers, Jeffrey","Flores, Angela",jeffrey.chambers@abcfoodmart.com,2022-09-29,ABC Foodmart - Staten Island,2023-06-22 00:00,2023-06-22 00:00,seafood,12.28
"Hull, Shane","Flores, Angela",shane.hull@abcfoodmart.com,2024-01-09,ABC Foodmart - Staten Island,2024-11-23 00:00,2024-11-23 00:00,pharmacy,18.69
"Warren, Timothy","Flores, Angela",timothy.warren@abcfoodmart.com,2022-12-27,ABC Foodmart - Whitestone,2024-04-05 00:00,2024-04-05 00:00,customer service,19.09
"Manning, Maria","Williams, Gina",maria.manning@abcfoodmart.com,2022-11-16,ABC Foodmart - Whitestone,2023-08-15 00:00,2023-08-15 00:00,meats,17.32
"Nguyen, Richard","David, Mr.",richard.nguyen@abcfoodmart.com,2022-09-27,ABC Foodmart - Tribeca,2023-08-28 00:00,2023-08-28 00:00,floral,17.17
"Jones, Christopher","Compton, Jeffrey",christopher.jones@abcfoodmart.com,2022-05-19,ABC Foodmart - Whitestone,2023-05-30 00:00,2023-05-30 00:00,dairy,18.76
"Moyer, Steven","Carter, Karen",steven.moyer@abcfoodmart.com,2022-12-26,ABC Foodmart - Staten Island,2023-05-12 00:00,2023-05-12 00:00,frozen foods,19.14
"Johnson, Samantha","Cooper, Robert",samantha.johnson@abcfoodmart.com,2023-01-16,ABC Foodmart - Bay Ridge,2023-12-29 00:00,2023-12-29 00:00,frozen foods,13.75
"Bryan, Mr.","Moran, John",mr..bryan@abcfoodmart.com,2023-08-26,ABC Foodmart - Staten Island,2024-09-27 00:00,2024-09-27 00:00,floral,13.39
"Gross, Andrew","Williams, Gina",andrew.gross@abcfoodmart.com,2022-04-30,ABC Foodmart - Bay Ridge,2023-02-12 00:00,2023-02-12 00:00,dry goods,14.79
"Dodson, Courtney","Compton, Jeffrey",courtney.dodson@abcfoodmart.com,2023-01-10,ABC Foodmart - Bay Ridge,2023-12-26 00:00,2023-12-26 00:00,seafood,17.87
"Johnson, Samantha","Ellis, Grant",samantha.johnson@abcfoodmart.com,2023-01-16,ABC Foodmart - Bay Ridge,2024-01-17 00:00,2024-01-17 00:00,customer service,13.30
"Nguyen, Richard","Ellis, Grant",richard.nguyen@abcfoodmart.com,2022-09-27,ABC Foodmart - Whitestone,2023-09-20 00:00,2023-09-20 00:00,pharmacy,14.88
"Johnson, Samantha","Farrell, Christopher",samantha.johnson@abcfoodmart.com,2023-01-16,ABC Foodmart - Bay Ridge,2024-02-11 00:00,2024-02-11 00:00,dry goods,18.88
"Moon, James","Waller, Chad",james.moon@abcfoodmart.com,2023-10-20,ABC Foodmart - Whitestone,2024-07-27 00:00,2024-07-27 00:00,deli,19.42
"Gonzalez, Michele","Compton, Jeffrey",michele.gonzalez@abcfoodmart.com,2023-09-23,ABC Foodmart - Whitestone,2024-07-01 00:00,2024-07-01 00:00,seafood,19.14
"Williams, Michael","Williams, Gina",michael.williams@abcfoodmart.com,2023-06-11,ABC Foodmart - Whitestone,2024-04-25 00:00,2024-04-25 00:00,dry goods,18.73
"Durham, Denise","Compton, Jeffrey",denise.durham@abcfoodmart.com,2022-10-24,ABC Foodmart - Bay Ridge,2023-10-23 00:00,2023-10-23 00:00,seafood,18.94
"Foster, Jennifer","Johnston, William",jennifer.foster@abcfoodmart.com,2023-06-15,ABC Foodmart - Tribeca,2024-08-11 00:00,2024-08-11 00:00,floral,19.42
"Martin, Monica","Johnston, William",monica.martin@abcfoodmart.com,2023-11-23,ABC Foodmart - DUMBO,2024-12-06 00:00,2024-12-06 00:00,pharmacy,14.17
"Smith, Brandy","David, Mr.",brandy.smith@abcfoodmart.com,2023-12-26,ABC Foodmart - Staten Island,2024-12-10 00:00,2024-12-10 00:00,dry goods,19.91
"Jones, Evelyn","Williams, Gina",evelyn.jones@abcfoodmart.com,2024-02-25,ABC Foodmart - Whitestone,2025-01-25 00:00,2025-01-25 00:00,pharmacy,18.34
"Atkinson, Gary","Farrell, Christopher",gary.atkinson@abcfoodmart.com,2022-05-24,ABC Foodmart - Tribeca,2023-04-02 00:00,2023-04-02 00:00,frozen foods,13.24
"Conrad, Frederick","Flores, Angela",frederick.conrad@abcfoodmart.com,2023-11-24,ABC Foodmart - Staten Island,2025-02-26 00:00,2025-02-26 00:00,dairy,12.36
"Henderson, Nancy","Moran, John",nancy.henderson@abcfoodmart.com,2023-12-30,ABC Foodmart - Bay Ridge,2024-08-19 00:00,2024-08-19 00:00,bakery,18.39
"Wilson, Jill","Williams, Gina",jill.wilson@abcfoodmart.com,2022-12-06,ABC Foodmart - Tribeca,2024-03-15 00:00,2024-03-15 00:00,pharmacy,17.32
"Mckinney, Marcus","Farrell, Christopher",marcus.mckinney@abcfoodmart.com,2022-08-14,ABC Foodmart - Staten Island,2023-09-18 00:00,2023-09-18 00:00,floral,18.76
"Riley, Ashley","Compton, Jeffrey",ashley.riley@abcfoodmart.com,2022-08-17,ABC Foodmart - Whitestone,2023-09-14 00:00,2023-09-14 00:00,bakery,15.41
"Woods, Marcus","Flores, Angela",marcus.woods@abcfoodmart.com,2024-04-01,ABC Foodmart - Bay Ridge,2024-09-22 00:00,2024-09-22 00:00,dairy,13.87
"Foster, Jennifer","Waller, Chad",jennifer.foster@abcfoodmart.com,2023-06-15,ABC Foodmart - DUMBO,2024-08-27 00:00,2024-08-27 00:00,bakery,17.84
"Warren, Timothy","Moran, John",timothy.warren@abcfoodmart.com,2022-12-27,ABC Foodmart - Staten Island,2024-05-04 00:00,2024-05-04 00:00,deli,15.12
"Glover, Michelle","Moran, John",michelle.glover@abcfoodmart.com,2022-08-25,ABC Foodmart - Staten Island,2023-07-24 00:00,2023-07-24 00:00,seafood,18.65
"Glover, Michelle","Moran, John",michelle.glover@abcfoodmart.com,2022-08-25,ABC Foodmart - Tribeca,2023-08-04 00:00,2023-08-04 00:00,bakery,18.64
"Hull, Shane","Compton, Jeffrey",shane.hull@abcfoodmart.com,2024-01-09,ABC Foodmart - Bay Ridge,2024-12-05 00:00,2024-12-05 00:00,meats,15.55
"Mckinney, Marcus","Johnston, William",marcus.mckinney@abcfoodmart.com,2022-08-14,ABC Foodmart - Tribeca,2023-10-03 00:00,2023-10-03 00:00,pharmacy,15.92
"Roach, Christine","Johnston, William",christine.roach@abcfoodmart.com,2023-10-15,ABC Foodmart - Whitestone,2024-08-15 00:00,2024-08-15 00:00,floral,16.66
"Terri, Mrs.","Waller, Chad",mrs..terri@abcfoodmart.com,2022-09-23,ABC Foodmart - Whitestone,2023-11-09 00:00,2023-11-09 00:00,floral,19.91
"Dodson, Courtney","David, Mr.",courtney.dodson@abcfoodmart.com,2023-01-10,ABC Foodmart - Staten Island,2024-01-12 00:00,2024-01-12 00:00,meats,17.84
"Wood, Joshua","Carter, Karen",joshua.wood@abcfoodmart.com,2022-11-26,ABC Foodmart - DUMBO,2023-12-08 00:00,2023-12-08 00:00,floral,18.06
"Kramer, Veronica","Ellis, Grant",veronica.kramer@abcfoodmart.com,2023-03-28,ABC Foodmart - DUMBO,2024-03-17 00:00,2024-03-17 00:00,pharmacy,19.11
"Manning, Maria","Ellis, Grant",maria.manning@abcfoodmart.com,2022-11-16,ABC Foodmart - DUMBO,2023-08-23 00:00,2023-08-23 00:00,meats,16.23
"Foster, Jennifer","Hoffman, Tina",jennifer.foster@abcfoodmart.com,2023-06-15,ABC Foodmart - Staten Island,2024-09-13 00:00,2024-09-13 00:00,customer service,18.11
"Conrad, Frederick","Cooper, Robert",frederick.conrad@abcfoodmart.com,2023-11-24,ABC Foodmart - Bay Ridge,2025-03-23 00:00,2025-03-23 00:00,fresh produce,14.46
"Thompson, Andrea","Ellis, Grant",andrea.thompson@abcfoodmart.com,2023-01-06,ABC Foodmart - DUMBO,2023-11-10 00:00,2023-11-10 00:00,frozen foods,17.25
"Shah, Amanda","Carter, Karen",amanda.shah@abcfoodmart.com,2023-10-07,ABC Foodmart - Tribeca,2024-09-18 00:00,2024-09-18 00:00,seafood,13.79
"Hughes, Christopher","Carter, Karen",christopher.hughes@abcfoodmart.com,2022-09-01,ABC Foodmart - Tribeca,2023-08-29 00:00,2023-08-29 00:00,frozen foods,17.24
"Mckinney, Marcus","Ellis, Grant",marcus.mckinney@abcfoodmart.com,2022-08-14,ABC Foodmart - DUMBO,2023-10-20 00:00,2023-10-20 00:00,bakery,17.55
"Thomas, Robert","Hoffman, Tina",robert.thomas@abcfoodmart.com,2022-05-18,ABC Foodmart - Staten Island,2023-08-15 00:00,2023-08-15 00:00,meats,16.82
"Blanchard, Ricky","Moran, John",ricky.blanchard@abcfoodmart.com,2023-05-23,ABC Foodmart - Bay Ridge,2024-03-12 00:00,2024-03-12 00:00,floral,13.04
"Glover, Michelle","David, Mr.",michelle.glover@abcfoodmart.com,2022-08-25,ABC Foodmart - Whitestone,2023-09-02 00:00,2023-09-02 00:00,dairy,16.89
"Herrera, Spencer","Hoffman, Tina",spencer.herrera@abcfoodmart.com,2023-01-16,ABC Foodmart - Staten Island,2023-09-07 00:00,2023-09-07 00:00,cashier,18.32
"Brooks, Renee","Moran, John",renee.brooks@abcfoodmart.com,2023-07-15,ABC Foodmart - Staten Island,2024-06-14 00:00,2024-06-14 00:00,pharmacy,16.89
"Williams, Michael","Farrell, Christopher",michael.williams@abcfoodmart.com,2023-06-11,ABC Foodmart - Tribeca,2024-05-04 00:00,2024-05-04 00:00,meats,18.20
"Shah, Amanda","Hoffman, Tina",amanda.shah@abcfoodmart.com,2023-10-07,ABC Foodmart - Bay Ridge,2024-10-07 00:00,2024-10-07 00:00,meats,16.54
"Meyer, James","Farrell, Christopher",james.meyer@abcfoodmart.com,2022-05-02,ABC Foodmart - Bay Ridge,2023-07-21 00:00,2023-07-21 00:00,dry goods,15.86
"Jacobs, Brenda","Ellis, Grant",brenda.jacobs@abcfoodmart.com,2024-02-09,ABC Foodmart - Tribeca,2024-12-21 00:00,2024-12-21 00:00,pharmacy,14.54
"Gross, Andrew","Johnston, William",andrew.gross@abcfoodmart.com,2022-04-30,ABC Foodmart - Whitestone,2023-02-14 00:00,2023-02-14 00:00,floral,15.40
"Brooks, Renee","Compton, Jeffrey",renee.brooks@abcfoodmart.com,2023-07-15,ABC Foodmart - Staten Island,2024-06-26 00:00,2024-06-26 00:00,bakery,19.41
"Mckenzie, William","Cooper, Robert",william.mckenzie@abcfoodmart.com,2023-01-04,ABC Foodmart - Tribeca,2023-10-14 00:00,2023-10-14 00:00,meats,12.47
"Moon, James","Moran, John",james.moon@abcfoodmart.com,2023-10-20,ABC Foodmart - Bay Ridge,2024-07-29 00:00,2024-07-29 00:00,deli,15.54
"Thomas, Robert","Hoffman, Tina",robert.thomas@abcfoodmart.com,2022-05-18,ABC Foodmart - Staten Island,2023-08-31 00:00,2023-08-31 00:00,floral,16.00
"Waters, Julie","Moran, John",julie.waters@abcfoodmart.com,2023-05-20,ABC Foodmart - Bay Ridge,2024-04-29 00:00,2024-04-29 00:00,cashier,13.06
"Mckinney, Marcus","David, Mr.",marcus.mckinney@abcfoodmart.com,2022-08-14,ABC Foodmart - Tribeca,2023-11-08 00:00,2023-11-08 00:00,meats,12.33
"Glover, Michelle","Carter, Karen",michelle.glover@abcfoodmart.com,2022-08-25,ABC Foodmart - Tribeca,2023-09-09 00:00,2023-09-09 00:00,seafood,18.45
"Brooks, Renee","Waller, Chad",renee.brooks@abcfoodmart.com,2023-07-15,ABC Foodmart - DUMBO,2024-07-03 00:00,2024-07-03 00:00,dry goods,19.70
"Durham, Denise","Ellis, Grant",denise.durham@abcfoodmart.com,2022-10-24,ABC Foodmart - DUMBO,2023-11-05 00:00,2023-11-05 00:00,deli,13.20
"Bradley, Rita","Waller, Chad",rita.bradley@abcfoodmart.com,2023-08-06,ABC Foodmart - Tribeca,2024-07-31 00:00,2024-07-31 00:00,floral,14.48
"Shah, Amanda","Johnston, William",amanda.shah@abcfoodmart.com,2023-10-07,ABC Foodmart - DUMBO,2024-10-10 00:00,2024-10-10 00:00,seafood,18.08
"Williams, Michael","Hoffman, Tina",michael.williams@abcfoodmart.com,2023-06-11,ABC Foodmart - Staten Island,2024-05-13 00:00,2024-05-13 00:00,meats,17.34
"Perry, Andrea","Farrell, Christopher",andrea.perry@abcfoodmart.com,2023-05-05,ABC Foodmart - Tribeca,2024-07-19 00:00,2024-07-19 00:00,seafood,19.85
"Burns, Kendra","Moran, John",kendra.burns@abcfoodmart.com,2022-12-13,ABC Foodmart - Staten Island,2023-07-28 00:00,2023-07-28 00:00,dairy,16.78
"Hull, Shane","Farrell, Christopher",shane.hull@abcfoodmart.com,2024-01-09,ABC Foodmart - DUMBO,2024-12-24 00:00,2024-12-24 00:00,cashier,13.11
"Henderson, Nancy","Carter, Karen",nancy.henderson@abcfoodmart.com,2023-12-30,ABC Foodmart - Tribeca,2024-09-02 00:00,2024-09-02 00:00,pharmacy,15.13
"Campbell, Bethany","Williams, Gina",bethany.campbell@abcfoodmart.com,2023-10-07,ABC Foodmart - Bay Ridge,2024-04-25 00:00,2024-04-25 00:00,cashier,16.64
"Garcia, Sarah","Ellis, Grant",sarah.garcia@abcfoodmart.com,2022-12-14,ABC Foodmart - Whitestone,2023-10-09 00:00,2023-10-09 00:00,meats,18.31
"Nichols, Mitchell","Hoffman, Tina",mitchell.nichols@abcfoodmart.com,2022-09-30,ABC Foodmart - Bay Ridge,2023-06-11 00:00,2023-06-11 00:00,cashier,16.16
"Campbell, Bethany","Compton, Jeffrey",bethany.campbell@abcfoodmart.com,2023-10-07,ABC Foodmart - Whitestone,2024-05-20 00:00,2024-05-20 00:00,deli,15.35
"Warren, Timothy","Waller, Chad",timothy.warren@abcfoodmart.com,2022-12-27,ABC Foodmart - Bay Ridge,2024-05-14 00:00,2024-05-14 00:00,pharmacy,18.44
"Marquez, Jeffrey","Johnston, William",jeffrey.marquez@abcfoodmart.com,2023-02-19,ABC Foodmart - DUMBO,2023-10-24 00:00,2023-10-24 00:00,frozen foods,19.60
"Galvan, Lori","Moran, John",lori.galvan@abcfoodmart.com,2022-05-24,ABC Foodmart - Whitestone,2023-02-19 00:00,2023-02-19 00:00,bakery,15.89
"White, Kenneth","Compton, Jeffrey",kenneth.white@abcfoodmart.com,2023-01-22,ABC Foodmart - Whitestone,2024-06-30 00:00,2024-06-30 00:00,pharmacy,12.60
"Myers, Gary","Carter, Karen",gary.myers@abcfoodmart.com,2023-10-13,ABC Foodmart - Staten Island,2024-06-12 00:00,2024-06-12 00:00,floral,19.80
"Warren, Timothy","Ellis, Grant",timothy.warren@abcfoodmart.com,2022-12-27,ABC Foodmart - DUMBO,2024-06-01 00:00,2024-06-01 00:00,deli,13.07
"Colon, Lindsey","Carter, Karen",lindsey.colon@abcfoodmart.com,2023-02-16,ABC Foodmart - Tribeca,2023-12-31 00:00,2023-12-31 00:00,dry goods,17.42
"Colon, Lindsey","Moran, John",lindsey.colon@abcfoodmart.com,2023-02-16,ABC Foodmart - Tribeca,2024-01-27 00:00,2024-01-27 00:00,customer service,13.37
"Galvan, Lori","Farrell, Christopher",lori.galvan@abcfoodmart.com,2022-05-24,ABC Foodmart - Whitestone,2023-02-23 00:00,2023-02-23 00:00,seafood,18.15
"Burns, Kendra","Hoffman, Tina",kendra.burns@abcfoodmart.com,2022-12-13,ABC Foodmart - Staten Island,2023-08-20 00:00,2023-08-20 00:00,pharmacy,18.22
"Payne, Samantha","Flores, Angela",samantha.payne@abcfoodmart.com,2024-04-06,ABC Foodmart - Bay Ridge,2025-03-10 00:00,2025-03-10 00:00,seafood,18.01
"Gross, Andrew","Compton, Jeffrey",andrew.gross@abcfoodmart.com,2022-04-30,ABC Foodmart - DUMBO,2023-03-02 00:00,2023-03-02 00:00,pharmacy,18.53
"Manning, Maria","Waller, Chad",maria.manning@abcfoodmart.com,2022-11-16,ABC Foodmart - Bay Ridge,2023-08-30 00:00,2023-08-30 00:00,seafood,12.34
"Johnson, Samantha","Hoffman, Tina",samantha.johnson@abcfoodmart.com,2023-01-16,ABC Foodmart - Bay Ridge,2024-03-05 00:00,2024-03-05 00:00,seafood,16.00
"Owens, Jeffrey","Williams, Gina",jeffrey.owens@abcfoodmart.com,2022-05-03,ABC Foodmart - Tribeca,2022-12-16 00:00,2022-12-16 00:00,cashier,13.73
"Wells, Monica","Williams, Gina",monica.wells@abcfoodmart.com,2024-03-12,ABC Foodmart - DUMBO,2024-10-23 00:00,2024-10-23 00:00,cashier,15.10
"Herrera, Spencer","Johnston, William",spencer.herrera@abcfoodmart.com,2023-01-16,ABC Foodmart - Whitestone,2023-09-11 00:00,2023-09-11 00:00,frozen foods,18.87
"Blanchard, Ricky","Waller, Chad",ricky.blanchard@abcfoodmart.com,2023-05-23,ABC Foodmart - Tribeca,2024-03-13 00:00,2024-03-13 00:00,dairy,14.76
"Blanchard, Ricky","Moran, John",ricky.blanchard@abcfoodmart.com,2023-05-23,ABC Foodmart - Whitestone,2024-03-24 00:00,2024-03-24 00:00,seafood,12.46
"Marquez, Jeffrey","Moran, John",jeffrey.marquez@abcfoodmart.com,2023-02-19,ABC Foodmart - Staten Island,2023-11-14 00:00,2023-11-14 00:00,fresh produce,17.70
"Wood, Joshua","Moran, John",joshua.wood@abcfoodmart.com,2022-11-26,ABC Foodmart - Whitestone,2023-12-22 00:00,2023-12-22 00:00,meats,17.17
"White, Kenneth","Waller, Chad",kenneth.white@abcfoodmart.com,2023-01-22,ABC Foodmart - Staten Island,2024-07-28 00:00,2024-07-28 00:00,meats,14.78
"Garcia, Sarah","Compton, Jeffrey",sarah.garcia@abcfoodmart.com,2022-12-14,ABC Foodmart - Staten Island,2023-10-29 00:00,2023-10-29 00:00,bakery,12.57
"Blanchard, Ricky","Flores, Angela",ricky.blanchard@abcfoodmart.com,2023-05-23,ABC Foodmart - Staten Island,2024-03-28 00:00,2024-03-28 00:00,meats,17.92
"Jones, Michael","Hoffman, Tina",michael.jones@abcfoodmart.com,2023-01-19,ABC Foodmart - Staten Island,2023-10-13 00:00,2023-10-13 00:00,meats,12.96
"Kramer, Veronica","Waller, Chad",veronica.kramer@abcfoodmart.com,2023-03-28,ABC Foodmart - Whitestone,2024-04-08 00:00,2024-04-08 00:00,customer service,13.66
"Jacobs, Brenda","Carter, Karen",brenda.jacobs@abcfoodmart.com,2024-02-09,ABC Foodmart - Staten Island,2025-01-10 00:00,2025-01-10 00:00,meats,14.17
"Martin, Monica","Williams, Gina",monica.martin@abcfoodmart.com,2023-11-23,ABC Foodmart - Bay Ridge,2024-12-22 00:00,2024-12-22 00:00,dairy,14.07
"Thompson, Andrea","Flores, Angela",andrea.thompson@abcfoodmart.com,2023-01-06,ABC Foodmart - Staten Island,2023-12-04 00:00,2023-12-04 00:00,floral,18.81
"Hull, Shane","Waller, Chad",shane.hull@abcfoodmart.com,2024-01-09,ABC Foodmart - Bay Ridge,2024-12-26 00:00,2024-12-26 00:00,fresh produce,14.06
"Torres, Steven","Williams, Gina",steven.torres@abcfoodmart.com,2023-05-10,ABC Foodmart - DUMBO,2024-04-24 00:00,2024-04-24 00:00,seafood,12.16
"Jackson, Gary","Johnston, William",gary.jackson@abcfoodmart.com,2022-09-08,ABC Foodmart - Whitestone,2023-05-07 00:00,2023-05-07 00:00,deli,16.89
"Johnson, Samantha","Carter, Karen",samantha.johnson@abcfoodmart.com,2023-01-16,ABC Foodmart - Whitestone,2024-03-30 00:00,2024-03-30 00:00,seafood,19.00
"White, Kenneth","Waller, Chad",kenneth.white@abcfoodmart.com,2023-01-22,ABC Foodmart - Staten Island,2024-08-19 00:00,2024-08-19 00:00,frozen foods,15.93
"Jones, Michael","Williams, Gina",michael.jones@abcfoodmart.com,2023-01-19,ABC Foodmart - DUMBO,2023-11-05 00:00,2023-11-05 00:00,cashier,16.76
"Hernandez, Michael","Moran, John",michael.hernandez@abcfoodmart.com,2022-05-24,ABC Foodmart - Bay Ridge,2023-10-25 00:00,2023-10-25 00:00,pharmacy,13.38
"Jackson, Michael","Compton, Jeffrey",michael.jackson@abcfoodmart.com,2022-10-31,ABC Foodmart - DUMBO,2023-08-19 00:00,2023-08-19 00:00,floral,16.76
"Hayes, Brandon","Johnston, William",brandon.hayes@abcfoodmart.com,2022-09-28,ABC Foodmart - Whitestone,2023-04-28 00:00,2023-04-28 00:00,dairy,12.17
"Garcia, Sarah","David, Mr.",sarah.garcia@abcfoodmart.com,2022-12-14,ABC Foodmart - Bay Ridge,2023-11-16 00:00,2023-11-16 00:00,seafood,15.14
"Foster, Kenneth","Johnston, William",kenneth.foster@abcfoodmart.com,2023-04-23,ABC Foodmart - Whitestone,2024-07-12 00:00,2024-07-12 00:00,seafood,15.41
"Randolph, Emily","Flores, Angela",emily.randolph@abcfoodmart.com,2023-03-09,ABC Foodmart - Bay Ridge,2023-12-20 00:00,2023-12-20 00:00,cashier,17.65
"Brown, Lisa","Williams, Gina",lisa.brown@abcfoodmart.com,2022-08-18,ABC Foodmart - Staten Island,2023-06-24 00:00,2023-06-24 00:00,frozen foods,18.38
"Burns, Kendra","Ellis, Grant",kendra.burns@abcfoodmart.com,2022-12-13,ABC Foodmart - Tribeca,2023-09-10 00:00,2023-09-10 00:00,dairy,16.17
"Thomas, Robert","Hoffman, Tina",robert.thomas@abcfoodmart.com,2022-05-18,ABC Foodmart - Whitestone,2023-09-07 00:00,2023-09-07 00:00,dry goods,12.32
"Chen, Kathleen","Moran, John",kathleen.chen@abcfoodmart.com,2024-02-03,ABC Foodmart - Staten Island,2024-10-03 00:00,2024-10-03 00:00,meats,16.90
"Dodson, Courtney","Compton, Jeffrey",courtney.dodson@abcfoodmart.com,2023-01-10,ABC Foodmart - DUMBO,2024-01-20 00:00,2024-01-20 00:00,seafood,16.19
"Thomas, Robert","Farrell, Christopher",robert.thomas@abcfoodmart.com,2022-05-18,ABC Foodmart - Whitestone,2023-09-29 00:00,2023-09-29 00:00,fresh produce,17.64
"Hull, Shane","Williams, Gina",shane.hull@abcfoodmart.com,2024-01-09,ABC Foodmart - Whitestone,2025-01-21 00:00,2025-01-21 00:00,dairy,17.96
"Mckenzie, William","Carter, Karen",william.mckenzie@abcfoodmart.com,2023-01-04,ABC Foodmart - Tribeca,2023-10-17 00:00,2023-10-17 00:00,cashier,16.81
"Randolph, Emily","Cooper, Robert",emily.randolph@abcfoodmart.com,2023-03-09,ABC Foodmart - DUMBO,2024-01-06 00:00,2024-01-06 00:00,floral,12.82
"Owens, Jeffrey","Carter, Karen",jeffrey.owens@abcfoodmart.com,2022-05-03,ABC Foodmart - Bay Ridge,2023-01-14 00:00,2023-01-14 00:00,seafood,13.38
"Woods, Marcus","Ellis, Grant",marcus.woods@abcfoodmart.com,2024-04-01,ABC Foodmart - DUMBO,2024-10-01 00:00,2024-10-01 00:00,bakery,17.96
"Walters, Jay","Compton, Jeffrey",jay.walters@abcfoodmart.com,2023-12-17,ABC Foodmart - DUMBO,2025-03-05 00:00,2025-03-05 00:00,deli,15.58
"Wells, Monica","Cooper, Robert",monica.wells@abcfoodmart.com,2024-03-12,ABC Foodmart - Staten Island,2024-10-31 00:00,2024-10-31 00:00,bakery,14.02
"Love, Thomas","David, Mr.",thomas.love@abcfoodmart.com,2024-02-18,ABC Foodmart - Staten Island,2025-03-30 00:00,2025-03-30 00:00,bakery,18.13
"Colon, Lindsey","Compton, Jeffrey",lindsey.colon@abcfoodmart.com,2023-02-16,ABC Foodmart - Whitestone,2024-02-14 00:00,2024-02-14 00:00,dairy,18.80
"Wells, Monica","Farrell, Christopher",monica.wells@abcfoodmart.com,2024-03-12,ABC Foodmart - Bay Ridge,2024-11-21 00:00,2024-11-21 00:00,deli,12.20
"Day, Natasha","Compton, Jeffrey",natasha.day@abcfoodmart.com,2023-08-02,ABC Foodmart - Bay Ridge,2024-02-21 00:00,2024-02-21 00:00,dairy,12.06
"Wood, Joshua","David, Mr.",joshua.wood@abcfoodmart.com,2022-11-26,ABC Foodmart - Staten Island,2023-12-24 00:00,2023-12-24 00:00,pharmacy,13.08
"Frederick, Evan","David, Mr.",evan.frederick@abcfoodmart.com,2023-02-24,ABC Foodmart - DUMBO,2023-09-21 00:00,2023-09-21 00:00,frozen foods,15.03
"Day, Natasha","Williams, Gina",natasha.day@abcfoodmart.com,2023-08-02,ABC Foodmart - Whitestone,2024-03-05 00:00,2024-03-05 00:00,meats,17.11
"Thompson, Andrea","Flores, Angela",andrea.thompson@abcfoodmart.com,2023-01-06,ABC Foodmart - DUMBO,2023-12-31 00:00,2023-12-31 00:00,pharmacy,14.00
"Manning, Maria","Compton, Jeffrey",maria.manning@abcfoodmart.com,2022-11-16,ABC Foodmart - DUMBO,2023-09-21 00:00,2023-09-21 00:00,meats,14.99
"Terri, Mrs.","Farrell, Christopher",mrs..terri@abcfoodmart.com,2022-09-23,ABC Foodmart - Whitestone,2023-11-11 00:00,2023-11-11 00:00,meats,14.27
"Bennett, Alec","Hoffman, Tina",alec.bennett@abcfoodmart.com,2023-10-03,ABC Foodmart - Bay Ridge,2024-05-15 00:00,2024-05-15 00:00,seafood,13.63
"Moyer, Steven","Johnston, William",steven.moyer@abcfoodmart.com,2022-12-26,ABC Foodmart - Staten Island,2023-05-20 00:00,2023-05-20 00:00,floral,18.71
"Gardner, Laura","Williams, Gina",laura.gardner@abcfoodmart.com,2023-09-04,ABC Foodmart - Bay Ridge,2024-09-14 00:00,2024-09-14 00:00,meats,15.32
"Davis, Jennifer","Johnston, William",jennifer.davis@abcfoodmart.com,2023-11-03,ABC Foodmart - Tribeca,2025-01-04 00:00,2025-01-04 00:00,meats,13.64
"Torres, Steven","Flores, Angela",steven.torres@abcfoodmart.com,2023-05-10,ABC Foodmart - Whitestone,2024-05-10 00:00,2024-05-10 00:00,dry goods,15.67
"Jones, Christopher","Farrell, Christopher",christopher.jones@abcfoodmart.com,2022-05-19,ABC Foodmart - Whitestone,2023-06-16 00:00,2023-06-16 00:00,deli,15.64
"Golden, Laurie","Compton, Jeffrey",laurie.golden@abcfoodmart.com,2023-12-23,ABC Foodmart - DUMBO,2024-07-02 00:00,2024-07-02 00:00,cashier,13.75
"Wilson, Jill","Moran, John",jill.wilson@abcfoodmart.com,2022-12-06,ABC Foodmart - DUMBO,2024-03-16 00:00,2024-03-16 00:00,meats,17.70
"Jessica, Ms.","Compton, Jeffrey",ms..jessica@abcfoodmart.com,2022-06-10,ABC Foodmart - DUMBO,2023-01-10 00:00,2023-01-10 00:00,fresh produce,15.79
"Marquez, Jeffrey","Cooper, Robert",jeffrey.marquez@abcfoodmart.com,2023-02-19,ABC Foodmart - DUMBO,2023-12-08 00:00,2023-12-08 00:00,bakery,14.61
"Hughes, Christopher","Waller, Chad",christopher.hughes@abcfoodmart.com,2022-09-01,ABC Foodmart - Whitestone,2023-09-11 00:00,2023-09-11 00:00,cashier,17.36
"Smith, Brandy","Ellis, Grant",brandy.smith@abcfoodmart.com,2023-12-26,ABC Foodmart - Whitestone,2024-12-31 00:00,2024-12-31 00:00,pharmacy,17.50
"Bradley, Rita","Williams, Gina",rita.bradley@abcfoodmart.com,2023-08-06,ABC Foodmart - Staten Island,2024-08-22 00:00,2024-08-22 00:00,customer service,14.39
"Sean, Mr.","Hoffman, Tina",mr..sean@abcfoodmart.com,2023-03-25,ABC Foodmart - Whitestone,2023-12-16 00:00,2023-12-16 00:00,frozen foods,16.90
"Glover, Michelle","Hoffman, Tina",michelle.glover@abcfoodmart.com,2022-08-25,ABC Foodmart - Bay Ridge,2023-10-05 00:00,2023-10-05 00:00,cashier,16.95
"Nichols, Mitchell","Farrell, Christopher",mitchell.nichols@abcfoodmart.com,2022-09-30,ABC Foodmart - Staten Island,2023-06-15 00:00,2023-06-15 00:00,customer service,14.04
"Carroll, Eric","Cooper, Robert",eric.carroll@abcfoodmart.com,2022-12-26,ABC Foodmart - DUMBO,2024-04-08 00:00,2024-04-08 00:00,fresh produce,17.77
"Hernandez, Michael","Hoffman, Tina",michael.hernandez@abcfoodmart.com,2022-05-24,ABC Foodmart - Bay Ridge,2023-11-10 00:00,2023-11-10 00:00,meats,19.65
"Wilson, Jill","Waller, Chad",jill.wilson@abcfoodmart.com,2022-12-06,ABC Foodmart - Tribeca,2024-03-21 00:00,2024-03-21 00:00,floral,14.79
"Moore, Jason","Farrell, Christopher",jason.moore@abcfoodmart.com,2023-07-11,ABC Foodmart - Staten Island,2024-04-14 00:00,2024-04-14 00:00,meats,13.22
"Vasquez, Peter","Williams, Gina",peter.vasquez@abcfoodmart.com,2023-01-05,ABC Foodmart - Bay Ridge,2023-07-04 00:00,2023-07-04 00:00,deli,15.99
"Spears, Erin","Johnston, William",erin.spears@abcfoodmart.com,2023-07-30,ABC Foodmart - Whitestone,2024-09-15 00:00,2024-09-15 00:00,cashier,17.30
"Campbell, Brittany","Johnston, William",brittany.campbell@abcfoodmart.com,2023-03-25,ABC Foodmart - Bay Ridge,2023-12-11 00:00,2023-12-11 00:00,fresh produce,16.08
"Chen, Kathleen","Moran, John",kathleen.chen@abcfoodmart.com,2024-02-03,ABC Foodmart - Bay Ridge,2024-10-28 00:00,2024-10-28 00:00,meats,14.56
"Woods, Marcus","Compton, Jeffrey",marcus.woods@abcfoodmart.com,2024-04-01,ABC Foodmart - Bay Ridge,2024-10-02 00:00,2024-10-02 00:00,seafood,19.93
"Gardner, Laura","Hoffman, Tina",laura.gardner@abcfoodmart.com,2023-09-04,ABC Foodmart - DUMBO,2024-10-03 00:00,2024-10-03 00:00,deli,15.97
"Mckenzie, William","Hoffman, Tina",william.mckenzie@abcfoodmart.com,2023-01-04,ABC Foodmart - Whitestone,2023-11-11 00:00,2023-11-11 00:00,fresh produce,18.28
"Moyer, Steven","David, Mr.",steven.moyer@abcfoodmart.com,2022-12-26,ABC Foodmart - Staten Island,2023-06-10 00:00,2023-06-10 00:00,dairy,14.34
"Gonzalez, Michele","Farrell, Christopher",michele.gonzalez@abcfoodmart.com,2023-09-23,ABC Foodmart - DUMBO,2024-07-08 00:00,2024-07-08 00:00,dairy,15.75
"Riley, Ashley","Ellis, Grant",ashley.riley@abcfoodmart.com,2022-08-17,ABC Foodmart - DUMBO,2023-09-27 00:00,2023-09-27 00:00,floral,18.11
"Owens, Jeffrey","Hoffman, Tina",jeffrey.owens@abcfoodmart.com,2022-05-03,ABC Foodmart - Staten Island,2023-02-01 00:00,2023-02-01 00:00,cashier,14.41
"Hernandez, Michael","David, Mr.",michael.hernandez@abcfoodmart.com,2022-05-24,ABC Foodmart - Bay Ridge,2023-12-04 00:00,2023-12-04 00:00,deli,16.05
"Jessica, Ms.","Williams, Gina",ms..jessica@abcfoodmart.com,2022-06-10,ABC Foodmart - Tribeca,2023-01-16 00:00,2023-01-16 00:00,customer service,17.46
"Thompson, Andrea","Carter, Karen",andrea.thompson@abcfoodmart.com,2023-01-06,ABC Foodmart - Tribeca,2024-01-21 00:00,2024-01-21 00:00,bakery,15.03
"Shah, Amanda","Waller, Chad",amanda.shah@abcfoodmart.com,2023-10-07,ABC Foodmart - Staten Island,2024-10-22 00:00,2024-10-22 00:00,dairy,17.43
"Terri, Mrs.","Cooper, Robert",mrs..terri@abcfoodmart.com,2022-09-23,ABC Foodmart - Staten Island,2023-12-01 00:00,2023-12-01 00:00,cashier,16.21
"Golden, Laurie","Flores, Angela",laurie.golden@abcfoodmart.com,2023-12-23,ABC Foodmart - Staten Island,2024-07-30 00:00,2024-07-30 00:00,frozen foods,15.86
"Wood, Joshua","Carter, Karen",joshua.wood@abcfoodmart.com,2022-11-26,ABC Foodmart - Bay Ridge,2024-01-18 00:00,2024-01-18 00:00,meats,12.86
"Meyer, James","Moran, John",james.meyer@abcfoodmart.com,2022-05-02,ABC Foodmart - Staten Island,2023-08-04 00:00,2023-08-04 00:00,frozen foods,13.88
"Henderson, Nancy","Williams, Gina",nancy.henderson@abcfoodmart.com,2023-12-30,ABC Foodmart - Whitestone,2024-10-01 00:00,2024-10-01 00:00,cashier,15.28
"Dodson, Courtney","Flores, Angela",courtney.dodson@abcfoodmart.com,2023-01-10,ABC Foodmart - Whitestone,2024-02-03 00:00,2024-02-03 00:00,floral,13.95
"Kerr, Jason","Flores, Angela",jason.kerr@abcfoodmart.com,2022-11-21,ABC Foodmart - Staten Island,2023-10-22 00:00,2023-10-22 00:00,floral,16.33
"Hull, Shane","Compton, Jeffrey",shane.hull@abcfoodmart.com,2024-01-09,ABC Foodmart - Staten Island,2025-02-12 00:00,2025-02-12 00:00,cashier,16.74
"Davis, Jennifer","Carter, Karen",jennifer.davis@abcfoodmart.com,2023-11-03,ABC Foodmart - Whitestone,2025-01-07 00:00,2025-01-07 00:00,customer service,12.91
"Payne, Samantha","Compton, Jeffrey",samantha.payne@abcfoodmart.com,2024-04-06,ABC Foodmart - Whitestone,2025-04-08 00:00,2025-04-08 00:00,fresh produce,16.11
"Walters, Jay","Flores, Angela",jay.walters@abcfoodmart.com,2023-12-17,ABC Foodmart - Bay Ridge,2025-04-03 00:00,2025-04-03 00:00,dairy,15.60
"Werner, Kara","Moran, John",kara.werner@abcfoodmart.com,2023-10-12,ABC Foodmart - Staten Island,2024-10-16 00:00,2024-10-16 00:00,deli,14.85
"Terri, Mrs.","Hoffman, Tina",mrs..terri@abcfoodmart.com,2022-09-23,ABC Foodmart - Whitestone,2023-12-21 00:00,2023-12-21 00:00,cashier,16.18
"Glover, Michelle","Cooper, Robert",michelle.glover@abcfoodmart.com,2022-08-25,ABC Foodmart - Whitestone,2023-11-02 00:00,2023-11-02 00:00,cashier,13.20
"Mckenzie, William","David, Mr.",william.mckenzie@abcfoodmart.com,2023-01-04,ABC Foodmart - DUMBO,2023-11-24 00:00,2023-11-24 00:00,cashier,15.51
"Martin, Monica","Williams, Gina",monica.martin@abcfoodmart.com,2023-11-23,ABC Foodmart - DUMBO,2025-01-07 00:00,2025-01-07 00:00,frozen foods,18.90
"Vasquez, Peter","David, Mr.",peter.vasquez@abcfoodmart.com,2023-01-05,ABC Foodmart - Staten Island,2023-07-07 00:00,2023-07-07 00:00,meats,18.36
"Roach, Christine","Flores, Angela",christine.roach@abcfoodmart.com,2023-10-15,ABC Foodmart - DUMBO,2024-08-19 00:00,2024-08-19 00:00,customer service,13.75
"Nichols, Mitchell","Ellis, Grant",mitchell.nichols@abcfoodmart.com,2022-09-30,ABC Foodmart - DUMBO,2023-06-28 00:00,2023-06-28 00:00,deli,17.31
"Jones, Christopher","Farrell, Christopher",christopher.jones@abcfoodmart.com,2022-05-19,ABC Foodmart - Staten Island,2023-07-10 00:00,2023-07-10 00:00,dry goods,13.89
"Colon, Lindsey","Flores, Angela",lindsey.colon@abcfoodmart.com,2023-02-16,ABC Foodmart - Whitestone,2024-02-18 00:00,2024-02-18 00:00,floral,16.87
"Church, Joshua","Hoffman, Tina",joshua.church@abcfoodmart.com,2024-03-03,ABC Foodmart - Staten Island,2025-05-02 00:00,2025-05-02 00:00,meats,12.85
"Wilson, Jill","David, Mr.",jill.wilson@abcfoodmart.com,2022-12-06,ABC Foodmart - Tribeca,2024-03-26 00:00,2024-03-26 00:00,dairy,16.24
"Davis, Jennifer","Farrell, Christopher",jennifer.davis@abcfoodmart.com,2023-11-03,ABC Foodmart - Tribeca,2025-02-05 00:00,2025-02-05 00:00,meats,13.47
"Perry, Andrea","Williams, Gina",andrea.perry@abcfoodmart.com,2023-05-05,ABC Foodmart - Tribeca,2024-08-03 00:00,2024-08-03 00:00,cashier,19.62
"Frederick, Evan","Ellis, Grant",evan.frederick@abcfoodmart.com,2023-02-24,ABC Foodmart - Staten Island,2023-10-05 00:00,2023-10-05 00:00,meats,13.06
"Walls, Kristen","Flores, Angela",kristen.walls@abcfoodmart.com,2023-02-10,ABC Foodmart - Bay Ridge,2023-12-15 00:00,2023-12-15 00:00,floral,17.67
"Hull, Shane","David, Mr.",shane.hull@abcfoodmart.com,2024-01-09,ABC Foodmart - Bay Ridge,2025-03-05 00:00,2025-03-05 00:00,frozen foods,15.50
"Burns, Kendra","Carter, Karen",kendra.burns@abcfoodmart.com,2022-12-13,ABC Foodmart - Whitestone,2023-09-11 00:00,2023-09-11 00:00,deli,17.22
"Campbell, Brittany","Johnston, William",brittany.campbell@abcfoodmart.com,2023-03-25,ABC Foodmart - Staten Island,2023-12-26 00:00,2023-12-26 00:00,bakery,15.71
"Randolph, Emily","Waller, Chad",emily.randolph@abcfoodmart.com,2023-03-09,ABC Foodmart - Bay Ridge,2024-01-10 00:00,2024-01-10 00:00,cashier,14.80
"Garcia, Sarah","Williams, Gina",sarah.garcia@abcfoodmart.com,2022-12-14,ABC Foodmart - Bay Ridge,2023-11-23 00:00,2023-11-23 00:00,floral,16.69
"Atkinson, Gary","Farrell, Christopher",gary.atkinson@abcfoodmart.com,2022-05-24,ABC Foodmart - Staten Island,2023-04-15 00:00,2023-04-15 00:00,customer service,14.56
"Vasquez, Peter","Johnston, William",peter.vasquez@abcfoodmart.com,2023-01-05,ABC Foodmart - Bay Ridge,2023-08-05 00:00,2023-08-05 00:00,dairy,13.53
"Woods, Marcus","Farrell, Christopher",marcus.woods@abcfoodmart.com,2024-04-01,ABC Foodmart - Tribeca,2024-10-04 00:00,2024-10-04 00:00,dry goods,14.43
"Campbell, Bethany","Moran, John",bethany.campbell@abcfoodmart.com,2023-10-07,ABC Foodmart - Tribeca,2024-06-17 00:00,2024-06-17 00:00,dairy,17.28
"Smith, Brandy","Cooper, Robert",brandy.smith@abcfoodmart.com,2023-12-26,ABC Foodmart - Tribeca,2025-01-27 00:00,2025-01-27 00:00,dairy,15.67
"Jackson, Gary","Cooper, Robert",gary.jackson@abcfoodmart.com,2022-09-08,ABC Foodmart - Tribeca,2023-05-12 00:00,2023-05-12 00:00,cashier,16.77
"Walters, Jay","Ellis, Grant",jay.walters@abcfoodmart.com,2023-12-17,ABC Foodmart - Whitestone,2025-04-29 00:00,2025-04-29 00:00,cashier,19.01
"Mckinney, Marcus","Johnston, William",marcus.mckinney@abcfoodmart.com,2022-08-14,ABC Foodmart - Tribeca,2023-12-07 00:00,2023-12-07 00:00,cashier,13.53
"Hull, Shane","Flores, Angela",shane.hull@abcfoodmart.com,2024-01-09,ABC Foodmart - Tribeca,2025-03-19 00:00,2025-03-19 00:00,dry goods,17.56
"Galvan, Lori","Cooper, Robert",lori.galvan@abcfoodmart.com,2022-05-24,ABC Foodmart - Whitestone,2023-03-20 00:00,2023-03-20 00:00,floral,14.22
"Bennett, Alec","Flores, Angela",alec.bennett@abcfoodmart.com,2023-10-03,ABC Foodmart - Whitestone,2024-05-22 00:00,2024-05-22 00:00,bakery,18.75
"Jackson, Gary","David, Mr.",gary.jackson@abcfoodmart.com,2022-09-08,ABC Foodmart - Staten Island,2023-05-21 00:00,2023-05-21 00:00,dry goods,18.52
"Werner, Kara","Johnston, William",kara.werner@abcfoodmart.com,2023-10-12,ABC Foodmart - Tribeca,2024-10-29 00:00,2024-10-29 00:00,seafood,15.73
"Meyer, James","Williams, Gina",james.meyer@abcfoodmart.com,2022-05-02,ABC Foodmart - DUMBO,2023-08-21 00:00,2023-08-21 00:00,bakery,18.78
"Nguyen, Richard","David, Mr.",richard.nguyen@abcfoodmart.com,2022-09-27,ABC Foodmart - Whitestone,2023-10-12 00:00,2023-10-12 00:00,customer service,12.79
"Bryan, Mr.","Cooper, Robert",mr..bryan@abcfoodmart.com,2023-08-26,ABC Foodmart - DUMBO,2024-10-02 00:00,2024-10-02 00:00,bakery,17.57
"Manning, Maria","Ellis, Grant",maria.manning@abcfoodmart.com,2022-11-16,ABC Foodmart - Whitestone,2023-10-06 00:00,2023-10-06 00:00,meats,14.78
"Hernandez, Michael","Moran, John",michael.hernandez@abcfoodmart.com,2022-05-24,ABC Foodmart - Whitestone,2023-12-12 00:00,2023-12-12 00:00,cashier,19.59
"Brooks, Renee","Compton, Jeffrey",renee.brooks@abcfoodmart.com,2023-07-15,ABC Foodmart - Tribeca,2024-07-22 00:00,2024-07-22 00:00,floral,18.53
"Moyer, Steven","Farrell, Christopher",steven.moyer@abcfoodmart.com,2022-12-26,ABC Foodmart - DUMBO,2023-07-08 00:00,2023-07-08 00:00,fresh produce,19.29
"Chambers, Jeffrey","Johnston, William",jeffrey.chambers@abcfoodmart.com,2022-09-29,ABC Foodmart - Bay Ridge,2023-07-11 00:00,2023-07-11 00:00,seafood,19.95
"Jessica, Ms.","Moran, John",ms..jessica@abcfoodmart.com,2022-06-10,ABC Foodmart - Tribeca,2023-02-05 00:00,2023-02-05 00:00,customer service,13.77
"Terri, Mrs.","Flores, Angela",mrs..terri@abcfoodmart.com,2022-09-23,ABC Foodmart - Staten Island,2023-12-22 00:00,2023-12-22 00:00,customer service,13.47
"Marquez, Jeffrey","Hoffman, Tina",jeffrey.marquez@abcfoodmart.com,2023-02-19,ABC Foodmart - Staten Island,2023-12-22 00:00,2023-12-22 00:00,bakery,12.07
"Brown, Lisa","Cooper, Robert",lisa.brown@abcfoodmart.com,2022-08-18,ABC Foodmart - Bay Ridge,2023-07-20 00:00,2023-07-20 00:00,customer service,17.64
"Tate, Harry","David, Mr.",harry.tate@abcfoodmart.com,2022-09-18,ABC Foodmart - Bay Ridge,2023-09-25 00:00,2023-09-25 00:00,meats,14.22
"Harrell, Angie","Waller, Chad",angie.harrell@abcfoodmart.com,2023-06-01,ABC Foodmart - Staten Island,2024-06-13 00:00,2024-06-13 00:00,seafood,16.44
"Moyer, Steven","Williams, Gina",steven.moyer@abcfoodmart.com,2022-12-26,ABC Foodmart - Whitestone,2023-07-13 00:00,2023-07-13 00:00,dairy,19.89
"Perry, Andrea","Williams, Gina",andrea.perry@abcfoodmart.com,2023-05-05,ABC Foodmart - Tribeca,2024-08-20 00:00,2024-08-20 00:00,fresh produce,13.19
"Manning, Maria","Cooper, Robert",maria.manning@abcfoodmart.com,2022-11-16,ABC Foodmart - Staten Island,2023-11-03 00:00,2023-11-03 00:00,deli,20.00
"Long, Kirsten","Johnston, William",kirsten.long@abcfoodmart.com,2024-02-24,ABC Foodmart - Bay Ridge,2025-02-15 00:00,2025-02-15 00:00,dairy,18.13
"Atkinson, Gary","Williams, Gina",gary.atkinson@abcfoodmart.com,2022-05-24,ABC Foodmart - Tribeca,2023-05-11 00:00,2023-05-11 00:00,cashier,12.79
"Torres, Steven","Hoffman, Tina",steven.torres@abcfoodmart.com,2023-05-10,ABC Foodmart - Whitestone,2024-05-11 00:00,2024-05-11 00:00,dry goods,12.80
"Brown, Lisa","David, Mr.",lisa.brown@abcfoodmart.com,2022-08-18,ABC Foodmart - Staten Island,2023-08-03 00:00,2023-08-03 00:00,fresh produce,14.03
"Smith, Brandy","Moran, John",brandy.smith@abcfoodmart.com,2023-12-26,ABC Foodmart - Staten Island,2025-02-23 00:00,2025-02-23 00:00,cashier,12.19
"Williams, Michael","Compton, Jeffrey",michael.williams@abcfoodmart.com,2023-06-11,ABC Foodmart - Tribeca,2024-06-09 00:00,2024-06-09 00:00,cashier,16.55
"Jessica, Ms.","Williams, Gina",ms..jessica@abcfoodmart.com,2022-06-10,ABC Foodmart - Tribeca,2023-02-26 00:00,2023-02-26 00:00,fresh produce,15.62
"Thomas, Robert","Flores, Angela",robert.thomas@abcfoodmart.com,2022-05-18,ABC Foodmart - Staten Island,2023-10-18 00:00,2023-10-18 00:00,pharmacy,17.41
"Torres, Steven","Waller, Chad",steven.torres@abcfoodmart.com,2023-05-10,ABC Foodmart - Whitestone,2024-05-12 00:00,2024-05-12 00:00,dairy,15.56
"Blanchard, Ricky","Williams, Gina",ricky.blanchard@abcfoodmart.com,2023-05-23,ABC Foodmart - Staten Island,2024-04-20 00:00,2024-04-20 00:00,dry goods,16.75
"Roach, Christine","Farrell, Christopher",christine.roach@abcfoodmart.com,2023-10-15,ABC Foodmart - Staten Island,2024-09-13 00:00,2024-09-13 00:00,customer service,15.64
"Horton, Ashley","Carter, Karen",ashley.horton@abcfoodmart.com,2024-01-24,ABC Foodmart - Tribeca,2025-02-28 00:00,2025-02-28 00:00,fresh produce,13.11
"Torres, Steven","Carter, Karen",steven.torres@abcfoodmart.com,2023-05-10,ABC Foodmart - Bay Ridge,2024-06-05 00:00,2024-06-05 00:00,cashier,18.15
"Hayes, Brandon","Waller, Chad",brandon.hayes@abcfoodmart.com,2022-09-28,ABC Foodmart - DUMBO,2023-05-25 00:00,2023-05-25 00:00,cashier,18.19
"Thomas, Robert","Cooper, Robert",robert.thomas@abcfoodmart.com,2022-05-18,ABC Foodmart - DUMBO,2023-11-13 00:00,2023-11-13 00:00,seafood,18.13
"Meyer, James","Farrell, Christopher",james.meyer@abcfoodmart.com,2022-05-02,ABC Foodmart - Bay Ridge,2023-09-15 00:00,2023-09-15 00:00,dairy,13.18
"Sean, Mr.","Flores, Angela",mr..sean@abcfoodmart.com,2023-03-25,ABC Foodmart - Whitestone,2024-01-08 00:00,2024-01-08 00:00,dry goods,19.84
"Wells, Monica","Compton, Jeffrey",monica.wells@abcfoodmart.com,2024-03-12,ABC Foodmart - Tribeca,2024-11-25 00:00,2024-11-25 00:00,pharmacy,16.30
"Terri, Mrs.","Cooper, Robert",mrs..terri@abcfoodmart.com,2022-09-23,ABC Foodmart - Staten Island,2024-01-17 00:00,2024-01-17 00:00,frozen foods,16.48
"Woods, Marcus","Ellis, Grant",marcus.woods@abcfoodmart.com,2024-04-01,ABC Foodmart - Tribeca,2024-11-01 00:00,2024-11-01 00:00,floral,18.52
"Jordan, Carla","Cooper, Robert",carla.jordan@abcfoodmart.com,2023-12-17,ABC Foodmart - Whitestone,2024-08-29 00:00,2024-08-29 00:00,dry goods,18.08
"Riley, Ashley","Johnston, William",ashley.riley@abcfoodmart.com,2022-08-17,ABC Foodmart - DUMBO,2023-10-20 00:00,2023-10-20 00:00,frozen foods,13.91
"Johnson, Samantha","Waller, Chad",samantha.johnson@abcfoodmart.com,2023-01-16,ABC Foodmart - Tribeca,2024-04-16 00:00,2024-04-16 00:00,frozen foods,14.29
"Campbell, Brittany","Moran, John",brittany.campbell@abcfoodmart.com,2023-03-25,ABC Foodmart - Bay Ridge,2023-12-30 00:00,2023-12-30 00:00,pharmacy,19.76
"Galvan, Lori","David, Mr.",lori.galvan@abcfoodmart.com,2022-05-24,ABC Foodmart - Tribeca,2023-04-18 00:00,2023-04-18 00:00,deli,12.15
"Kramer, Veronica","Williams, Gina",veronica.kramer@abcfoodmart.com,2023-03-28,ABC Foodmart - Whitestone,2024-04-15 00:00,2024-04-15 00:00,bakery,15.76
"Kerr, Jason","Cooper, Robert",jason.kerr@abcfoodmart.com,2022-11-21,ABC Foodmart - Whitestone,2023-10-28 00:00,2023-10-28 00:00,frozen foods,13.24
"Nguyen, Richard","Williams, Gina",richard.nguyen@abcfoodmart.com,2022-09-27,ABC Foodmart - Tribeca,2023-10-27 00:00,2023-10-27 00:00,meats,14.73
"Harrell, Angie","Cooper, Robert",angie.harrell@abcfoodmart.com,2023-06-01,ABC Foodmart - Staten Island,2024-06-15 00:00,2024-06-15 00:00,dry goods,16.10
"Golden, Laurie","Compton, Jeffrey",laurie.golden@abcfoodmart.com,2023-12-23,ABC Foodmart - Tribeca,2024-08-14 00:00,2024-08-14 00:00,meats,19.06
"Campbell, Bethany","Johnston, William",bethany.campbell@abcfoodmart.com,2023-10-07,ABC Foodmart - Whitestone,2024-07-11 00:00,2024-07-11 00:00,dairy,16.82
"Vasquez, Peter","Carter, Karen",peter.vasquez@abcfoodmart.com,2023-01-05,ABC Foodmart - Staten Island,2023-08-25 00:00,2023-08-25 00:00,frozen foods,14.14
"Manning, Maria","Williams, Gina",maria.manning@abcfoodmart.com,2022-11-16,ABC Foodmart - DUMBO,2023-11-09 00:00,2023-11-09 00:00,floral,18.14
"Nichols, Brandon","Carter, Karen",brandon.nichols@abcfoodmart.com,2024-02-28,ABC Foodmart - Bay Ridge,2025-04-17 00:00,2025-04-17 00:00,cashier,12.03
"Colon, Lindsey","Cooper, Robert",lindsey.colon@abcfoodmart.com,2023-02-16,ABC Foodmart - Whitestone,2024-03-05 00:00,2024-03-05 00:00,cashier,18.77
"Martin, Monica","Farrell, Christopher",monica.martin@abcfoodmart.com,2023-11-23,ABC Foodmart - Staten Island,2025-02-04 00:00,2025-02-04 00:00,dairy,18.38
"Manning, Maria","David, Mr.",maria.manning@abcfoodmart.com,2022-11-16,ABC Foodmart - Tribeca,2023-11-22 00:00,2023-11-22 00:00,customer service,12.69
"Durham, Denise","Williams, Gina",denise.durham@abcfoodmart.com,2022-10-24,ABC Foodmart - Whitestone,2023-11-15 00:00,2023-11-15 00:00,frozen foods,14.69
"Spears, Erin","Waller, Chad",erin.spears@abcfoodmart.com,2023-07-30,ABC Foodmart - Whitestone,2024-10-14 00:00,2024-10-14 00:00,floral,18.91
"Atkinson, Gary","Williams, Gina",gary.atkinson@abcfoodmart.com,2022-05-24,ABC Foodmart - Tribeca,2023-06-04 00:00,2023-06-04 00:00,seafood,18.11
"Burns, Kendra","Williams, Gina",kendra.burns@abcfoodmart.com,2022-12-13,ABC Foodmart - Staten Island,2023-09-16 00:00,2023-09-16 00:00,customer service,16.11
"Jackson, Michael","Waller, Chad",michael.jackson@abcfoodmart.com,2022-10-31,ABC Foodmart - Tribeca,2023-08-30 00:00,2023-08-30 00:00,customer service,19.27
"Bryan, Mr.","Waller, Chad",mr..bryan@abcfoodmart.com,2023-08-26,ABC Foodmart - Tribeca,2024-10-20 00:00,2024-10-20 00:00,pharmacy,13.30
"Herrera, Spencer","Compton, Jeffrey",spencer.herrera@abcfoodmart.com,2023-01-16,ABC Foodmart - Whitestone,2023-09-19 00:00,2023-09-19 00:00,customer service,16.12
"Wells, Monica","Moran, John",monica.wells@abcfoodmart.com,2024-03-12,ABC Foodmart - Whitestone,2024-12-22 00:00,2024-12-22 00:00,meats,12.02
"Kramer, Veronica","Waller, Chad",veronica.kramer@abcfoodmart.com,2023-03-28,ABC Foodmart - Bay Ridge,2024-05-04 00:00,2024-05-04 00:00,cashier,19.13
"Garcia, Sarah","Hoffman, Tina",sarah.garcia@abcfoodmart.com,2022-12-14,ABC Foodmart - Staten Island,2023-12-16 00:00,2023-12-16 00:00,floral,14.18
"Meyer, James","Williams, Gina",james.meyer@abcfoodmart.com,2022-05-02,ABC Foodmart - Whitestone,2023-10-12 00:00,2023-10-12 00:00,floral,16.41
"Love, Thomas","Cooper, Robert",thomas.love@abcfoodmart.com,2024-02-18,ABC Foodmart - DUMBO,2025-04-10 00:00,2025-04-10 00:00,seafood,19.10
"Garcia, Sarah","Johnston, William",sarah.garcia@abcfoodmart.com,2022-12-14,ABC Foodmart - DUMBO,2024-01-06 00:00,2024-01-06 00:00,bakery,17.94
"Moore, Jason","Compton, Jeffrey",jason.moore@abcfoodmart.com,2023-07-11,ABC Foodmart - Bay Ridge,2024-05-09 00:00,2024-05-09 00:00,fresh produce,18.85
"Payne, Samantha","David, Mr.",samantha.payne@abcfoodmart.com,2024-04-06,ABC Foodmart - Tribeca,2025-04-23 00:00,2025-04-23 00:00,floral,13.18
"Pena, Johnathan","David, Mr.",johnathan.pena@abcfoodmart.com,2023-02-22,ABC Foodmart - Bay Ridge,2024-01-12 00:00,2024-01-12 00:00,frozen foods,12.56
"Martin, Monica","Farrell, Christopher",monica.martin@abcfoodmart.com,2023-11-23,ABC Foodmart - Whitestone,2025-02-22 00:00,2025-02-22 00:00,cashier,16.95
"Vasquez, Peter","Compton, Jeffrey",peter.vasquez@abcfoodmart.com,2023-01-05,ABC Foodmart - DUMBO,2023-09-09 00:00,2023-09-09 00:00,pharmacy,16.11
"Warren, Timothy","Waller, Chad",timothy.warren@abcfoodmart.com,2022-12-27,ABC Foodmart - Staten Island,2024-06-18 00:00,2024-06-18 00:00,bakery,18.79
"Frederick, Evan","Carter, Karen",evan.frederick@abcfoodmart.com,2023-02-24,ABC Foodmart - Bay Ridge,2023-10-20 00:00,2023-10-20 00:00,cashier,14.96
"Vasquez, Peter","David, Mr.",peter.vasquez@abcfoodmart.com,2023-01-05,ABC Foodmart - Staten Island,2023-09-27 00:00,2023-09-27 00:00,bakery,16.96
"Ellis, Lauren","Waller, Chad",lauren.ellis@abcfoodmart.com,2022-10-22,ABC Foodmart - DUMBO,2023-11-22 00:00,2023-11-22 00:00,deli,19.76
"Smith, Brandy","Waller, Chad",brandy.smith@abcfoodmart.com,2023-12-26,ABC Foodmart - Bay Ridge,2025-03-10 00:00,2025-03-10 00:00,meats,15.45
"Bradley, Rita","Williams, Gina",rita.bradley@abcfoodmart.com,2023-08-06,ABC Foodmart - Whitestone,2024-09-05 00:00,2024-09-05 00:00,fresh produce,17.70
"Colon, Lindsey","Waller, Chad",lindsey.colon@abcfoodmart.com,2023-02-16,ABC Foodmart - Whitestone,2024-03-22 00:00,2024-03-22 00:00,dry goods,15.43
"Werner, Kara","Hoffman, Tina",kara.werner@abcfoodmart.com,2023-10-12,ABC Foodmart - Bay Ridge,2024-11-07 00:00,2024-11-07 00:00,deli,17.04
"Hernandez, Michael","Carter, Karen",michael.hernandez@abcfoodmart.com,2022-05-24,ABC Foodmart - Whitestone,2024-01-09 00:00,2024-01-09 00:00,customer service,12.79
"Johnson, Samantha","Ellis, Grant",samantha.johnson@abcfoodmart.com,2023-01-16,ABC Foodmart - Tribeca,2024-04-25 00:00,2024-04-25 00:00,dairy,18.81
"Walters, Jay","Moran, John",jay.walters@abcfoodmart.com,2023-12-17,ABC Foodmart - Bay Ridge,2025-05-08 00:00,2025-05-08 00:00,customer service,18.64
"Marquez, Jeffrey","Carter, Karen",jeffrey.marquez@abcfoodmart.com,2023-02-19,ABC Foodmart - Staten Island,2024-01-12 00:00,2024-01-12 00:00,customer service,14.19
"Colon, Lindsey","Ellis, Grant",lindsey.colon@abcfoodmart.com,2023-02-16,ABC Foodmart - Staten Island,2024-04-17 00:00,2024-04-17 00:00,customer service,15.01
"Riley, Ashley","Flores, Angela",ashley.riley@abcfoodmart.com,2022-08-17,ABC Foodmart - Tribeca,2023-10-23 00:00,2023-10-23 00:00,fresh produce,16.50
"Kerr, Jason","Farrell, Christopher",jason.kerr@abcfoodmart.com,2022-11-21,ABC Foodmart - Tribeca,2023-11-19 00:00,2023-11-19 00:00,cashier,16.45
"Roach, Christine","Ellis, Grant",christine.roach@abcfoodmart.com,2023-10-15,ABC Foodmart - Bay Ridge,2024-09-30 00:00,2024-09-30 00:00,deli,14.49
"Manning, Maria","Farrell, Christopher",maria.manning@abcfoodmart.com,2022-11-16,ABC Foodmart - Staten Island,2023-12-19 00:00,2023-12-19 00:00,dairy,16.81
"Church, Joshua","Williams, Gina",joshua.church@abcfoodmart.com,2024-03-03,ABC Foodmart - Tribeca,2025-05-24 00:00,2025-05-24 00:00,fresh produce,14.54
"Kramer, Veronica","Carter, Karen",veronica.kramer@abcfoodmart.com,2023-03-28,ABC Foodmart - Whitestone,2024-05-13 00:00,2024-05-13 00:00,floral,17.41
"Sosa, David","Cooper, Robert",david.sosa@abcfoodmart.com,2023-07-27,ABC Foodmart - Whitestone,2024-09-08 00:00,2024-09-08 00:00,seafood,18.21
"Love, Thomas","Waller, Chad",thomas.love@abcfoodmart.com,2024-02-18,ABC Foodmart - Bay Ridge,2025-04-30 00:00,2025-04-30 00:00,customer service,14.74
"Frederick, Evan","Flores, Angela",evan.frederick@abcfoodmart.com,2023-02-24,ABC Foodmart - Tribeca,2023-10-30 00:00,2023-10-30 00:00,fresh produce,12.18
"Campbell, Brittany","Carter, Karen",brittany.campbell@abcfoodmart.com,2023-03-25,ABC Foodmart - Tribeca,2024-01-01 00:00,2024-01-01 00:00,dry goods,28.36
"Hughes, Christopher","Farrell, Christopher",christopher.hughes@abcfoodmart.com,2022-09-01,ABC Foodmart - Staten Island,2023-10-08 00:00,2023-10-08 00:00,bakery,16.70
"Martin, Monica","David, Mr.",monica.martin@abcfoodmart.com,2023-11-23,ABC Foodmart - Bay Ridge,2025-03-23 00:00,2025-03-23 00:00,frozen foods,13.98
"Jackson, Michael","Farrell, Christopher",michael.jackson@abcfoodmart.com,2022-10-31,ABC Foodmart - Tribeca,2023-09-10 00:00,2023-09-10 00:00,meats,19.68
"Warren, Timothy","Carter, Karen",timothy.warren@abcfoodmart.com,2022-12-27,ABC Foodmart - DUMBO,2024-06-21 00:00,2024-06-21 00:00,floral,16.92
"Hernandez, Michael","David, Mr.",michael.hernandez@abcfoodmart.com,2022-05-24,ABC Foodmart - DUMBO,2024-01-12 00:00,2024-01-12 00:00,deli,19.55
"Eric, Mr.","Johnston, William",mr..eric@abcfoodmart.com,2022-09-02,ABC Foodmart - Staten Island,2023-05-24 00:00,2023-05-24 00:00,frozen foods,19.56
"Eric, Mr.","Flores, Angela",mr..eric@abcfoodmart.com,2022-09-02,ABC Foodmart - Staten Island,2023-06-11 00:00,2023-06-11 00:00,dairy,18.76
"Thomas, Robert","Hoffman, Tina",robert.thomas@abcfoodmart.com,2022-05-18,ABC Foodmart - Tribeca,2023-11-23 00:00,2023-11-23 00:00,fresh produce,15.47
"Campbell, Bethany","Cooper, Robert",bethany.campbell@abcfoodmart.com,2023-10-07,ABC Foodmart - Tribeca,2024-07-27 00:00,2024-07-27 00:00,floral,15.83
"Sean, Mr.","Carter, Karen",mr..sean@abcfoodmart.com,2023-03-25,ABC Foodmart - Bay Ridge,2024-01-20 00:00,2024-01-20 00:00,customer service,16.79
"Blanchard, Ricky","Ellis, Grant",ricky.blanchard@abcfoodmart.com,2023-05-23,ABC Foodmart - Whitestone,2024-05-14 00:00,2024-05-14 00:00,pharmacy,15.88
"Smith, Brandy","David, Mr.",brandy.smith@abcfoodmart.com,2023-12-26,ABC Foodmart - Whitestone,2025-04-06 00:00,2025-04-06 00:00,dairy,15.82
"Eric, Mr.","Farrell, Christopher",mr..eric@abcfoodmart.com,2022-09-02,ABC Foodmart - Bay Ridge,2023-06-12 00:00,2023-06-12 00:00,deli,19.39
"Torres, Steven","Flores, Angela",steven.torres@abcfoodmart.com,2023-05-10,ABC Foodmart - DUMBO,2024-06-16 00:00,2024-06-16 00:00,customer service,15.88
"Brown, Lisa","Cooper, Robert",lisa.brown@abcfoodmart.com,2022-08-18,ABC Foodmart - Bay Ridge,2023-09-01 00:00,2023-09-01 00:00,bakery,19.95
"Nichols, Mitchell","Cooper, Robert",mitchell.nichols@abcfoodmart.com,2022-09-30,ABC Foodmart - DUMBO,2023-07-05 00:00,2023-07-05 00:00,dairy,15.93
"Atkinson, Gary","Johnston, William",gary.atkinson@abcfoodmart.com,2022-05-24,ABC Foodmart - Bay Ridge,2023-06-30 00:00,2023-06-30 00:00,dry goods,18.70
"Golden, Laurie","Johnston, William",laurie.golden@abcfoodmart.com,2023-12-23,ABC Foodmart - Bay Ridge,2024-08-24 00:00,2024-08-24 00:00,customer service,15.03
"Foster, Jennifer","Compton, Jeffrey",jennifer.foster@abcfoodmart.com,2023-06-15,ABC Foodmart - Bay Ridge,2024-09-24 00:00,2024-09-24 00:00,cashier,13.26
"Hayes, Brandon","Johnston, William",brandon.hayes@abcfoodmart.com,2022-09-28,ABC Foodmart - Bay Ridge,2023-06-19 00:00,2023-06-19 00:00,frozen foods,18.94
"Gross, Andrew","Flores, Angela",andrew.gross@abcfoodmart.com,2022-04-30,ABC Foodmart - Whitestone,2023-03-15 00:00,2023-03-15 00:00,frozen foods,18.79
"Foster, Jennifer","Moran, John",jennifer.foster@abcfoodmart.com,2023-06-15,ABC Foodmart - Tribeca,2024-09-25 00:00,2024-09-25 00:00,frozen foods,17.67
"Durham, Denise","Cooper, Robert",denise.durham@abcfoodmart.com,2022-10-24,ABC Foodmart - DUMBO,2023-12-08 00:00,2023-12-08 00:00,floral,17.43
"Thomas, Robert","Cooper, Robert",robert.thomas@abcfoodmart.com,2022-05-18,ABC Foodmart - Bay Ridge,2023-11-26 00:00,2023-11-26 00:00,dry goods,13.81
"Wood, Joshua","Waller, Chad",joshua.wood@abcfoodmart.com,2022-11-26,ABC Foodmart - Tribeca,2024-02-08 00:00,2024-02-08 00:00,cashier,17.79
"Golden, Laurie","Farrell, Christopher",laurie.golden@abcfoodmart.com,2023-12-23,ABC Foodmart - Whitestone,2024-09-09 00:00,2024-09-09 00:00,meats,13.36
"Woods, Marcus","Farrell, Christopher",marcus.woods@abcfoodmart.com,2024-04-01,ABC Foodmart - Staten Island,2024-11-09 00:00,2024-11-09 00:00,cashier,15.22
"Randolph, Emily","Waller, Chad",emily.randolph@abcfoodmart.com,2023-03-09,ABC Foodmart - DUMBO,2024-01-28 00:00,2024-01-28 00:00,fresh produce,14.25
"Burns, Kendra","Farrell, Christopher",kendra.burns@abcfoodmart.com,2022-12-13,ABC Foodmart - Tribeca,2023-09-30 00:00,2023-09-30 00:00,customer service,14.18
"Love, Thomas","David, Mr.",thomas.love@abcfoodmart.com,2024-02-18,ABC Foodmart - Whitestone,2025-05-01 00:00,2025-05-01 00:00,floral,16.20
"Vasquez, Peter","Farrell, Christopher",peter.vasquez@abcfoodmart.com,2023-01-05,ABC Foodmart - Tribeca,2023-10-22 00:00,2023-10-22 00:00,dry goods,14.47
"Horton, Mark","Compton, Jeffrey",mark.horton@abcfoodmart.com,2023-02-14,ABC Foodmart - DUMBO,2023-09-30 00:00,2023-09-30 00:00,fresh produce,14.86
"Mckinney, Marcus","Williams, Gina",marcus.mckinney@abcfoodmart.com,2022-08-14,ABC Foodmart - Bay Ridge,2023-12-24 00:00,2023-12-24 00:00,cashier,15.21
"Dodson, Courtney","Williams, Gina",courtney.dodson@abcfoodmart.com,2023-01-10,ABC Foodmart - Whitestone,2024-02-22 00:00,2024-02-22 00:00,dry goods,14.26
"Day, Natasha","Carter, Karen",natasha.day@abcfoodmart.com,2023-08-02,ABC Foodmart - Bay Ridge,2024-03-19 00:00,2024-03-19 00:00,cashier,15.80
"Riley, Ashley","Williams, Gina",ashley.riley@abcfoodmart.com,2022-08-17,ABC Foodmart - Tribeca,2023-10-24 00:00,2023-10-24 00:00,dry goods,18.42
"Henderson, Nancy","Carter, Karen",nancy.henderson@abcfoodmart.com,2023-12-30,ABC Foodmart - Bay Ridge,2024-10-13 00:00,2024-10-13 00:00,pharmacy,13.03
"Jones, Evelyn","Cooper, Robert",evelyn.jones@abcfoodmart.com,2024-02-25,ABC Foodmart - Staten Island,2025-02-09 00:00,2025-02-09 00:00,customer service,19.14
"Spears, Erin","Williams, Gina",erin.spears@abcfoodmart.com,2023-07-30,ABC Foodmart - Staten Island,2024-11-12 00:00,2024-11-12 00:00,fresh produce,15.23
"Walters, Jay","Compton, Jeffrey",jay.walters@abcfoodmart.com,2023-12-17,ABC Foodmart - Staten Island,2025-05-09 00:00,2025-05-09 00:00,seafood,16.48
"White, Kenneth","Waller, Chad",kenneth.white@abcfoodmart.com,2023-01-22,ABC Foodmart - Bay Ridge,2024-09-16 00:00,2024-09-16 00:00,fresh produce,16.14
"Gardner, Laura","Flores, Angela",laura.gardner@abcfoodmart.com,2023-09-04,ABC Foodmart - Staten Island,2024-10-07 00:00,2024-10-07 00:00,dairy,13.55
"Jones, Michael","Waller, Chad",michael.jones@abcfoodmart.com,2023-01-19,ABC Foodmart - Whitestone,2023-11-30 00:00,2023-11-30 00:00,fresh produce,15.65
"Hayes, Brandon","Waller, Chad",brandon.hayes@abcfoodmart.com,2022-09-28,ABC Foodmart - Tribeca,2023-07-12 00:00,2023-07-12 00:00,pharmacy,13.33
"Golden, Laurie","Waller, Chad",laurie.golden@abcfoodmart.com,2023-12-23,ABC Foodmart - Bay Ridge,2024-09-16 00:00,2024-09-16 00:00,dry goods,18.14
"Hull, Shane","Hoffman, Tina",shane.hull@abcfoodmart.com,2024-01-09,ABC Foodmart - DUMBO,2025-04-05 00:00,2025-04-05 00:00,fresh produce,18.61
"Atkinson, Gary","Moran, John",gary.atkinson@abcfoodmart.com,2022-05-24,ABC Foodmart - DUMBO,2023-07-03 00:00,2023-07-03 00:00,dairy,15.87
"Burns, Kendra","Hoffman, Tina",kendra.burns@abcfoodmart.com,2022-12-13,ABC Foodmart - Whitestone,2023-10-05 00:00,2023-10-05 00:00,meats,14.27
"Jones, Evelyn","Compton, Jeffrey",evelyn.jones@abcfoodmart.com,2024-02-25,ABC Foodmart - Tribeca,2025-03-03 00:00,2025-03-03 00:00,frozen foods,16.27
"Eric, Mr.","Flores, Angela",mr..eric@abcfoodmart.com,2022-09-02,ABC Foodmart - DUMBO,2023-06-13 00:00,2023-06-13 00:00,dry goods,16.86
"Atkinson, Gary","Waller, Chad",gary.atkinson@abcfoodmart.com,2022-05-24,ABC Foodmart - Tribeca,2023-07-26 00:00,2023-07-26 00:00,dry goods,15.28
"Carroll, Eric","Moran, John",eric.carroll@abcfoodmart.com,2022-12-26,ABC Foodmart - Staten Island,2024-04-23 00:00,2024-04-23 00:00,floral,19.75
"Davis, Jennifer","Flores, Angela",jennifer.davis@abcfoodmart.com,2023-11-03,ABC Foodmart - Whitestone,2025-03-02 00:00,2025-03-02 00:00,fresh produce,14.25
"Sosa, David","David, Mr.",david.sosa@abcfoodmart.com,2023-07-27,ABC Foodmart - Staten Island,2024-09-13 00:00,2024-09-13 00:00,dry goods,14.54
"Roach, Christine","Ellis, Grant",christine.roach@abcfoodmart.com,2023-10-15,ABC Foodmart - DUMBO,2024-10-17 00:00,2024-10-17 00:00,fresh produce,18.06
"Brown, Lisa","Cooper, Robert",lisa.brown@abcfoodmart.com,2022-08-18,ABC Foodmart - Staten Island,2023-09-20 00:00,2023-09-20 00:00,meats,16.01
"Kramer, Veronica","Farrell, Christopher",veronica.kramer@abcfoodmart.com,2023-03-28,ABC Foodmart - Bay Ridge,2024-06-05 00:00,2024-06-05 00:00,meats,13.59
"Carroll, Eric","Cooper, Robert",eric.carroll@abcfoodmart.com,2022-12-26,ABC Foodmart - Tribeca,2024-05-11 00:00,2024-05-11 00:00,bakery,17.04
"Colon, Lindsey","Carter, Karen",lindsey.colon@abcfoodmart.com,2023-02-16,ABC Foodmart - Bay Ridge,2024-05-10 00:00,2024-05-10 00:00,cashier,13.05
"Bennett, Alec","Compton, Jeffrey",alec.bennett@abcfoodmart.com,2023-10-03,ABC Foodmart - Tribeca,2024-06-13 00:00,2024-06-13 00:00,bakery,19.33
"Thompson, Andrea","Compton, Jeffrey",andrea.thompson@abcfoodmart.com,2023-01-06,ABC Foodmart - Tribeca,2024-02-13 00:00,2024-02-13 00:00,cashier,18.06
"Brown, Lisa","Carter, Karen",lisa.brown@abcfoodmart.com,2022-08-18,ABC Foodmart - Bay Ridge,2023-09-21 00:00,2023-09-21 00:00,fresh produce,13.71
"Smith, Brandy","Flores, Angela",brandy.smith@abcfoodmart.com,2023-12-26,ABC Foodmart - Staten Island,2025-04-14 00:00,2025-04-14 00:00,floral,14.75
"Randolph, Emily","Johnston, William",emily.randolph@abcfoodmart.com,2023-03-09,ABC Foodmart - DUMBO,2024-02-17 00:00,2024-02-17 00:00,bakery,15.18
"Meyer, James","Ellis, Grant",james.meyer@abcfoodmart.com,2022-05-02,ABC Foodmart - Bay Ridge,2023-11-04 00:00,2023-11-04 00:00,deli,17.16
"Jordan, Carla","Cooper, Robert",carla.jordan@abcfoodmart.com,2023-12-17,ABC Foodmart - Bay Ridge,2024-09-17 00:00,2024-09-17 00:00,meats,12.20
"Bryan, Mr.","Flores, Angela",mr..bryan@abcfoodmart.com,2023-08-26,ABC Foodmart - Staten Island,2024-10-31 00:00,2024-10-31 00:00,deli,12.23
"Martin, Monica","David, Mr.",monica.martin@abcfoodmart.com,2023-11-23,ABC Foodmart - Bay Ridge,2025-04-07 00:00,2025-04-07 00:00,meats,16.73
"Wood, Joshua","Compton, Jeffrey",joshua.wood@abcfoodmart.com,2022-11-26,ABC Foodmart - Tribeca,2024-02-17 00:00,2024-02-17 00:00,cashier,12.49
"Wood, Joshua","David, Mr.",joshua.wood@abcfoodmart.com,2022-11-26,ABC Foodmart - Tribeca,2024-02-22 00:00,2024-02-22 00:00,bakery,19.72
"Glover, Michelle","Johnston, William",michelle.glover@abcfoodmart.com,2022-08-25,ABC Foodmart - DUMBO,2023-11-17 00:00,2023-11-17 00:00,deli,16.61
"Vasquez, Peter","Johnston, William",peter.vasquez@abcfoodmart.com,2023-01-05,ABC Foodmart - Whitestone,2023-10-30 00:00,2023-10-30 00:00,dry goods,19.29
"Martin, Monica","Flores, Angela",monica.martin@abcfoodmart.com,2023-11-23,ABC Foodmart - Staten Island,2025-04-25 00:00,2025-04-25 00:00,floral,18.51
"Chen, Kathleen","Williams, Gina",kathleen.chen@abcfoodmart.com,2024-02-03,ABC Foodmart - Bay Ridge,2024-11-12 00:00,2024-11-12 00:00,meats,13.26
"Wells, Monica","Hoffman, Tina",monica.wells@abcfoodmart.com,2024-03-12,ABC Foodmart - Bay Ridge,2025-01-04 00:00,2025-01-04 00:00,dry goods,18.83
"Gardner, Laura","Waller, Chad",laura.gardner@abcfoodmart.com,2023-09-04,ABC Foodmart - Tribeca,2024-10-14 00:00,2024-10-14 00:00,seafood,19.08
"Gardner, Laura","Moran, John",laura.gardner@abcfoodmart.com,2023-09-04,ABC Foodmart - Bay Ridge,2024-11-12 00:00,2024-11-12 00:00,customer service,15.65
"Sosa, David","Ellis, Grant",david.sosa@abcfoodmart.com,2023-07-27,ABC Foodmart - DUMBO,2024-09-29 00:00,2024-09-29 00:00,meats,14.11
"Sean, Mr.","Carter, Karen",mr..sean@abcfoodmart.com,2023-03-25,ABC Foodmart - Tribeca,2024-01-28 00:00,2024-01-28 00:00,frozen foods,16.51
"Wood, Joshua","Moran, John",joshua.wood@abcfoodmart.com,2022-11-26,ABC Foodmart - Tribeca,2024-03-14 00:00,2024-03-14 00:00,fresh produce,16.81
"Galvan, Lori","Flores, Angela",lori.galvan@abcfoodmart.com,2022-05-24,ABC Foodmart - Staten Island,2023-04-22 00:00,2023-04-22 00:00,deli,18.67
"Bennett, Alec","David, Mr.",alec.bennett@abcfoodmart.com,2023-10-03,ABC Foodmart - Bay Ridge,2024-06-19 00:00,2024-06-19 00:00,fresh produce,19.77
"Sean, Mr.","Waller, Chad",mr..sean@abcfoodmart.com,2023-03-25,ABC Foodmart - Whitestone,2024-02-19 00:00,2024-02-19 00:00,dry goods,13.48
"Tate, Harry","Johnston, William",harry.tate@abcfoodmart.com,2022-09-18,ABC Foodmart - DUMBO,2023-10-22 00:00,2023-10-22 00:00,dry goods,17.29
"Myers, Gary","David, Mr.",gary.myers@abcfoodmart.com,2023-10-13,ABC Foodmart - Whitestone,2024-07-06 00:00,2024-07-06 00:00,bakery,18.93
"Campbell, Bethany","Hoffman, Tina",bethany.campbell@abcfoodmart.com,2023-10-07,ABC Foodmart - Staten Island,2024-08-18 00:00,2024-08-18 00:00,pharmacy,14.58
"Jacobs, Brenda","David, Mr.",brenda.jacobs@abcfoodmart.com,2024-02-09,ABC Foodmart - DUMBO,2025-01-19 00:00,2025-01-19 00:00,dairy,16.62
"Roach, Christine","Compton, Jeffrey",christine.roach@abcfoodmart.com,2023-10-15,ABC Foodmart - DUMBO,2024-10-19 00:00,2024-10-19 00:00,cashier,12.76
"Hayes, Brandon","Carter, Karen",brandon.hayes@abcfoodmart.com,2022-09-28,ABC Foodmart - Tribeca,2023-07-30 00:00,2023-07-30 00:00,dairy,17.42
"Burns, Kendra","Williams, Gina",kendra.burns@abcfoodmart.com,2022-12-13,ABC Foodmart - DUMBO,2023-10-25 00:00,2023-10-25 00:00,fresh produce,18.22
"Werner, Kara","Hoffman, Tina",kara.werner@abcfoodmart.com,2023-10-12,ABC Foodmart - Tribeca,2024-12-01 00:00,2024-12-01 00:00,customer service,19.92
"Colon, Lindsey","Johnston, William",lindsey.colon@abcfoodmart.com,2023-02-16,ABC Foodmart - DUMBO,2024-05-11 00:00,2024-05-11 00:00,dry goods,15.21
"Owens, Jeffrey","Hoffman, Tina",jeffrey.owens@abcfoodmart.com,2022-05-03,ABC Foodmart - Whitestone,2023-02-27 00:00,2023-02-27 00:00,dairy,19.10
"Warren, Timothy","Carter, Karen",timothy.warren@abcfoodmart.com,2022-12-27,ABC Foodmart - Whitestone,2024-06-23 00:00,2024-06-23 00:00,customer service,16.88
"Martin, Monica","Moran, John",monica.martin@abcfoodmart.com,2023-11-23,ABC Foodmart - Staten Island,2025-05-02 00:00,2025-05-02 00:00,bakery,14.01
"Payne, Samantha","Ellis, Grant",samantha.payne@abcfoodmart.com,2024-04-06,ABC Foodmart - Tribeca,2025-05-09 00:00,2025-05-09 00:00,pharmacy,17.69
"White, Kenneth","Farrell, Christopher",kenneth.white@abcfoodmart.com,2023-01-22,ABC Foodmart - Tribeca,2024-10-13 00:00,2024-10-13 00:00,fresh produce,13.98
"Durham, Denise","Farrell, Christopher",denise.durham@abcfoodmart.com,2022-10-24,ABC Foodmart - Bay Ridge,2023-12-21 00:00,2023-12-21 00:00,fresh produce,14.97
"Kerr, Jason","Compton, Jeffrey",jason.kerr@abcfoodmart.com,2022-11-21,ABC Foodmart - Whitestone,2023-11-28 00:00,2023-11-28 00:00,customer service,16.08
"Garcia, Sarah","David, Mr.",sarah.garcia@abcfoodmart.com,2022-12-14,ABC Foodmart - Bay Ridge,2024-01-27 00:00,2024-01-27 00:00,bakery,15.14
"Brooks, Renee","Hoffman, Tina",renee.brooks@abcfoodmart.com,2023-07-15,ABC Foodmart - Bay Ridge,2024-08-19 00:00,2024-08-19 00:00,frozen foods,15.39
"Brown, Lisa","Farrell, Christopher",lisa.brown@abcfoodmart.com,2022-08-18,ABC Foodmart - Staten Island,2023-10-10 00:00,2023-10-10 00:00,pharmacy,13.67
"Hughes, Christopher","Waller, Chad",christopher.hughes@abcfoodmart.com,2022-09-01,ABC Foodmart - Bay Ridge,2023-10-10 00:00,2023-10-10 00:00,cashier,15.72
"Burns, Kendra","Moran, John",kendra.burns@abcfoodmart.com,2022-12-13,ABC Foodmart - DUMBO,2023-11-13 00:00,2023-11-13 00:00,dairy,16.96
"Long, Kirsten","David, Mr.",kirsten.long@abcfoodmart.com,2024-02-24,ABC Foodmart - Whitestone,2025-02-20 00:00,2025-02-20 00:00,seafood,17.18
"Jessica, Ms.","Williams, Gina",ms..jessica@abcfoodmart.com,2022-06-10,ABC Foodmart - Whitestone,2023-03-19 00:00,2023-03-19 00:00,floral,12.98
"Randolph, Emily","Waller, Chad",emily.randolph@abcfoodmart.com,2023-03-09,ABC Foodmart - Tribeca,2024-03-06 00:00,2024-03-06 00:00,meats,15.21
"Moore, Jason","Johnston, William",jason.moore@abcfoodmart.com,2023-07-11,ABC Foodmart - DUMBO,2024-05-19 00:00,2024-05-19 00:00,floral,12.48
"Manning, Maria","Flores, Angela",maria.manning@abcfoodmart.com,2022-11-16,ABC Foodmart - Whitestone,2024-01-01 00:00,2024-01-01 00:00,frozen foods,24.69
"Gross, Andrew","David, Mr.",andrew.gross@abcfoodmart.com,2022-04-30,ABC Foodmart - Bay Ridge,2023-03-29 00:00,2023-03-29 00:00,floral,13.62
"Wood, Joshua","Moran, John",joshua.wood@abcfoodmart.com,2022-11-26,ABC Foodmart - Tribeca,2024-03-29 00:00,2024-03-29 00:00,floral,17.79
"Kramer, Veronica","Farrell, Christopher",veronica.kramer@abcfoodmart.com,2023-03-28,ABC Foodmart - DUMBO,2024-06-20 00:00,2024-06-20 00:00,customer service,13.86
"Wells, Monica","Hoffman, Tina",monica.wells@abcfoodmart.com,2024-03-12,ABC Foodmart - Bay Ridge,2025-01-16 00:00,2025-01-16 00:00,dairy,14.64
"Wood, Joshua","David, Mr.",joshua.wood@abcfoodmart.com,2022-11-26,ABC Foodmart - DUMBO,2024-04-03 00:00,2024-04-03 00:00,cashier,19.30
"Jessica, Ms.","Ellis, Grant",ms..jessica@abcfoodmart.com,2022-06-10,ABC Foodmart - Bay Ridge,2023-04-10 00:00,2023-04-10 00:00,customer service,19.84
"Campbell, Bethany","Ellis, Grant",bethany.campbell@abcfoodmart.com,2023-10-07,ABC Foodmart - Whitestone,2024-08-27 00:00,2024-08-27 00:00,meats,14.74
"Campbell, Brittany","Johnston, William",brittany.campbell@abcfoodmart.com,2023-03-25,ABC Foodmart - Bay Ridge,2024-01-28 00:00,2024-01-28 00:00,bakery,17.42
"Jacobs, Brenda","Waller, Chad",brenda.jacobs@abcfoodmart.com,2024-02-09,ABC Foodmart - Bay Ridge,2025-02-06 00:00,2025-02-06 00:00,meats,14.92
"Warren, Timothy","Compton, Jeffrey",timothy.warren@abcfoodmart.com,2022-12-27,ABC Foodmart - Bay Ridge,2024-07-14 00:00,2024-07-14 00:00,customer service,17.31
"Campbell, Brittany","Williams, Gina",brittany.campbell@abcfoodmart.com,2023-03-25,ABC Foodmart - Bay Ridge,2024-02-03 00:00,2024-02-03 00:00,frozen foods,13.22
"Tate, Harry","Ellis, Grant",harry.tate@abcfoodmart.com,2022-09-18,ABC Foodmart - Tribeca,2023-11-15 00:00,2023-11-15 00:00,pharmacy,18.40
"Moon, James","Ellis, Grant",james.moon@abcfoodmart.com,2023-10-20,ABC Foodmart - Bay Ridge,2024-08-21 00:00,2024-08-21 00:00,fresh produce,14.13
"Woods, Marcus","Johnston, William",marcus.woods@abcfoodmart.com,2024-04-01,ABC Foodmart - Staten Island,2024-11-29 00:00,2024-11-29 00:00,frozen foods,14.22
"Day, Natasha","Carter, Karen",natasha.day@abcfoodmart.com,2023-08-02,ABC Foodmart - DUMBO,2024-04-17 00:00,2024-04-17 00:00,bakery,19.53
"Jones, Michael","Williams, Gina",michael.jones@abcfoodmart.com,2023-01-19,ABC Foodmart - Staten Island,2023-12-02 00:00,2023-12-02 00:00,meats,15.52
"Jackson, Michael","Johnston, William",michael.jackson@abcfoodmart.com,2022-10-31,ABC Foodmart - Whitestone,2023-09-23 00:00,2023-09-23 00:00,cashier,17.20
"Campbell, Brittany","Cooper, Robert",brittany.campbell@abcfoodmart.com,2023-03-25,ABC Foodmart - Bay Ridge,2024-02-05 00:00,2024-02-05 00:00,seafood,14.67
"Nguyen, Richard","Williams, Gina",richard.nguyen@abcfoodmart.com,2022-09-27,ABC Foodmart - Whitestone,2023-11-22 00:00,2023-11-22 00:00,fresh produce,16.91
"Carroll, Eric","Waller, Chad",eric.carroll@abcfoodmart.com,2022-12-26,ABC Foodmart - Staten Island,2024-05-28 00:00,2024-05-28 00:00,dairy,18.18
"Jacobs, Brenda","Moran, John",brenda.jacobs@abcfoodmart.com,2024-02-09,ABC Foodmart - DUMBO,2025-02-08 00:00,2025-02-08 00:00,dry goods,18.90
"Love, Thomas","Farrell, Christopher",thomas.love@abcfoodmart.com,2024-02-18,ABC Foodmart - Tribeca,2025-05-12 00:00,2025-05-12 00:00,customer service,12.83
"Meyer, James","Ellis, Grant",james.meyer@abcfoodmart.com,2022-05-02,ABC Foodmart - DUMBO,2023-11-05 00:00,2023-11-05 00:00,cashier,13.94
"Riley, Ashley","Moran, John",ashley.riley@abcfoodmart.com,2022-08-17,ABC Foodmart - Whitestone,2023-11-12 00:00,2023-11-12 00:00,cashier,15.79
"Carroll, Eric","Compton, Jeffrey",eric.carroll@abcfoodmart.com,2022-12-26,ABC Foodmart - Bay Ridge,2024-06-16 00:00,2024-06-16 00:00,floral,16.52
"Riley, Ashley","Johnston, William",ashley.riley@abcfoodmart.com,2022-08-17,ABC Foodmart - Bay Ridge,2023-11-19 00:00,2023-11-19 00:00,cashier,14.00
"Williams, Michael","Farrell, Christopher",michael.williams@abcfoodmart.com,2023-06-11,ABC Foodmart - Bay Ridge,2024-06-15 00:00,2024-06-15 00:00,meats,12.12
"Foster, Jennifer","Johnston, William",jennifer.foster@abcfoodmart.com,2023-06-15,ABC Foodmart - Bay Ridge,2024-10-13 00:00,2024-10-13 00:00,bakery,15.59
"Jones, Christopher","David, Mr.",christopher.jones@abcfoodmart.com,2022-05-19,ABC Foodmart - Staten Island,2023-07-27 00:00,2023-07-27 00:00,fresh produce,15.03
"Mckinney, Marcus","Williams, Gina",marcus.mckinney@abcfoodmart.com,2022-08-14,ABC Foodmart - Staten Island,2024-01-13 00:00,2024-01-13 00:00,customer service,18.41
"Foster, Jennifer","Williams, Gina",jennifer.foster@abcfoodmart.com,2023-06-15,ABC Foodmart - Tribeca,2024-10-29 00:00,2024-10-29 00:00,frozen foods,13.42
"Werner, Kara","Johnston, William",kara.werner@abcfoodmart.com,2023-10-12,ABC Foodmart - Staten Island,2024-12-30 00:00,2024-12-30 00:00,meats,17.20
"Riley, Ashley","Cooper, Robert",ashley.riley@abcfoodmart.com,2022-08-17,ABC Foodmart - DUMBO,2023-12-08 00:00,2023-12-08 00:00,dry goods,18.64
"Church, Joshua","Waller, Chad",joshua.church@abcfoodmart.com,2024-03-03,ABC Foodmart - Tribeca,2025-05-26 00:00,2025-05-26 00:00,bakery,17.66
"Love, Thomas","Waller, Chad",thomas.love@abcfoodmart.com,2024-02-18,ABC Foodmart - Bay Ridge,2025-05-27 00:00,2025-05-27 00:00,dairy,19.52
"Brooks, Renee","Compton, Jeffrey",renee.brooks@abcfoodmart.com,2023-07-15,ABC Foodmart - Staten Island,2024-08-20 00:00,2024-08-20 00:00,bakery,18.85
"Wells, Monica","Cooper, Robert",monica.wells@abcfoodmart.com,2024-03-12,ABC Foodmart - Bay Ridge,2025-02-13 00:00,2025-02-13 00:00,bakery,18.36
"Davis, Jennifer","Johnston, William",jennifer.davis@abcfoodmart.com,2023-11-03,ABC Foodmart - Bay Ridge,2025-03-05 00:00,2025-03-05 00:00,cashier,14.72
"Sosa, David","Cooper, Robert",david.sosa@abcfoodmart.com,2023-07-27,ABC Foodmart - Staten Island,2024-10-17 00:00,2024-10-17 00:00,customer service,19.74
"Jessica, Ms.","Carter, Karen",ms..jessica@abcfoodmart.com,2022-06-10,ABC Foodmart - Staten Island,2023-04-17 00:00,2023-04-17 00:00,customer service,16.72
"Chen, Kathleen","Compton, Jeffrey",kathleen.chen@abcfoodmart.com,2024-02-03,ABC Foodmart - DUMBO,2024-11-26 00:00,2024-11-26 00:00,bakery,15.82
"Foster, Jennifer","Compton, Jeffrey",jennifer.foster@abcfoodmart.com,2023-06-15,ABC Foodmart - Staten Island,2024-11-01 00:00,2024-11-01 00:00,cashier,12.51
"Colon, Lindsey","David, Mr.",lindsey.colon@abcfoodmart.com,2023-02-16,ABC Foodmart - DUMBO,2024-06-02 00:00,2024-06-02 00:00,frozen foods,15.38
"Thompson, Andrea","Flores, Angela",andrea.thompson@abcfoodmart.com,2023-01-06,ABC Foodmart - DUMBO,2024-02-17 00:00,2024-02-17 00:00,seafood,17.90
"Pena, Johnathan","David, Mr.",johnathan.pena@abcfoodmart.com,2023-02-22,ABC Foodmart - Whitestone,2024-01-22 00:00,2024-01-22 00:00,seafood,16.22
"Durham, Denise","Waller, Chad",denise.durham@abcfoodmart.com,2022-10-24,ABC Foodmart - DUMBO,2023-12-23 00:00,2023-12-23 00:00,seafood,20.00
"Smith, Brandy","Compton, Jeffrey",brandy.smith@abcfoodmart.com,2023-12-26,ABC Foodmart - Staten Island,2025-04-30 00:00,2025-04-30 00:00,seafood,15.57
"Gonzalez, Michele","Williams, Gina",michele.gonzalez@abcfoodmart.com,2023-09-23,ABC Foodmart - DUMBO,2024-07-24 00:00,2024-07-24 00:00,frozen foods,19.96
"Nichols, Brandon","Moran, John",brandon.nichols@abcfoodmart.com,2024-02-28,ABC Foodmart - Bay Ridge,2025-04-21 00:00,2025-04-21 00:00,bakery,17.90
"Alvarez, Brenda","Williams, Gina",brenda.alvarez@abcfoodmart.com,2023-11-16,ABC Foodmart - Bay Ridge,2025-01-04 00:00,2025-01-04 00:00,floral,17.39
"Dodson, Courtney","Moran, John",courtney.dodson@abcfoodmart.com,2023-01-10,ABC Foodmart - Whitestone,2024-03-04 00:00,2024-03-04 00:00,dry goods,12.33
"Horton, Ashley","Hoffman, Tina",ashley.horton@abcfoodmart.com,2024-01-24,ABC Foodmart - Tribeca,2025-03-02 00:00,2025-03-02 00:00,bakery,14.85
"Colon, Lindsey","Ellis, Grant",lindsey.colon@abcfoodmart.com,2023-02-16,ABC Foodmart - Bay Ridge,2024-06-09 00:00,2024-06-09 00:00,fresh produce,17.32
"Nguyen, Richard","Moran, John",richard.nguyen@abcfoodmart.com,2022-09-27,ABC Foodmart - Staten Island,2023-12-03 00:00,2023-12-03 00:00,fresh produce,19.55
"Martin, Monica","Johnston, William",monica.martin@abcfoodmart.com,2023-11-23,ABC Foodmart - Staten Island,2025-05-21 00:00,2025-05-21 00:00,fresh produce,19.31
"Werner, Kara","Carter, Karen",kara.werner@abcfoodmart.com,2023-10-12,ABC Foodmart - Staten Island,2025-01-18 00:00,2025-01-18 00:00,bakery,15.58
"Sean, Mr.","Williams, Gina",mr..sean@abcfoodmart.com,2023-03-25,ABC Foodmart - Staten Island,2024-03-11 00:00,2024-03-11 00:00,cashier,13.92
"Manning, Maria","Hoffman, Tina",maria.manning@abcfoodmart.com,2022-11-16,ABC Foodmart - Staten Island,2024-01-18 00:00,2024-01-18 00:00,deli,19.23
"Warren, Timothy","Flores, Angela",timothy.warren@abcfoodmart.com,2022-12-27,ABC Foodmart - Whitestone,2024-07-15 00:00,2024-07-15 00:00,dairy,12.58
"Day, Natasha","Flores, Angela",natasha.day@abcfoodmart.com,2023-08-02,ABC Foodmart - Whitestone,2024-05-01 00:00,2024-05-01 00:00,customer service,16.65
"Gonzalez, Michele","Carter, Karen",michele.gonzalez@abcfoodmart.com,2023-09-23,ABC Foodmart - Bay Ridge,2024-08-08 00:00,2024-08-08 00:00,floral,15.33
"Jones, Christopher","David, Mr.",christopher.jones@abcfoodmart.com,2022-05-19,ABC Foodmart - Tribeca,2023-08-14 00:00,2023-08-14 00:00,fresh produce,16.54
"Johnson, Samantha","Cooper, Robert",samantha.johnson@abcfoodmart.com,2023-01-16,ABC Foodmart - Whitestone,2024-05-21 00:00,2024-05-21 00:00,pharmacy,15.81
"Wood, Joshua","Hoffman, Tina",joshua.wood@abcfoodmart.com,2022-11-26,ABC Foodmart - DUMBO,2024-04-23 00:00,2024-04-23 00:00,cashier,14.13
"Wood, Joshua","Williams, Gina",joshua.wood@abcfoodmart.com,2022-11-26,ABC Foodmart - Staten Island,2024-05-04 00:00,2024-05-04 00:00,seafood,12.46
"Walters, Jay","Farrell, Christopher",jay.walters@abcfoodmart.com,2023-12-17,ABC Foodmart - Whitestone,2025-06-05 00:00,2025-06-05 00:00,customer service,15.35
"Glover, Michelle","Waller, Chad",michelle.glover@abcfoodmart.com,2022-08-25,ABC Foodmart - Tribeca,2023-12-09 00:00,2023-12-09 00:00,meats,16.11
"Smith, Brandy","Cooper, Robert",brandy.smith@abcfoodmart.com,2023-12-26,ABC Foodmart - Whitestone,2025-05-07 00:00,2025-05-07 00:00,dairy,18.03
"Thompson, Andrea","Ellis, Grant",andrea.thompson@abcfoodmart.com,2023-01-06,ABC Foodmart - Staten Island,2024-03-02 00:00,2024-03-02 00:00,dry goods,19.63
"Gonzalez, Michele","Ellis, Grant",michele.gonzalez@abcfoodmart.com,2023-09-23,ABC Foodmart - Whitestone,2024-08-12 00:00,2024-08-12 00:00,dry goods,13.42
"Colon, Lindsey","David, Mr.",lindsey.colon@abcfoodmart.com,2023-02-16,ABC Foodmart - Tribeca,2024-07-02 00:00,2024-07-02 00:00,fresh produce,18.77
"Woods, Marcus","Compton, Jeffrey",marcus.woods@abcfoodmart.com,2024-04-01,ABC Foodmart - Whitestone,2024-12-08 00:00,2024-12-08 00:00,dairy,15.60
"Myers, Gary","Hoffman, Tina",gary.myers@abcfoodmart.com,2023-10-13,ABC Foodmart - Tribeca,2024-07-15 00:00,2024-07-15 00:00,floral,19.95
"Rogers, Mark","Cooper, Robert",mark.rogers@abcfoodmart.com,2023-05-08,ABC Foodmart - DUMBO,2024-03-02 00:00,2024-03-02 00:00,cashier,16.61
"Werner, Kara","Compton, Jeffrey",kara.werner@abcfoodmart.com,2023-10-12,ABC Foodmart - Tribeca,2025-01-25 00:00,2025-01-25 00:00,meats,15.70
"Moon, James","Williams, Gina",james.moon@abcfoodmart.com,2023-10-20,ABC Foodmart - Tribeca,2024-08-26 00:00,2024-08-26 00:00,dairy,18.23
"Jessica, Ms.","Moran, John",ms..jessica@abcfoodmart.com,2022-06-10,ABC Foodmart - Whitestone,2023-04-22 00:00,2023-04-22 00:00,customer service,18.39
"Jones, Christopher","Flores, Angela",christopher.jones@abcfoodmart.com,2022-05-19,ABC Foodmart - Whitestone,2023-08-18 00:00,2023-08-18 00:00,fresh produce,19.85
"Long, Kirsten","Williams, Gina",kirsten.long@abcfoodmart.com,2024-02-24,ABC Foodmart - Staten Island,2025-03-11 00:00,2025-03-11 00:00,cashier,18.06
"Riley, Ashley","Ellis, Grant",ashley.riley@abcfoodmart.com,2022-08-17,ABC Foodmart - Bay Ridge,2023-12-11 00:00,2023-12-11 00:00,pharmacy,13.61
"Mckenzie, William","Compton, Jeffrey",william.mckenzie@abcfoodmart.com,2023-01-04,ABC Foodmart - DUMBO,2023-12-15 00:00,2023-12-15 00:00,pharmacy,16.16
"Thompson, Matthew","Ellis, Grant",matthew.thompson@abcfoodmart.com,2022-04-22,ABC Foodmart - Staten Island,2023-01-27 00:00,2023-01-27 00:00,pharmacy,12.53
"Herrera, Spencer","Ellis, Grant",spencer.herrera@abcfoodmart.com,2023-01-16,ABC Foodmart - Staten Island,2023-10-12 00:00,2023-10-12 00:00,bakery,19.27
"Sean, Mr.","Hoffman, Tina",mr..sean@abcfoodmart.com,2023-03-25,ABC Foodmart - Staten Island,2024-03-14 00:00,2024-03-14 00:00,meats,15.38
"Jackson, Michael","Williams, Gina",michael.jackson@abcfoodmart.com,2022-10-31,ABC Foodmart - Bay Ridge,2023-10-07 00:00,2023-10-07 00:00,frozen foods,17.18
"Rogers, Mark","Flores, Angela",mark.rogers@abcfoodmart.com,2023-05-08,ABC Foodmart - Whitestone,2024-03-28 00:00,2024-03-28 00:00,meats,18.21
"Chambers, Jeffrey","Compton, Jeffrey",jeffrey.chambers@abcfoodmart.com,2022-09-29,ABC Foodmart - DUMBO,2023-08-08 00:00,2023-08-08 00:00,bakery,14.46
"Moore, Jason","Hoffman, Tina",jason.moore@abcfoodmart.com,2023-07-11,ABC Foodmart - Bay Ridge,2024-06-13 00:00,2024-06-13 00:00,dry goods,14.74
"Werner, Kara","Flores, Angela",kara.werner@abcfoodmart.com,2023-10-12,ABC Foodmart - Staten Island,2025-02-17 00:00,2025-02-17 00:00,seafood,13.26
"Wood, Joshua","David, Mr.",joshua.wood@abcfoodmart.com,2022-11-26,ABC Foodmart - Tribeca,2024-05-26 00:00,2024-05-26 00:00,cashier,19.70
"Atkinson, Gary","Johnston, William",gary.atkinson@abcfoodmart.com,2022-05-24,ABC Foodmart - Bay Ridge,2023-08-23 00:00,2023-08-23 00:00,deli,18.72
"Myers, Gary","Compton, Jeffrey",gary.myers@abcfoodmart.com,2023-10-13,ABC Foodmart - Bay Ridge,2024-08-04 00:00,2024-08-04 00:00,customer service,13.72
"Hayes, Brandon","Cooper, Robert",brandon.hayes@abcfoodmart.com,2022-09-28,ABC Foodmart - DUMBO,2023-08-18 00:00,2023-08-18 00:00,seafood,18.28
"Moon, James","Johnston, William",james.moon@abcfoodmart.com,2023-10-20,ABC Foodmart - Whitestone,2024-09-14 00:00,2024-09-14 00:00,pharmacy,14.74
"Jones, Evelyn","Hoffman, Tina",evelyn.jones@abcfoodmart.com,2024-02-25,ABC Foodmart - Whitestone,2025-03-11 00:00,2025-03-11 00:00,dry goods,16.17
"Dodson, Courtney","Williams, Gina",courtney.dodson@abcfoodmart.com,2023-01-10,ABC Foodmart - Tribeca,2024-03-25 00:00,2024-03-25 00:00,seafood,14.25
"Waters, Julie","Carter, Karen",julie.waters@abcfoodmart.com,2023-05-20,ABC Foodmart - DUMBO,2024-05-27 00:00,2024-05-27 00:00,customer service,15.78
"Jessica, Ms.","David, Mr.",ms..jessica@abcfoodmart.com,2022-06-10,ABC Foodmart - Staten Island,2023-05-02 00:00,2023-05-02 00:00,dry goods,13.65
"White, Kenneth","Moran, John",kenneth.white@abcfoodmart.com,2023-01-22,ABC Foodmart - Bay Ridge,2024-11-10 00:00,2024-11-10 00:00,pharmacy,14.51
"Alvarez, Brenda","Williams, Gina",brenda.alvarez@abcfoodmart.com,2023-11-16,ABC Foodmart - Staten Island,2025-01-07 00:00,2025-01-07 00:00,floral,14.02
"Martin, Monica","Compton, Jeffrey",monica.martin@abcfoodmart.com,2023-11-23,ABC Foodmart - Bay Ridge,2025-05-27 00:00,2025-05-27 00:00,dry goods,19.28
"Day, Natasha","Cooper, Robert",natasha.day@abcfoodmart.com,2023-08-02,ABC Foodmart - DUMBO,2024-05-24 00:00,2024-05-24 00:00,seafood,13.17
"Werner, Kara","Moran, John",kara.werner@abcfoodmart.com,2023-10-12,ABC Foodmart - Staten Island,2025-03-01 00:00,2025-03-01 00:00,deli,18.67
"Williams, Michael","Ellis, Grant",michael.williams@abcfoodmart.com,2023-06-11,ABC Foodmart - Staten Island,2024-07-01 00:00,2024-07-01 00:00,seafood,14.66
"Jackson, Michael","Carter, Karen",michael.jackson@abcfoodmart.com,2022-10-31,ABC Foodmart - Bay Ridge,2023-11-04 00:00,2023-11-04 00:00,fresh produce,13.66
"Wells, Monica","Farrell, Christopher",monica.wells@abcfoodmart.com,2024-03-12,ABC Foodmart - Whitestone,2025-02-15 00:00,2025-02-15 00:00,meats,19.27
"Hughes, Christopher","Compton, Jeffrey",christopher.hughes@abcfoodmart.com,2022-09-01,ABC Foodmart - Whitestone,2023-10-17 00:00,2023-10-17 00:00,seafood,13.20
"Roach, Christine","Flores, Angela",christine.roach@abcfoodmart.com,2023-10-15,ABC Foodmart - DUMBO,2024-10-29 00:00,2024-10-29 00:00,bakery,19.81
"Davis, Jennifer","Williams, Gina",jennifer.davis@abcfoodmart.com,2023-11-03,ABC Foodmart - Bay Ridge,2025-03-20 00:00,2025-03-20 00:00,customer service,15.65
"Jackson, Gary","Ellis, Grant",gary.jackson@abcfoodmart.com,2022-09-08,ABC Foodmart - DUMBO,2023-06-07 00:00,2023-06-07 00:00,bakery,19.90
"Manning, Maria","Flores, Angela",maria.manning@abcfoodmart.com,2022-11-16,ABC Foodmart - Bay Ridge,2024-01-19 00:00,2024-01-19 00:00,fresh produce,12.10
"Horton, Ashley","Flores, Angela",ashley.horton@abcfoodmart.com,2024-01-24,ABC Foodmart - Tribeca,2025-03-23 00:00,2025-03-23 00:00,pharmacy,18.06
"Walters, Jay","Williams, Gina",jay.walters@abcfoodmart.com,2023-12-17,ABC Foodmart - Bay Ridge,2025-07-03 00:00,2025-07-03 00:00,customer service,15.96
"Horton, Mark","Carter, Karen",mark.horton@abcfoodmart.com,2023-02-14,ABC Foodmart - DUMBO,2023-10-06 00:00,2023-10-06 00:00,deli,15.72
"Blanchard, Ricky","Johnston, William",ricky.blanchard@abcfoodmart.com,2023-05-23,ABC Foodmart - Whitestone,2024-05-28 00:00,2024-05-28 00:00,frozen foods,13.70
"Hernandez, Michael","Farrell, Christopher",michael.hernandez@abcfoodmart.com,2022-05-24,ABC Foodmart - Tribeca,2024-01-22 00:00,2024-01-22 00:00,bakery,12.22
"Eric, Mr.","Johnston, William",mr..eric@abcfoodmart.com,2022-09-02,ABC Foodmart - Tribeca,2023-06-15 00:00,2023-06-15 00:00,deli,14.33
"Galvan, Lori","Compton, Jeffrey",lori.galvan@abcfoodmart.com,2022-05-24,ABC Foodmart - DUMBO,2023-04-28 00:00,2023-04-28 00:00,deli,15.10
"Campbell, Brittany","Ellis, Grant",brittany.campbell@abcfoodmart.com,2023-03-25,ABC Foodmart - Whitestone,2024-02-12 00:00,2024-02-12 00:00,deli,15.27
"Walters, Jay","Williams, Gina",jay.walters@abcfoodmart.com,2023-12-17,ABC Foodmart - Tribeca,2025-07-17 00:00,2025-07-17 00:00,seafood,15.03
"Dodson, Courtney","Williams, Gina",courtney.dodson@abcfoodmart.com,2023-01-10,ABC Foodmart - DUMBO,2024-04-13 00:00,2024-04-13 00:00,meats,12.80
"Kerr, Jason","Hoffman, Tina",jason.kerr@abcfoodmart.com,2022-11-21,ABC Foodmart - Staten Island,2023-12-25 00:00,2023-12-25 00:00,cashier,23.07
"Burns, Kendra","Moran, John",kendra.burns@abcfoodmart.com,2022-12-13,ABC Foodmart - Staten Island,2023-12-08 00:00,2023-12-08 00:00,seafood,15.15
"Conrad, Frederick","Ellis, Grant",frederick.conrad@abcfoodmart.com,2023-11-24,ABC Foodmart - Tribeca,2025-04-20 00:00,2025-04-20 00:00,bakery,12.23
"Thompson, Matthew","David, Mr.",matthew.thompson@abcfoodmart.com,2022-04-22,ABC Foodmart - Tribeca,2023-01-31 00:00,2023-01-31 00:00,customer service,14.05
"Smith, Diana","Compton, Jeffrey",diana.smith@abcfoodmart.com,2023-05-31,ABC Foodmart - Staten Island,2024-07-09 00:00,2024-07-09 00:00,frozen foods,18.75
"Wells, Monica","Moran, John",monica.wells@abcfoodmart.com,2024-03-12,ABC Foodmart - Bay Ridge,2025-03-03 00:00,2025-03-03 00:00,bakery,15.06
"Gonzalez, Michele","Compton, Jeffrey",michele.gonzalez@abcfoodmart.com,2023-09-23,ABC Foodmart - DUMBO,2024-08-23 00:00,2024-08-23 00:00,bakery,15.27
"Mckinney, Marcus","Ellis, Grant",marcus.mckinney@abcfoodmart.com,2022-08-14,ABC Foodmart - Bay Ridge,2024-01-23 00:00,2024-01-23 00:00,pharmacy,12.37
"Long, Kirsten","Cooper, Robert",kirsten.long@abcfoodmart.com,2024-02-24,ABC Foodmart - Whitestone,2025-04-07 00:00,2025-04-07 00:00,customer service,16.26
"Hughes, Christopher","Compton, Jeffrey",christopher.hughes@abcfoodmart.com,2022-09-01,ABC Foodmart - Whitestone,2023-10-28 00:00,2023-10-28 00:00,bakery,13.61
"Wood, Joshua","Waller, Chad",joshua.wood@abcfoodmart.com,2022-11-26,ABC Foodmart - Bay Ridge,2024-06-06 00:00,2024-06-06 00:00,meats,12.79
"Sosa, David","Cooper, Robert",david.sosa@abcfoodmart.com,2023-07-27,ABC Foodmart - Tribeca,2024-11-09 00:00,2024-11-09 00:00,frozen foods,17.86
"Kerr, Jason","Carter, Karen",jason.kerr@abcfoodmart.com,2022-11-21,ABC Foodmart - Staten Island,2024-01-13 00:00,2024-01-13 00:00,pharmacy,18.06
"Woods, Marcus","David, Mr.",marcus.woods@abcfoodmart.com,2024-04-01,ABC Foodmart - Whitestone,2024-12-28 00:00,2024-12-28 00:00,frozen foods,13.17
"Garcia, Sarah","Farrell, Christopher",sarah.garcia@abcfoodmart.com,2022-12-14,ABC Foodmart - Whitestone,2024-02-09 00:00,2024-02-09 00:00,fresh produce,17.98
"Nichols, Mitchell","Ellis, Grant",mitchell.nichols@abcfoodmart.com,2022-09-30,ABC Foodmart - Whitestone,2023-07-14 00:00,2023-07-14 00:00,meats,19.62
"Mckinney, Marcus","Williams, Gina",marcus.mckinney@abcfoodmart.com,2022-08-14,ABC Foodmart - DUMBO,2024-02-09 00:00,2024-02-09 00:00,dry goods,19.47
"Torres, Steven","Flores, Angela",steven.torres@abcfoodmart.com,2023-05-10,ABC Foodmart - Bay Ridge,2024-06-27 00:00,2024-06-27 00:00,frozen foods,16.95
"Church, Joshua","Farrell, Christopher",joshua.church@abcfoodmart.com,2024-03-03,ABC Foodmart - Staten Island,2025-06-02 00:00,2025-06-02 00:00,floral,12.05
"Campbell, Brittany","David, Mr.",brittany.campbell@abcfoodmart.com,2023-03-25,ABC Foodmart - DUMBO,2024-03-08 00:00,2024-03-08 00:00,dairy,12.12
"Herrera, Spencer","Moran, John",spencer.herrera@abcfoodmart.com,2023-01-16,ABC Foodmart - Bay Ridge,2023-10-23 00:00,2023-10-23 00:00,pharmacy,17.78
"Moyer, Steven","Compton, Jeffrey",steven.moyer@abcfoodmart.com,2022-12-26,ABC Foodmart - Whitestone,2023-07-31 00:00,2023-07-31 00:00,customer service,14.83
"Long, Kirsten","Compton, Jeffrey",kirsten.long@abcfoodmart.com,2024-02-24,ABC Foodmart - Bay Ridge,2025-05-04 00:00,2025-05-04 00:00,pharmacy,17.98
"Woods, Marcus","David, Mr.",marcus.woods@abcfoodmart.com,2024-04-01,ABC Foodmart - Bay Ridge,2025-01-24 00:00,2025-01-24 00:00,dairy,19.00
"Kramer, Veronica","Ellis, Grant",veronica.kramer@abcfoodmart.com,2023-03-28,ABC Foodmart - Staten Island,2024-06-30 00:00,2024-06-30 00:00,seafood,14.53
"Sean, Mr.","Carter, Karen",mr..sean@abcfoodmart.com,2023-03-25,ABC Foodmart - Whitestone,2024-04-07 00:00,2024-04-07 00:00,dairy,16.95
"Gonzalez, Michele","Johnston, William",michele.gonzalez@abcfoodmart.com,2023-09-23,ABC Foodmart - Whitestone,2024-09-10 00:00,2024-09-10 00:00,floral,19.80
"Wilson, Jill","David, Mr.",jill.wilson@abcfoodmart.com,2022-12-06,ABC Foodmart - Whitestone,2024-04-24 00:00,2024-04-24 00:00,meats,16.60
"Marquez, Jeffrey","Moran, John",jeffrey.marquez@abcfoodmart.com,2023-02-19,ABC Foodmart - Whitestone,2024-01-25 00:00,2024-01-25 00:00,dairy,15.39
"Jessica, Ms.","Cooper, Robert",ms..jessica@abcfoodmart.com,2022-06-10,ABC Foodmart - DUMBO,2023-05-19 00:00,2023-05-19 00:00,customer service,19.48
"Randolph, Emily","Moran, John",emily.randolph@abcfoodmart.com,2023-03-09,ABC Foodmart - Bay Ridge,2024-03-16 00:00,2024-03-16 00:00,pharmacy,16.02
"Shah, Amanda","Johnston, William",amanda.shah@abcfoodmart.com,2023-10-07,ABC Foodmart - Tribeca,2024-10-31 00:00,2024-10-31 00:00,dry goods,13.93
"Walters, Jay","Hoffman, Tina",jay.walters@abcfoodmart.com,2023-12-17,ABC Foodmart - Staten Island,2025-07-25 00:00,2025-07-25 00:00,fresh produce,12.09
"Jessica, Ms.","Carter, Karen",ms..jessica@abcfoodmart.com,2022-06-10,ABC Foodmart - DUMBO,2023-06-14 00:00,2023-06-14 00:00,deli,18.79
"Thomas, Robert","Johnston, William",robert.thomas@abcfoodmart.com,2022-05-18,ABC Foodmart - Whitestone,2023-11-27 00:00,2023-11-27 00:00,floral,17.90
"Johnson, Samantha","Compton, Jeffrey",samantha.johnson@abcfoodmart.com,2023-01-16,ABC Foodmart - Whitestone,2024-06-16 00:00,2024-06-16 00:00,cashier,15.73
"Thompson, Matthew","Cooper, Robert",matthew.thompson@abcfoodmart.com,2022-04-22,ABC Foodmart - Tribeca,2023-02-17 00:00,2023-02-17 00:00,seafood,12.13
"Mckinney, Marcus","Flores, Angela",marcus.mckinney@abcfoodmart.com,2022-08-14,ABC Foodmart - DUMBO,2024-02-13 00:00,2024-02-13 00:00,fresh produce,12.37
"Mckenzie, William","Cooper, Robert",william.mckenzie@abcfoodmart.com,2023-01-04,ABC Foodmart - Bay Ridge,2024-01-02 00:00,2024-01-02 00:00,pharmacy,17.91
"Church, Joshua","Williams, Gina",joshua.church@abcfoodmart.com,2024-03-03,ABC Foodmart - Whitestone,2025-06-05 00:00,2025-06-05 00:00,bakery,12.43
"Jordan, Carla","Williams, Gina",carla.jordan@abcfoodmart.com,2023-12-17,ABC Foodmart - Whitestone,2024-10-10 00:00,2024-10-10 00:00,fresh produce,18.10
"Church, Joshua","Cooper, Robert",joshua.church@abcfoodmart.com,2024-03-03,ABC Foodmart - Bay Ridge,2025-06-19 00:00,2025-06-19 00:00,seafood,18.39
"Chambers, Jeffrey","Flores, Angela",jeffrey.chambers@abcfoodmart.com,2022-09-29,ABC Foodmart - Whitestone,2023-08-11 00:00,2023-08-11 00:00,frozen foods,14.09
"Burns, Kendra","Flores, Angela",kendra.burns@abcfoodmart.com,2022-12-13,ABC Foodmart - Whitestone,2023-12-20 00:00,2023-12-20 00:00,dry goods,15.73
"Spears, Erin","Moran, John",erin.spears@abcfoodmart.com,2023-07-30,ABC Foodmart - DUMBO,2024-12-01 00:00,2024-12-01 00:00,dairy,19.73
"Sosa, David","Hoffman, Tina",david.sosa@abcfoodmart.com,2023-07-27,ABC Foodmart - DUMBO,2024-11-11 00:00,2024-11-11 00:00,seafood,17.26
"Vasquez, Peter","Carter, Karen",peter.vasquez@abcfoodmart.com,2023-01-05,ABC Foodmart - Whitestone,2023-11-11 00:00,2023-11-11 00:00,pharmacy,14.97
"Frederick, Evan","Compton, Jeffrey",evan.frederick@abcfoodmart.com,2023-02-24,ABC Foodmart - Staten Island,2023-11-04 00:00,2023-11-04 00:00,dairy,19.76
"Sean, Mr.","Compton, Jeffrey",mr..sean@abcfoodmart.com,2023-03-25,ABC Foodmart - Tribeca,2024-04-20 00:00,2024-04-20 00:00,deli,15.57
"Moyer, Steven","Williams, Gina",steven.moyer@abcfoodmart.com,2022-12-26,ABC Foodmart - Bay Ridge,2023-08-06 00:00,2023-08-06 00:00,pharmacy,17.40
"Walls, Kristen","Waller, Chad",kristen.walls@abcfoodmart.com,2023-02-10,ABC Foodmart - Staten Island,2023-12-25 00:00,2023-12-25 00:00,cashier,27.11
"Atkinson, Gary","Moran, John",gary.atkinson@abcfoodmart.com,2022-05-24,ABC Foodmart - DUMBO,2023-08-25 00:00,2023-08-25 00:00,meats,13.61
"Harrell, Angie","Compton, Jeffrey",angie.harrell@abcfoodmart.com,2023-06-01,ABC Foodmart - Whitestone,2024-06-23 00:00,2024-06-23 00:00,pharmacy,17.14
"Moore, Jason","Cooper, Robert",jason.moore@abcfoodmart.com,2023-07-11,ABC Foodmart - Whitestone,2024-07-03 00:00,2024-07-03 00:00,deli,13.63
"Blanchard, Ricky","Carter, Karen",ricky.blanchard@abcfoodmart.com,2023-05-23,ABC Foodmart - Tribeca,2024-06-03 00:00,2024-06-03 00:00,fresh produce,17.23
"Warren, Timothy","Ellis, Grant",timothy.warren@abcfoodmart.com,2022-12-27,ABC Foodmart - Staten Island,2024-07-31 00:00,2024-07-31 00:00,pharmacy,15.73
"Walters, Jay","Williams, Gina",jay.walters@abcfoodmart.com,2023-12-17,ABC Foodmart - Staten Island,2025-08-16 00:00,2025-08-16 00:00,fresh produce,14.41
"Church, Joshua","Hoffman, Tina",joshua.church@abcfoodmart.com,2024-03-03,ABC Foodmart - DUMBO,2025-07-08 00:00,2025-07-08 00:00,seafood,17.58
"Terri, Mrs.","Farrell, Christopher",mrs..terri@abcfoodmart.com,2022-09-23,ABC Foodmart - Whitestone,2024-02-02 00:00,2024-02-02 00:00,cashier,14.49
"Gross, Andrew","Compton, Jeffrey",andrew.gross@abcfoodmart.com,2022-04-30,ABC Foodmart - Tribeca,2023-04-21 00:00,2023-04-21 00:00,deli,12.83
"Rogers, Mark","Carter, Karen",mark.rogers@abcfoodmart.com,2023-05-08,ABC Foodmart - Bay Ridge,2024-03-29 00:00,2024-03-29 00:00,meats,14.24
"Thomas, Robert","Farrell, Christopher",robert.thomas@abcfoodmart.com,2022-05-18,ABC Foodmart - DUMBO,2023-12-11 00:00,2023-12-11 00:00,deli,12.72
"Jacobs, Brenda","Carter, Karen",brenda.jacobs@abcfoodmart.com,2024-02-09,ABC Foodmart - Bay Ridge,2025-02-09 00:00,2025-02-09 00:00,customer service,17.70
"Hayes, Brandon","Compton, Jeffrey",brandon.hayes@abcfoodmart.com,2022-09-28,ABC Foodmart - Staten Island,2023-09-12 00:00,2023-09-12 00:00,pharmacy,19.32
"Jessica, Ms.","Ellis, Grant",ms..jessica@abcfoodmart.com,2022-06-10,ABC Foodmart - Tribeca,2023-06-18 00:00,2023-06-18 00:00,fresh produce,13.51
"Conrad, Frederick","Moran, John",frederick.conrad@abcfoodmart.com,2023-11-24,ABC Foodmart - Tribeca,2025-05-12 00:00,2025-05-12 00:00,fresh produce,14.01
"Hughes, Christopher","Hoffman, Tina",christopher.hughes@abcfoodmart.com,2022-09-01,ABC Foodmart - Tribeca,2023-11-06 00:00,2023-11-06 00:00,deli,15.20
"Riley, Ashley","Ellis, Grant",ashley.riley@abcfoodmart.com,2022-08-17,ABC Foodmart - Staten Island,2023-12-28 00:00,2023-12-28 00:00,cashier,17.51
"Myers, Gary","Cooper, Robert",gary.myers@abcfoodmart.com,2023-10-13,ABC Foodmart - Staten Island,2024-08-08 00:00,2024-08-08 00:00,floral,17.09
"Eric, Mr.","Flores, Angela",mr..eric@abcfoodmart.com,2022-09-02,ABC Foodmart - DUMBO,2023-06-22 00:00,2023-06-22 00:00,floral,16.51
"Burns, Kendra","Compton, Jeffrey",kendra.burns@abcfoodmart.com,2022-12-13,ABC Foodmart - Whitestone,2023-12-25 00:00,2023-12-25 00:00,meats,20.20
"Long, Kirsten","Cooper, Robert",kirsten.long@abcfoodmart.com,2024-02-24,ABC Foodmart - Tribeca,2025-05-18 00:00,2025-05-18 00:00,floral,15.57
"Hughes, Christopher","Cooper, Robert",christopher.hughes@abcfoodmart.com,2022-09-01,ABC Foodmart - Staten Island,2023-12-01 00:00,2023-12-01 00:00,fresh produce,15.87
"Colon, Lindsey","Moran, John",lindsey.colon@abcfoodmart.com,2023-02-16,ABC Foodmart - Staten Island,2024-07-27 00:00,2024-07-27 00:00,customer service,16.02
"Sosa, David","Moran, John",david.sosa@abcfoodmart.com,2023-07-27,ABC Foodmart - Bay Ridge,2024-11-13 00:00,2024-11-13 00:00,bakery,15.09
"Conrad, Frederick","Ellis, Grant",frederick.conrad@abcfoodmart.com,2023-11-24,ABC Foodmart - Tribeca,2025-05-21 00:00,2025-05-21 00:00,cashier,15.88
"Blanchard, Ricky","Williams, Gina",ricky.blanchard@abcfoodmart.com,2023-05-23,ABC Foodmart - Bay Ridge,2024-07-02 00:00,2024-07-02 00:00,deli,15.59
"Perry, Andrea","Compton, Jeffrey",andrea.perry@abcfoodmart.com,2023-05-05,ABC Foodmart - Tribeca,2024-09-01 00:00,2024-09-01 00:00,floral,19.50
"Durham, Denise","Johnston, William",denise.durham@abcfoodmart.com,2022-10-24,ABC Foodmart - Tribeca,2024-01-09 00:00,2024-01-09 00:00,pharmacy,12.18
"Nichols, Brandon","Moran, John",brandon.nichols@abcfoodmart.com,2024-02-28,ABC Foodmart - Whitestone,2025-05-14 00:00,2025-05-14 00:00,pharmacy,16.33
"Horton, Ashley","Hoffman, Tina",ashley.horton@abcfoodmart.com,2024-01-24,ABC Foodmart - Tribeca,2025-04-19 00:00,2025-04-19 00:00,pharmacy,18.93
"Ellis, Lauren","Compton, Jeffrey",lauren.ellis@abcfoodmart.com,2022-10-22,ABC Foodmart - Bay Ridge,2023-12-04 00:00,2023-12-04 00:00,fresh produce,17.03
"Day, Natasha","Waller, Chad",natasha.day@abcfoodmart.com,2023-08-02,ABC Foodmart - DUMBO,2024-06-01 00:00,2024-06-01 00:00,seafood,18.26
"Thompson, Matthew","Johnston, William",matthew.thompson@abcfoodmart.com,2022-04-22,ABC Foodmart - Tribeca,2023-03-18 00:00,2023-03-18 00:00,floral,17.55
"Sean, Mr.","Moran, John",mr..sean@abcfoodmart.com,2023-03-25,ABC Foodmart - Bay Ridge,2024-05-03 00:00,2024-05-03 00:00,pharmacy,14.53
"Perry, Andrea","Cooper, Robert",andrea.perry@abcfoodmart.com,2023-05-05,ABC Foodmart - Tribeca,2024-09-14 00:00,2024-09-14 00:00,customer service,14.41
"Eric, Mr.","Cooper, Robert",mr..eric@abcfoodmart.com,2022-09-02,ABC Foodmart - Staten Island,2023-07-09 00:00,2023-07-09 00:00,floral,18.44
"Dodson, Courtney","Hoffman, Tina",courtney.dodson@abcfoodmart.com,2023-01-10,ABC Foodmart - Whitestone,2024-05-07 00:00,2024-05-07 00:00,floral,14.00
"Chambers, Jeffrey","David, Mr.",jeffrey.chambers@abcfoodmart.com,2022-09-29,ABC Foodmart - Whitestone,2023-08-27 00:00,2023-08-27 00:00,customer service,14.90
"Werner, Kara","Williams, Gina",kara.werner@abcfoodmart.com,2023-10-12,ABC Foodmart - Staten Island,2025-03-26 00:00,2025-03-26 00:00,pharmacy,16.76
"Gross, Andrew","Compton, Jeffrey",andrew.gross@abcfoodmart.com,2022-04-30,ABC Foodmart - DUMBO,2023-04-26 00:00,2023-04-26 00:00,bakery,19.16
"Jones, Evelyn","Waller, Chad",evelyn.jones@abcfoodmart.com,2024-02-25,ABC Foodmart - Bay Ridge,2025-03-29 00:00,2025-03-29 00:00,deli,16.69
"Gardner, Laura","Carter, Karen",laura.gardner@abcfoodmart.com,2023-09-04,ABC Foodmart - Staten Island,2024-12-11 00:00,2024-12-11 00:00,frozen foods,13.94
"Hull, Shane","Flores, Angela",shane.hull@abcfoodmart.com,2024-01-09,ABC Foodmart - Tribeca,2025-04-10 00:00,2025-04-10 00:00,dairy,12.69
"Bryan, Mr.","Williams, Gina",mr..bryan@abcfoodmart.com,2023-08-26,ABC Foodmart - Tribeca,2024-11-26 00:00,2024-11-26 00:00,floral,12.52
"Woods, Marcus","Hoffman, Tina",marcus.woods@abcfoodmart.com,2024-04-01,ABC Foodmart - Staten Island,2025-02-04 00:00,2025-02-04 00:00,frozen foods,14.15
"Walls, Kristen","Cooper, Robert",kristen.walls@abcfoodmart.com,2023-02-10,ABC Foodmart - Staten Island,2023-12-28 00:00,2023-12-28 00:00,bakery,17.62
"Horton, Mark","Carter, Karen",mark.horton@abcfoodmart.com,2023-02-14,ABC Foodmart - Whitestone,2023-10-18 00:00,2023-10-18 00:00,deli,19.45
"Alvarez, Brenda","Moran, John",brenda.alvarez@abcfoodmart.com,2023-11-16,ABC Foodmart - DUMBO,2025-01-20 00:00,2025-01-20 00:00,deli,15.73
"Shah, Amanda","Ellis, Grant",amanda.shah@abcfoodmart.com,2023-10-07,ABC Foodmart - Staten Island,2024-11-03 00:00,2024-11-03 00:00,meats,12.62
"Thompson, Matthew","Hoffman, Tina",matthew.thompson@abcfoodmart.com,2022-04-22,ABC Foodmart - Whitestone,2023-04-06 00:00,2023-04-06 00:00,pharmacy,14.27
"Pena, Johnathan","Farrell, Christopher",johnathan.pena@abcfoodmart.com,2023-02-22,ABC Foodmart - DUMBO,2024-02-15 00:00,2024-02-15 00:00,pharmacy,15.59
"Brooks, Renee","Ellis, Grant",renee.brooks@abcfoodmart.com,2023-07-15,ABC Foodmart - DUMBO,2024-08-30 00:00,2024-08-30 00:00,frozen foods,19.16
"Vasquez, Peter","Johnston, William",peter.vasquez@abcfoodmart.com,2023-01-05,ABC Foodmart - Bay Ridge,2023-11-26 00:00,2023-11-26 00:00,floral,14.97
"Jones, Evelyn","Ellis, Grant",evelyn.jones@abcfoodmart.com,2024-02-25,ABC Foodmart - Tribeca,2025-03-30 00:00,2025-03-30 00:00,customer service,12.70
"Foster, Jennifer","Farrell, Christopher",jennifer.foster@abcfoodmart.com,2023-06-15,ABC Foodmart - DUMBO,2024-11-16 00:00,2024-11-16 00:00,pharmacy,17.66
"Bennett, Alec","Ellis, Grant",alec.bennett@abcfoodmart.com,2023-10-03,ABC Foodmart - Bay Ridge,2024-07-14 00:00,2024-07-14 00:00,floral,12.31
"Henderson, Nancy","Waller, Chad",nancy.henderson@abcfoodmart.com,2023-12-30,ABC Foodmart - DUMBO,2024-10-20 00:00,2024-10-20 00:00,cashier,12.37
"Gardner, Laura","Hoffman, Tina",laura.gardner@abcfoodmart.com,2023-09-04,ABC Foodmart - Tribeca,2025-01-08 00:00,2025-01-08 00:00,bakery,18.12
"Garcia, Sarah","Williams, Gina",sarah.garcia@abcfoodmart.com,2022-12-14,ABC Foodmart - Bay Ridge,2024-02-29 00:00,2024-02-29 00:00,dairy,12.92
"Roach, Christine","Cooper, Robert",christine.roach@abcfoodmart.com,2023-10-15,ABC Foodmart - Staten Island,2024-11-18 00:00,2024-11-18 00:00,floral,17.83
"Burns, Kendra","Carter, Karen",kendra.burns@abcfoodmart.com,2022-12-13,ABC Foodmart - DUMBO,2024-01-07 00:00,2024-01-07 00:00,frozen foods,19.17
"Randolph, Emily","Flores, Angela",emily.randolph@abcfoodmart.com,2023-03-09,ABC Foodmart - Staten Island,2024-04-14 00:00,2024-04-14 00:00,cashier,15.78
"Moyer, Steven","Ellis, Grant",steven.moyer@abcfoodmart.com,2022-12-26,ABC Foodmart - DUMBO,2023-08-10 00:00,2023-08-10 00:00,dairy,13.83
"Chambers, Jeffrey","Hoffman, Tina",jeffrey.chambers@abcfoodmart.com,2022-09-29,ABC Foodmart - DUMBO,2023-09-16 00:00,2023-09-16 00:00,fresh produce,14.95
"Wells, Monica","Ellis, Grant",monica.wells@abcfoodmart.com,2024-03-12,ABC Foodmart - Staten Island,2025-03-07 00:00,2025-03-07 00:00,fresh produce,13.02
"Vasquez, Peter","Williams, Gina",peter.vasquez@abcfoodmart.com,2023-01-05,ABC Foodmart - Bay Ridge,2023-12-08 00:00,2023-12-08 00:00,customer service,13.52
"Jessica, Ms.","Johnston, William",ms..jessica@abcfoodmart.com,2022-06-10,ABC Foodmart - DUMBO,2023-07-13 00:00,2023-07-13 00:00,pharmacy,12.19
"Jessica, Ms.","Ellis, Grant",ms..jessica@abcfoodmart.com,2022-06-10,ABC Foodmart - Bay Ridge,2023-08-10 00:00,2023-08-10 00:00,dairy,12.29
"Burns, Kendra","David, Mr.",kendra.burns@abcfoodmart.com,2022-12-13,ABC Foodmart - Whitestone,2024-01-14 00:00,2024-01-14 00:00,pharmacy,13.24
"Pena, Johnathan","Williams, Gina",johnathan.pena@abcfoodmart.com,2023-02-22,ABC Foodmart - Whitestone,2024-03-06 00:00,2024-03-06 00:00,seafood,17.12
"Marquez, Jeffrey","Flores, Angela",jeffrey.marquez@abcfoodmart.com,2023-02-19,ABC Foodmart - DUMBO,2024-02-09 00:00,2024-02-09 00:00,customer service,18.79
"Sean, Mr.","Johnston, William",mr..sean@abcfoodmart.com,2023-03-25,ABC Foodmart - Tribeca,2024-05-04 00:00,2024-05-04 00:00,frozen foods,16.00
"Campbell, Brittany","Johnston, William",brittany.campbell@abcfoodmart.com,2023-03-25,ABC Foodmart - Tribeca,2024-03-24 00:00,2024-03-24 00:00,customer service,13.14
"Meyer, James","Johnston, William",james.meyer@abcfoodmart.com,2022-05-02,ABC Foodmart - Tribeca,2023-11-12 00:00,2023-11-12 00:00,dry goods,14.44
"Marquez, Jeffrey","Moran, John",jeffrey.marquez@abcfoodmart.com,2023-02-19,ABC Foodmart - Staten Island,2024-03-06 00:00,2024-03-06 00:00,cashier,18.01
"Hughes, Christopher","Farrell, Christopher",christopher.hughes@abcfoodmart.com,2022-09-01,ABC Foodmart - Tribeca,2023-12-21 00:00,2023-12-21 00:00,dry goods,15.03
"Torres, Steven","Waller, Chad",steven.torres@abcfoodmart.com,2023-05-10,ABC Foodmart - Staten Island,2024-07-02 00:00,2024-07-02 00:00,deli,18.87
"Garcia, Sarah","Cooper, Robert",sarah.garcia@abcfoodmart.com,2022-12-14,ABC Foodmart - Tribeca,2024-03-12 00:00,2024-03-12 00:00,bakery,19.43
"Shah, Amanda","Compton, Jeffrey",amanda.shah@abcfoodmart.com,2023-10-07,ABC Foodmart - Whitestone,2024-11-11 00:00,2024-11-11 00:00,dairy,13.53
"Payne, Samantha","Flores, Angela",samantha.payne@abcfoodmart.com,2024-04-06,ABC Foodmart - Tribeca,2025-05-14 00:00,2025-05-14 00:00,meats,16.06
"Thompson, Matthew","Cooper, Robert",matthew.thompson@abcfoodmart.com,2022-04-22,ABC Foodmart - Bay Ridge,2023-04-12 00:00,2023-04-12 00:00,frozen foods,17.26
"Galvan, Lori","Williams, Gina",lori.galvan@abcfoodmart.com,2022-05-24,ABC Foodmart - Whitestone,2023-05-19 00:00,2023-05-19 00:00,meats,18.70
"Vasquez, Peter","Flores, Angela",peter.vasquez@abcfoodmart.com,2023-01-05,ABC Foodmart - Whitestone,2023-12-23 00:00,2023-12-23 00:00,customer service,15.48
"Wilson, Jill","David, Mr.",jill.wilson@abcfoodmart.com,2022-12-06,ABC Foodmart - Tribeca,2024-05-05 00:00,2024-05-05 00:00,meats,13.80
"Horton, Ashley","Carter, Karen",ashley.horton@abcfoodmart.com,2024-01-24,ABC Foodmart - DUMBO,2025-04-23 00:00,2025-04-23 00:00,pharmacy,15.64
"Jones, Christopher","Williams, Gina",christopher.jones@abcfoodmart.com,2022-05-19,ABC Foodmart - DUMBO,2023-09-12 00:00,2023-09-12 00:00,frozen foods,18.32
"Wilson, Jill","Williams, Gina",jill.wilson@abcfoodmart.com,2022-12-06,ABC Foodmart - Bay Ridge,2024-05-30 00:00,2024-05-30 00:00,meats,12.71
"Walls, Kristen","Johnston, William",kristen.walls@abcfoodmart.com,2023-02-10,ABC Foodmart - DUMBO,2024-01-12 00:00,2024-01-12 00:00,bakery,12.96
"Waters, Julie","Cooper, Robert",julie.waters@abcfoodmart.com,2023-05-20,ABC Foodmart - Tribeca,2024-06-09 00:00,2024-06-09 00:00,dairy,16.79
"Mckenzie, William","Johnston, William",william.mckenzie@abcfoodmart.com,2023-01-04,ABC Foodmart - Tribeca,2024-01-26 00:00,2024-01-26 00:00,floral,13.68
"Jordan, Carla","David, Mr.",carla.jordan@abcfoodmart.com,2023-12-17,ABC Foodmart - Whitestone,2024-11-03 00:00,2024-11-03 00:00,bakery,19.00
"Vasquez, Peter","Cooper, Robert",peter.vasquez@abcfoodmart.com,2023-01-05,ABC Foodmart - Whitestone,2024-01-10 00:00,2024-01-10 00:00,cashier,17.66
"Campbell, Brittany","Farrell, Christopher",brittany.campbell@abcfoodmart.com,2023-03-25,ABC Foodmart - Tribeca,2024-04-15 00:00,2024-04-15 00:00,dairy,14.70
"Smith, Diana","Cooper, Robert",diana.smith@abcfoodmart.com,2023-05-31,ABC Foodmart - Whitestone,2024-07-26 00:00,2024-07-26 00:00,meats,15.29
"Werner, Kara","Johnston, William",kara.werner@abcfoodmart.com,2023-10-12,ABC Foodmart - Whitestone,2025-04-21 00:00,2025-04-21 00:00,dairy,15.51
"Marquez, Jeffrey","Compton, Jeffrey",jeffrey.marquez@abcfoodmart.com,2023-02-19,ABC Foodmart - DUMBO,2024-04-01 00:00,2024-04-01 00:00,fresh produce,14.03
"Payne, Samantha","David, Mr.",samantha.payne@abcfoodmart.com,2024-04-06,ABC Foodmart - Tribeca,2025-05-17 00:00,2025-05-17 00:00,customer service,17.16
"Jackson, Gary","Williams, Gina",gary.jackson@abcfoodmart.com,2022-09-08,ABC Foodmart - Whitestone,2023-07-02 00:00,2023-07-02 00:00,bakery,18.53
"Burns, Kendra","Waller, Chad",kendra.burns@abcfoodmart.com,2022-12-13,ABC Foodmart - DUMBO,2024-02-06 00:00,2024-02-06 00:00,bakery,17.36
"Spears, Erin","David, Mr.",erin.spears@abcfoodmart.com,2023-07-30,ABC Foodmart - Tribeca,2024-12-13 00:00,2024-12-13 00:00,seafood,16.77
"Vasquez, Peter","Johnston, William",peter.vasquez@abcfoodmart.com,2023-01-05,ABC Foodmart - Tribeca,2024-02-05 00:00,2024-02-05 00:00,pharmacy,12.26
"Thomas, Robert","Cooper, Robert",robert.thomas@abcfoodmart.com,2022-05-18,ABC Foodmart - DUMBO,2024-01-01 00:00,2024-01-01 00:00,fresh produce,24.56
"Mckenzie, William","Carter, Karen",william.mckenzie@abcfoodmart.com,2023-01-04,ABC Foodmart - Whitestone,2024-02-09 00:00,2024-02-09 00:00,dairy,13.94
"Rogers, Mark","David, Mr.",mark.rogers@abcfoodmart.com,2023-05-08,ABC Foodmart - Staten Island,2024-04-01 00:00,2024-04-01 00:00,dairy,18.46
"Walters, Jay","Cooper, Robert",jay.walters@abcfoodmart.com,2023-12-17,ABC Foodmart - DUMBO,2025-08-20 00:00,2025-08-20 00:00,fresh produce,19.13
"Johnson, Samantha","Moran, John",samantha.johnson@abcfoodmart.com,2023-01-16,ABC Foodmart - DUMBO,2024-07-11 00:00,2024-07-11 00:00,customer service,14.33
"Moon, James","Waller, Chad",james.moon@abcfoodmart.com,2023-10-20,ABC Foodmart - Tribeca,2024-09-22 00:00,2024-09-22 00:00,frozen foods,16.31
"Long, Kirsten","Carter, Karen",kirsten.long@abcfoodmart.com,2024-02-24,ABC Foodmart - DUMBO,2025-06-01 00:00,2025-06-01 00:00,dry goods,15.06
"Vasquez, Peter","Ellis, Grant",peter.vasquez@abcfoodmart.com,2023-01-05,ABC Foodmart - Bay Ridge,2024-02-08 00:00,2024-02-08 00:00,seafood,19.44
"Hayes, Brandon","Ellis, Grant",brandon.hayes@abcfoodmart.com,2022-09-28,ABC Foodmart - DUMBO,2023-09-26 00:00,2023-09-26 00:00,frozen foods,19.26
"Wells, Monica","Ellis, Grant",monica.wells@abcfoodmart.com,2024-03-12,ABC Foodmart - DUMBO,2025-03-14 00:00,2025-03-14 00:00,cashier,16.99
"Garcia, Sarah","Moran, John",sarah.garcia@abcfoodmart.com,2022-12-14,ABC Foodmart - Whitestone,2024-04-07 00:00,2024-04-07 00:00,deli,16.51
"Kerr, Jason","Farrell, Christopher",jason.kerr@abcfoodmart.com,2022-11-21,ABC Foodmart - Staten Island,2024-02-09 00:00,2024-02-09 00:00,customer service,19.35
"Meyer, James","Hoffman, Tina",james.meyer@abcfoodmart.com,2022-05-02,ABC Foodmart - Staten Island,2023-12-07 00:00,2023-12-07 00:00,meats,14.55
"Horton, Mark","Waller, Chad",mark.horton@abcfoodmart.com,2023-02-14,ABC Foodmart - Bay Ridge,2023-10-31 00:00,2023-10-31 00:00,bakery,17.50
"Day, Natasha","Williams, Gina",natasha.day@abcfoodmart.com,2023-08-02,ABC Foodmart - DUMBO,2024-06-02 00:00,2024-06-02 00:00,cashier,17.09
"Mckenzie, William","Ellis, Grant",william.mckenzie@abcfoodmart.com,2023-01-04,ABC Foodmart - Whitestone,2024-02-27 00:00,2024-02-27 00:00,cashier,19.45
"Hayes, Brandon","Cooper, Robert",brandon.hayes@abcfoodmart.com,2022-09-28,ABC Foodmart - Tribeca,2023-10-08 00:00,2023-10-08 00:00,floral,12.40
"Rogers, Mark","Ellis, Grant",mark.rogers@abcfoodmart.com,2023-05-08,ABC Foodmart - Whitestone,2024-04-07 00:00,2024-04-07 00:00,dry goods,12.91
"Bryan, Mr.","Compton, Jeffrey",mr..bryan@abcfoodmart.com,2023-08-26,ABC Foodmart - DUMBO,2024-12-15 00:00,2024-12-15 00:00,floral,15.66
"Jones, Evelyn","David, Mr.",evelyn.jones@abcfoodmart.com,2024-02-25,ABC Foodmart - Whitestone,2025-04-20 00:00,2025-04-20 00:00,pharmacy,12.45
"Hughes, Christopher","Williams, Gina",christopher.hughes@abcfoodmart.com,2022-09-01,ABC Foodmart - Whitestone,2023-12-28 00:00,2023-12-28 00:00,meats,13.27
"Perry, Andrea","Moran, John",andrea.perry@abcfoodmart.com,2023-05-05,ABC Foodmart - Whitestone,2024-10-01 00:00,2024-10-01 00:00,dry goods,12.17
"Thompson, Matthew","Compton, Jeffrey",matthew.thompson@abcfoodmart.com,2022-04-22,ABC Foodmart - DUMBO,2023-05-01 00:00,2023-05-01 00:00,cashier,15.69
"Alvarez, Brenda","Hoffman, Tina",brenda.alvarez@abcfoodmart.com,2023-11-16,ABC Foodmart - Whitestone,2025-02-03 00:00,2025-02-03 00:00,customer service,15.51
"Church, Joshua","Compton, Jeffrey",joshua.church@abcfoodmart.com,2024-03-03,ABC Foodmart - Staten Island,2025-07-09 00:00,2025-07-09 00:00,bakery,18.44
"Henderson, Nancy","Ellis, Grant",nancy.henderson@abcfoodmart.com,2023-12-30,ABC Foodmart - Staten Island,2024-10-27 00:00,2024-10-27 00:00,fresh produce,12.54
"Chambers, Jeffrey","Carter, Karen",jeffrey.chambers@abcfoodmart.com,2022-09-29,ABC Foodmart - Tribeca,2023-09-30 00:00,2023-09-30 00:00,meats,19.99
"Brooks, Renee","Williams, Gina",renee.brooks@abcfoodmart.com,2023-07-15,ABC Foodmart - Whitestone,2024-09-16 00:00,2024-09-16 00:00,pharmacy,13.49
"Payne, Samantha","Farrell, Christopher",samantha.payne@abcfoodmart.com,2024-04-06,ABC Foodmart - Tribeca,2025-06-03 00:00,2025-06-03 00:00,pharmacy,17.71
"Colon, Lindsey","Cooper, Robert",lindsey.colon@abcfoodmart.com,2023-02-16,ABC Foodmart - Whitestone,2024-08-05 00:00,2024-08-05 00:00,cashier,16.47
"Perry, Andrea","Cooper, Robert",andrea.perry@abcfoodmart.com,2023-05-05,ABC Foodmart - Whitestone,2024-10-10 00:00,2024-10-10 00:00,frozen foods,12.44
"Church, Joshua","Farrell, Christopher",joshua.church@abcfoodmart.com,2024-03-03,ABC Foodmart - DUMBO,2025-07-11 00:00,2025-07-11 00:00,deli,17.01
"Ellis, Lauren","Waller, Chad",lauren.ellis@abcfoodmart.com,2022-10-22,ABC Foodmart - Bay Ridge,2023-12-16 00:00,2023-12-16 00:00,frozen foods,12.41
"Long, Kirsten","Carter, Karen",kirsten.long@abcfoodmart.com,2024-02-24,ABC Foodmart - Staten Island,2025-06-04 00:00,2025-06-04 00:00,floral,17.64
"Waters, Julie","Waller, Chad",julie.waters@abcfoodmart.com,2023-05-20,ABC Foodmart - Whitestone,2024-06-25 00:00,2024-06-25 00:00,seafood,13.72
"Horton, Mark","Hoffman, Tina",mark.horton@abcfoodmart.com,2023-02-14,ABC Foodmart - Staten Island,2023-11-03 00:00,2023-11-03 00:00,frozen foods,16.54
"Terri, Mrs.","Flores, Angela",mrs..terri@abcfoodmart.com,2022-09-23,ABC Foodmart - Tribeca,2024-02-16 00:00,2024-02-16 00:00,bakery,17.33
"Riley, Ashley","Moran, John",ashley.riley@abcfoodmart.com,2022-08-17,ABC Foodmart - Bay Ridge,2024-01-04 00:00,2024-01-04 00:00,dairy,12.67
"Williams, Michael","Compton, Jeffrey",michael.williams@abcfoodmart.com,2023-06-11,ABC Foodmart - Whitestone,2024-07-28 00:00,2024-07-28 00:00,customer service,19.86
"Ellis, Lauren","Johnston, William",lauren.ellis@abcfoodmart.com,2022-10-22,ABC Foodmart - Bay Ridge,2023-12-23 00:00,2023-12-23 00:00,frozen foods,18.15
"Kerr, Jason","Flores, Angela",jason.kerr@abcfoodmart.com,2022-11-21,ABC Foodmart - Tribeca,2024-03-02 00:00,2024-03-02 00:00,frozen foods,15.30
"Woods, Marcus","Moran, John",marcus.woods@abcfoodmart.com,2024-04-01,ABC Foodmart - Bay Ridge,2025-02-27 00:00,2025-02-27 00:00,fresh produce,14.85
"Manning, Maria","Ellis, Grant",maria.manning@abcfoodmart.com,2022-11-16,ABC Foodmart - Staten Island,2024-02-08 00:00,2024-02-08 00:00,meats,13.42
"Chen, Kathleen","Compton, Jeffrey",kathleen.chen@abcfoodmart.com,2024-02-03,ABC Foodmart - Tribeca,2024-12-03 00:00,2024-12-03 00:00,meats,18.31
"Thompson, Matthew","David, Mr.",matthew.thompson@abcfoodmart.com,2022-04-22,ABC Foodmart - Bay Ridge,2023-05-15 00:00,2023-05-15 00:00,frozen foods,18.00
"Horton, Mark","Flores, Angela",mark.horton@abcfoodmart.com,2023-02-14,ABC Foodmart - DUMBO,2023-11-14 00:00,2023-11-14 00:00,seafood,17.26
"Waters, Julie","David, Mr.",julie.waters@abcfoodmart.com,2023-05-20,ABC Foodmart - Whitestone,2024-06-28 00:00,2024-06-28 00:00,dry goods,15.02
"Werner, Kara","Flores, Angela",kara.werner@abcfoodmart.com,2023-10-12,ABC Foodmart - Tribeca,2025-05-12 00:00,2025-05-12 00:00,cashier,12.84
"Martin, Monica","Compton, Jeffrey",monica.martin@abcfoodmart.com,2023-11-23,ABC Foodmart - Whitestone,2025-06-25 00:00,2025-06-25 00:00,cashier,19.16
"Pena, Johnathan","Carter, Karen",johnathan.pena@abcfoodmart.com,2023-02-22,ABC Foodmart - Bay Ridge,2024-03-13 00:00,2024-03-13 00:00,dry goods,17.39
"Wood, Joshua","David, Mr.",joshua.wood@abcfoodmart.com,2022-11-26,ABC Foodmart - Staten Island,2024-06-09 00:00,2024-06-09 00:00,dairy,14.64
"Foster, Kenneth","Farrell, Christopher",kenneth.foster@abcfoodmart.com,2023-04-23,ABC Foodmart - Tribeca,2024-07-15 00:00,2024-07-15 00:00,cashier,12.72
"Sosa, David","Williams, Gina",david.sosa@abcfoodmart.com,2023-07-27,ABC Foodmart - Staten Island,2024-11-26 00:00,2024-11-26 00:00,pharmacy,15.90
"Johnson, Samantha","Ellis, Grant",samantha.johnson@abcfoodmart.com,2023-01-16,ABC Foodmart - Staten Island,2024-07-19 00:00,2024-07-19 00:00,bakery,16.05
"Kramer, Veronica","David, Mr.",veronica.kramer@abcfoodmart.com,2023-03-28,ABC Foodmart - Whitestone,2024-07-01 00:00,2024-07-01 00:00,meats,12.20
"Durham, Denise","Carter, Karen",denise.durham@abcfoodmart.com,2022-10-24,ABC Foodmart - DUMBO,2024-01-31 00:00,2024-01-31 00:00,meats,18.00
"Moon, James","Flores, Angela",james.moon@abcfoodmart.com,2023-10-20,ABC Foodmart - Staten Island,2024-10-16 00:00,2024-10-16 00:00,meats,17.77
"Love, Thomas","Farrell, Christopher",thomas.love@abcfoodmart.com,2024-02-18,ABC Foodmart - Staten Island,2025-05-29 00:00,2025-05-29 00:00,customer service,16.52
"Hull, Shane","Hoffman, Tina",shane.hull@abcfoodmart.com,2024-01-09,ABC Foodmart - Bay Ridge,2025-05-02 00:00,2025-05-02 00:00,meats,12.14
"Bryan, Mr.","Ellis, Grant",mr..bryan@abcfoodmart.com,2023-08-26,ABC Foodmart - Whitestone,2024-12-28 00:00,2024-12-28 00:00,seafood,19.33
"Burns, Kendra","Compton, Jeffrey",kendra.burns@abcfoodmart.com,2022-12-13,ABC Foodmart - Staten Island,2024-03-05 00:00,2024-03-05 00:00,cashier,14.33
"Love, Thomas","Farrell, Christopher",thomas.love@abcfoodmart.com,2024-02-18,ABC Foodmart - Bay Ridge,2025-06-17 00:00,2025-06-17 00:00,frozen foods,12.42
"Henderson, Nancy","Williams, Gina",nancy.henderson@abcfoodmart.com,2023-12-30,ABC Foodmart - Staten Island,2024-11-11 00:00,2024-11-11 00:00,meats,12.01
"Campbell, Brittany","David, Mr.",brittany.campbell@abcfoodmart.com,2023-03-25,ABC Foodmart - Bay Ridge,2024-05-13 00:00,2024-05-13 00:00,frozen foods,19.65
"Pena, Johnathan","Waller, Chad",johnathan.pena@abcfoodmart.com,2023-02-22,ABC Foodmart - Staten Island,2024-03-28 00:00,2024-03-28 00:00,meats,19.16
"Chambers, Jeffrey","Hoffman, Tina",jeffrey.chambers@abcfoodmart.com,2022-09-29,ABC Foodmart - DUMBO,2023-10-17 00:00,2023-10-17 00:00,cashier,16.73
"Jacobs, Brenda","Moran, John",brenda.jacobs@abcfoodmart.com,2024-02-09,ABC Foodmart - Bay Ridge,2025-03-02 00:00,2025-03-02 00:00,seafood,12.55
"Nguyen, Richard","Compton, Jeffrey",richard.nguyen@abcfoodmart.com,2022-09-27,ABC Foodmart - Staten Island,2023-12-12 00:00,2023-12-12 00:00,meats,14.93
"Frederick, Evan","Hoffman, Tina",evan.frederick@abcfoodmart.com,2023-02-24,ABC Foodmart - Whitestone,2023-11-28 00:00,2023-11-28 00:00,meats,17.03
"Wells, Monica","Moran, John",monica.wells@abcfoodmart.com,2024-03-12,ABC Foodmart - Bay Ridge,2025-03-23 00:00,2025-03-23 00:00,customer service,16.97
"Horton, Mark","Moran, John",mark.horton@abcfoodmart.com,2023-02-14,ABC Foodmart - Tribeca,2023-12-10 00:00,2023-12-10 00:00,floral,15.89
"Glover, Michelle","Williams, Gina",michelle.glover@abcfoodmart.com,2022-08-25,ABC Foodmart - Tribeca,2023-12-20 00:00,2023-12-20 00:00,customer service,15.16
"Durham, Denise","Johnston, William",denise.durham@abcfoodmart.com,2022-10-24,ABC Foodmart - DUMBO,2024-02-02 00:00,2024-02-02 00:00,dairy,13.99
"Chambers, Jeffrey","David, Mr.",jeffrey.chambers@abcfoodmart.com,2022-09-29,ABC Foodmart - Whitestone,2023-10-18 00:00,2023-10-18 00:00,floral,15.06
"Vasquez, Peter","Cooper, Robert",peter.vasquez@abcfoodmart.com,2023-01-05,ABC Foodmart - Bay Ridge,2024-02-18 00:00,2024-02-18 00:00,fresh produce,12.69
"Williams, Michael","Moran, John",michael.williams@abcfoodmart.com,2023-06-11,ABC Foodmart - Whitestone,2024-08-07 00:00,2024-08-07 00:00,customer service,13.11
"Wells, Monica","Hoffman, Tina",monica.wells@abcfoodmart.com,2024-03-12,ABC Foodmart - Tribeca,2025-04-13 00:00,2025-04-13 00:00,frozen foods,19.60
"Jackson, Michael","Williams, Gina",michael.jackson@abcfoodmart.com,2022-10-31,ABC Foodmart - DUMBO,2023-11-20 00:00,2023-11-20 00:00,frozen foods,13.83
"Ellis, Lauren","Farrell, Christopher",lauren.ellis@abcfoodmart.com,2022-10-22,ABC Foodmart - Tribeca,2024-01-06 00:00,2024-01-06 00:00,seafood,19.39
"Smith, Diana","Hoffman, Tina",diana.smith@abcfoodmart.com,2023-05-31,ABC Foodmart - Whitestone,2024-08-15 00:00,2024-08-15 00:00,dry goods,13.84
"Hull, Shane","Farrell, Christopher",shane.hull@abcfoodmart.com,2024-01-09,ABC Foodmart - Whitestone,2025-05-29 00:00,2025-05-29 00:00,meats,15.23
"Kramer, Veronica","Farrell, Christopher",veronica.kramer@abcfoodmart.com,2023-03-28,ABC Foodmart - Whitestone,2024-07-27 00:00,2024-07-27 00:00,fresh produce,14.93
"Alvarez, Brenda","Moran, John",brenda.alvarez@abcfoodmart.com,2023-11-16,ABC Foodmart - Tribeca,2025-02-15 00:00,2025-02-15 00:00,dairy,12.51
"Jordan, Carla","Carter, Karen",carla.jordan@abcfoodmart.com,2023-12-17,ABC Foodmart - Staten Island,2024-12-02 00:00,2024-12-02 00:00,floral,18.89
"Thompson, Matthew","Moran, John",matthew.thompson@abcfoodmart.com,2022-04-22,ABC Foodmart - Bay Ridge,2023-05-21 00:00,2023-05-21 00:00,deli,17.05
"Jones, Michael","Waller, Chad",michael.jones@abcfoodmart.com,2023-01-19,ABC Foodmart - Tribeca,2023-12-10 00:00,2023-12-10 00:00,frozen foods,19.16
"Shah, Amanda","Cooper, Robert",amanda.shah@abcfoodmart.com,2023-10-07,ABC Foodmart - Bay Ridge,2024-11-16 00:00,2024-11-16 00:00,pharmacy,19.11
"Werner, Kara","Compton, Jeffrey",kara.werner@abcfoodmart.com,2023-10-12,ABC Foodmart - Whitestone,2025-05-14 00:00,2025-05-14 00:00,dairy,15.84
"Brooks, Renee","Ellis, Grant",renee.brooks@abcfoodmart.com,2023-07-15,ABC Foodmart - Bay Ridge,2024-10-09 00:00,2024-10-09 00:00,seafood,12.40
"Moore, Jason","Moran, John",jason.moore@abcfoodmart.com,2023-07-11,ABC Foodmart - Staten Island,2024-07-04 00:00,2024-07-04 00:00,dry goods,19.18
"Moon, James","Williams, Gina",james.moon@abcfoodmart.com,2023-10-20,ABC Foodmart - DUMBO,2024-11-08 00:00,2024-11-08 00:00,seafood,14.67
"Love, Thomas","Hoffman, Tina",thomas.love@abcfoodmart.com,2024-02-18,ABC Foodmart - Tribeca,2025-07-15 00:00,2025-07-15 00:00,dry goods,13.71
"Pena, Johnathan","Ellis, Grant",johnathan.pena@abcfoodmart.com,2023-02-22,ABC Foodmart - Bay Ridge,2024-03-31 00:00,2024-03-31 00:00,frozen foods,12.83
"White, Kenneth","Johnston, William",kenneth.white@abcfoodmart.com,2023-01-22,ABC Foodmart - Tribeca,2024-11-23 00:00,2024-11-23 00:00,frozen foods,13.76
"Davis, Jennifer","Carter, Karen",jennifer.davis@abcfoodmart.com,2023-11-03,ABC Foodmart - Staten Island,2025-04-18 00:00,2025-04-18 00:00,bakery,12.19
"Horton, Ashley","Cooper, Robert",ashley.horton@abcfoodmart.com,2024-01-24,ABC Foodmart - Staten Island,2025-05-15 00:00,2025-05-15 00:00,customer service,15.73
"Horton, Mark","Cooper, Robert",mark.horton@abcfoodmart.com,2023-02-14,ABC Foodmart - Tribeca,2023-12-30 00:00,2023-12-30 00:00,meats,12.93
"Jacobs, Brenda","Johnston, William",brenda.jacobs@abcfoodmart.com,2024-02-09,ABC Foodmart - Whitestone,2025-03-20 00:00,2025-03-20 00:00,meats,19.74
"Warren, Timothy","Williams, Gina",timothy.warren@abcfoodmart.com,2022-12-27,ABC Foodmart - Tribeca,2024-08-22 00:00,2024-08-22 00:00,floral,15.31
"Walls, Kristen","Johnston, William",kristen.walls@abcfoodmart.com,2023-02-10,ABC Foodmart - DUMBO,2024-02-04 00:00,2024-02-04 00:00,dairy,18.04
"Thompson, Matthew","Williams, Gina",matthew.thompson@abcfoodmart.com,2022-04-22,ABC Foodmart - Whitestone,2023-05-22 00:00,2023-05-22 00:00,meats,19.67
"Wood, Joshua","Waller, Chad",joshua.wood@abcfoodmart.com,2022-11-26,ABC Foodmart - Bay Ridge,2024-07-02 00:00,2024-07-02 00:00,deli,12.27
"Moore, Jason","Flores, Angela",jason.moore@abcfoodmart.com,2023-07-11,ABC Foodmart - Tribeca,2024-07-29 00:00,2024-07-29 00:00,frozen foods,13.32
"Eric, Mr.","David, Mr.",mr..eric@abcfoodmart.com,2022-09-02,ABC Foodmart - DUMBO,2023-07-14 00:00,2023-07-14 00:00,customer service,19.55
"Colon, Lindsey","Farrell, Christopher",lindsey.colon@abcfoodmart.com,2023-02-16,ABC Foodmart - DUMBO,2024-08-19 00:00,2024-08-19 00:00,seafood,15.86
"Campbell, Brittany","Compton, Jeffrey",brittany.campbell@abcfoodmart.com,2023-03-25,ABC Foodmart - DUMBO,2024-05-14 00:00,2024-05-14 00:00,pharmacy,16.41
"Wood, Joshua","Ellis, Grant",joshua.wood@abcfoodmart.com,2022-11-26,ABC Foodmart - Staten Island,2024-07-07 00:00,2024-07-07 00:00,deli,17.12
"Long, Kirsten","Carter, Karen",kirsten.long@abcfoodmart.com,2024-02-24,ABC Foodmart - Bay Ridge,2025-06-23 00:00,2025-06-23 00:00,deli,14.30
"Alvarez, Brenda","Williams, Gina",brenda.alvarez@abcfoodmart.com,2023-11-16,ABC Foodmart - Staten Island,2025-03-09 00:00,2025-03-09 00:00,floral,13.65
"Woods, Marcus","Flores, Angela",marcus.woods@abcfoodmart.com,2024-04-01,ABC Foodmart - DUMBO,2025-03-22 00:00,2025-03-22 00:00,customer service,13.32
"Smith, Diana","Johnston, William",diana.smith@abcfoodmart.com,2023-05-31,ABC Foodmart - Staten Island,2024-08-26 00:00,2024-08-26 00:00,pharmacy,15.80
"Bennett, Alec","Ellis, Grant",alec.bennett@abcfoodmart.com,2023-10-03,ABC Foodmart - Whitestone,2024-07-15 00:00,2024-07-15 00:00,floral,13.24
"Jones, Evelyn","Compton, Jeffrey",evelyn.jones@abcfoodmart.com,2024-02-25,ABC Foodmart - Tribeca,2025-05-06 00:00,2025-05-06 00:00,cashier,19.71
"Nguyen, Richard","Moran, John",richard.nguyen@abcfoodmart.com,2022-09-27,ABC Foodmart - Tribeca,2023-12-26 00:00,2023-12-26 00:00,dairy,12.32
"Hughes, Christopher","Moran, John",christopher.hughes@abcfoodmart.com,2022-09-01,ABC Foodmart - DUMBO,2024-01-22 00:00,2024-01-22 00:00,cashier,13.53
"Brown, Lisa","David, Mr.",lisa.brown@abcfoodmart.com,2022-08-18,ABC Foodmart - Whitestone,2023-10-23 00:00,2023-10-23 00:00,dry goods,14.82
"Sosa, David","Waller, Chad",david.sosa@abcfoodmart.com,2023-07-27,ABC Foodmart - Staten Island,2024-12-20 00:00,2024-12-20 00:00,bakery,19.70
"Thomas, Robert","Moran, John",robert.thomas@abcfoodmart.com,2022-05-18,ABC Foodmart - Tribeca,2024-01-30 00:00,2024-01-30 00:00,seafood,17.66
"Garcia, Sarah","Cooper, Robert",sarah.garcia@abcfoodmart.com,2022-12-14,ABC Foodmart - Whitestone,2024-04-10 00:00,2024-04-10 00:00,seafood,12.83
"Shah, Amanda","Johnston, William",amanda.shah@abcfoodmart.com,2023-10-07,ABC Foodmart - Staten Island,2024-12-02 00:00,2024-12-02 00:00,deli,16.41
"Pena, Johnathan","David, Mr.",johnathan.pena@abcfoodmart.com,2023-02-22,ABC Foodmart - DUMBO,2024-04-29 00:00,2024-04-29 00:00,seafood,17.47
"Nguyen, Richard","Farrell, Christopher",richard.nguyen@abcfoodmart.com,2022-09-27,ABC Foodmart - Tribeca,2024-01-18 00:00,2024-01-18 00:00,seafood,18.29
"Moyer, Steven","Waller, Chad",steven.moyer@abcfoodmart.com,2022-12-26,ABC Foodmart - Tribeca,2023-08-29 00:00,2023-08-29 00:00,bakery,19.88
"Hayes, Brandon","Carter, Karen",brandon.hayes@abcfoodmart.com,2022-09-28,ABC Foodmart - Tribeca,2023-10-12 00:00,2023-10-12 00:00,frozen foods,18.81
"Tate, Harry","David, Mr.",harry.tate@abcfoodmart.com,2022-09-18,ABC Foodmart - Tribeca,2023-11-30 00:00,2023-11-30 00:00,frozen foods,13.41
"Hughes, Christopher","Moran, John",christopher.hughes@abcfoodmart.com,2022-09-01,ABC Foodmart - Whitestone,2024-02-19 00:00,2024-02-19 00:00,dairy,17.95
"Owens, Jeffrey","Hoffman, Tina",jeffrey.owens@abcfoodmart.com,2022-05-03,ABC Foodmart - Staten Island,2023-03-09 00:00,2023-03-09 00:00,frozen foods,14.66
"Moyer, Steven","Hoffman, Tina",steven.moyer@abcfoodmart.com,2022-12-26,ABC Foodmart - Tribeca,2023-09-22 00:00,2023-09-22 00:00,dry goods,14.99
"Mckinney, Marcus","Waller, Chad",marcus.mckinney@abcfoodmart.com,2022-08-14,ABC Foodmart - Tribeca,2024-03-01 00:00,2024-03-01 00:00,meats,12.60
"Myers, Gary","Flores, Angela",gary.myers@abcfoodmart.com,2023-10-13,ABC Foodmart - Whitestone,2024-08-18 00:00,2024-08-18 00:00,seafood,14.29
"Bennett, Alec","Compton, Jeffrey",alec.bennett@abcfoodmart.com,2023-10-03,ABC Foodmart - Staten Island,2024-07-17 00:00,2024-07-17 00:00,pharmacy,15.02
"Ellis, Lauren","Moran, John",lauren.ellis@abcfoodmart.com,2022-10-22,ABC Foodmart - Whitestone,2024-01-26 00:00,2024-01-26 00:00,bakery,15.89
"Walls, Kristen","Compton, Jeffrey",kristen.walls@abcfoodmart.com,2023-02-10,ABC Foodmart - Whitestone,2024-02-14 00:00,2024-02-14 00:00,deli,13.83
"Shah, Amanda","Flores, Angela",amanda.shah@abcfoodmart.com,2023-10-07,ABC Foodmart - DUMBO,2024-12-03 00:00,2024-12-03 00:00,bakery,12.93
"Burns, Kendra","Williams, Gina",kendra.burns@abcfoodmart.com,2022-12-13,ABC Foodmart - Bay Ridge,2024-04-01 00:00,2024-04-01 00:00,frozen foods,17.39
"Mckinney, Marcus","Johnston, William",marcus.mckinney@abcfoodmart.com,2022-08-14,ABC Foodmart - Bay Ridge,2024-03-14 00:00,2024-03-14 00:00,floral,14.04
"Moyer, Steven","Ellis, Grant",steven.moyer@abcfoodmart.com,2022-12-26,ABC Foodmart - Whitestone,2023-10-05 00:00,2023-10-05 00:00,deli,15.57
"Atkinson, Gary","David, Mr.",gary.atkinson@abcfoodmart.com,2022-05-24,ABC Foodmart - Whitestone,2023-08-26 00:00,2023-08-26 00:00,fresh produce,17.09
"Sosa, David","Hoffman, Tina",david.sosa@abcfoodmart.com,2023-07-27,ABC Foodmart - Bay Ridge,2024-12-27 00:00,2024-12-27 00:00,meats,17.40
"Glover, Michelle","Johnston, William",michelle.glover@abcfoodmart.com,2022-08-25,ABC Foodmart - Staten Island,2024-01-02 00:00,2024-01-02 00:00,deli,13.49
"Blanchard, Ricky","Waller, Chad",ricky.blanchard@abcfoodmart.com,2023-05-23,ABC Foodmart - Bay Ridge,2024-07-10 00:00,2024-07-10 00:00,fresh produce,13.78
"Jacobs, Brenda","David, Mr.",brenda.jacobs@abcfoodmart.com,2024-02-09,ABC Foodmart - Tribeca,2025-03-23 00:00,2025-03-23 00:00,bakery,16.05
"Wood, Joshua","Farrell, Christopher",joshua.wood@abcfoodmart.com,2022-11-26,ABC Foodmart - DUMBO,2024-07-13 00:00,2024-07-13 00:00,deli,13.09
"Marquez, Jeffrey","Waller, Chad",jeffrey.marquez@abcfoodmart.com,2023-02-19,ABC Foodmart - Tribeca,2024-04-09 00:00,2024-04-09 00:00,deli,18.68
"Bennett, Alec","Carter, Karen",alec.bennett@abcfoodmart.com,2023-10-03,ABC Foodmart - Staten Island,2024-07-21 00:00,2024-07-21 00:00,customer service,18.91
"Colon, Lindsey","Carter, Karen",lindsey.colon@abcfoodmart.com,2023-02-16,ABC Foodmart - Staten Island,2024-09-12 00:00,2024-09-12 00:00,floral,18.09
"Campbell, Bethany","Flores, Angela",bethany.campbell@abcfoodmart.com,2023-10-07,ABC Foodmart - DUMBO,2024-09-23 00:00,2024-09-23 00:00,frozen foods,17.46
"White, Kenneth","Johnston, William",kenneth.white@abcfoodmart.com,2023-01-22,ABC Foodmart - Bay Ridge,2024-12-10 00:00,2024-12-10 00:00,cashier,18.52
"Nichols, Brandon","Moran, John",brandon.nichols@abcfoodmart.com,2024-02-28,ABC Foodmart - Staten Island,2025-05-22 00:00,2025-05-22 00:00,cashier,17.60
"Wells, Monica","Cooper, Robert",monica.wells@abcfoodmart.com,2024-03-12,ABC Foodmart - DUMBO,2025-05-01 00:00,2025-05-01 00:00,bakery,12.73
"Nichols, Mitchell","Compton, Jeffrey",mitchell.nichols@abcfoodmart.com,2022-09-30,ABC Foodmart - DUMBO,2023-07-21 00:00,2023-07-21 00:00,customer service,16.45
"Werner, Kara","Hoffman, Tina",kara.werner@abcfoodmart.com,2023-10-12,ABC Foodmart - Bay Ridge,2025-05-22 00:00,2025-05-22 00:00,cashier,17.70
"Walters, Jay","Ellis, Grant",jay.walters@abcfoodmart.com,2023-12-17,ABC Foodmart - DUMBO,2025-08-30 00:00,2025-08-30 00:00,dairy,13.48
"Love, Thomas","Waller, Chad",thomas.love@abcfoodmart.com,2024-02-18,ABC Foodmart - Tribeca,2025-08-09 00:00,2025-08-09 00:00,floral,17.75
"Mckenzie, William","Hoffman, Tina",william.mckenzie@abcfoodmart.com,2023-01-04,ABC Foodmart - Whitestone,2024-03-18 00:00,2024-03-18 00:00,meats,17.38
"Garcia, Sarah","Compton, Jeffrey",sarah.garcia@abcfoodmart.com,2022-12-14,ABC Foodmart - Whitestone,2024-05-09 00:00,2024-05-09 00:00,deli,19.80
"Day, Natasha","Moran, John",natasha.day@abcfoodmart.com,2023-08-02,ABC Foodmart - Bay Ridge,2024-06-16 00:00,2024-06-16 00:00,seafood,16.56
"Gardner, Laura","Waller, Chad",laura.gardner@abcfoodmart.com,2023-09-04,ABC Foodmart - Whitestone,2025-01-24 00:00,2025-01-24 00:00,customer service,16.78
"Eric, Mr.","Moran, John",mr..eric@abcfoodmart.com,2022-09-02,ABC Foodmart - Bay Ridge,2023-08-01 00:00,2023-08-01 00:00,frozen foods,12.82
"Bennett, Alec","Cooper, Robert",alec.bennett@abcfoodmart.com,2023-10-03,ABC Foodmart - Tribeca,2024-08-14 00:00,2024-08-14 00:00,dry goods,17.84
"Thompson, Andrea","Waller, Chad",andrea.thompson@abcfoodmart.com,2023-01-06,ABC Foodmart - Bay Ridge,2024-03-22 00:00,2024-03-22 00:00,seafood,14.62
"Thompson, Andrea","Flores, Angela",andrea.thompson@abcfoodmart.com,2023-01-06,ABC Foodmart - Tribeca,2024-04-09 00:00,2024-04-09 00:00,seafood,14.39
"Henderson, Nancy","Williams, Gina",nancy.henderson@abcfoodmart.com,2023-12-30,ABC Foodmart - Whitestone,2024-12-03 00:00,2024-12-03 00:00,seafood,17.31
"Davis, Jennifer","Moran, John",jennifer.davis@abcfoodmart.com,2023-11-03,ABC Foodmart - Tribeca,2025-05-11 00:00,2025-05-11 00:00,customer service,14.97
"Smith, Brandy","Waller, Chad",brandy.smith@abcfoodmart.com,2023-12-26,ABC Foodmart - DUMBO,2025-05-31 00:00,2025-05-31 00:00,fresh produce,18.02
"Smith, Brandy","Johnston, William",brandy.smith@abcfoodmart.com,2023-12-26,ABC Foodmart - DUMBO,2025-06-14 00:00,2025-06-14 00:00,floral,18.94
"Conrad, Frederick","Flores, Angela",frederick.conrad@abcfoodmart.com,2023-11-24,ABC Foodmart - Tribeca,2025-06-13 00:00,2025-06-13 00:00,frozen foods,14.52
"Golden, Laurie","Moran, John",laurie.golden@abcfoodmart.com,2023-12-23,ABC Foodmart - Tribeca,2024-09-24 00:00,2024-09-24 00:00,frozen foods,18.69
"Moon, James","Williams, Gina",james.moon@abcfoodmart.com,2023-10-20,ABC Foodmart - Tribeca,2024-11-22 00:00,2024-11-22 00:00,meats,16.31
"Nguyen, Richard","Farrell, Christopher",richard.nguyen@abcfoodmart.com,2022-09-27,ABC Foodmart - Whitestone,2024-02-08 00:00,2024-02-08 00:00,fresh produce,13.78
"Love, Thomas","Moran, John",thomas.love@abcfoodmart.com,2024-02-18,ABC Foodmart - Tribeca,2025-08-30 00:00,2025-08-30 00:00,cashier,17.37
"Jordan, Carla","Ellis, Grant",carla.jordan@abcfoodmart.com,2023-12-17,ABC Foodmart - Whitestone,2024-12-16 00:00,2024-12-16 00:00,dry goods,15.09
"Shah, Amanda","Farrell, Christopher",amanda.shah@abcfoodmart.com,2023-10-07,ABC Foodmart - Tribeca,2024-12-28 00:00,2024-12-28 00:00,floral,16.81
"Burns, Kendra","Waller, Chad",kendra.burns@abcfoodmart.com,2022-12-13,ABC Foodmart - Staten Island,2024-04-27 00:00,2024-04-27 00:00,deli,14.04
"Campbell, Brittany","David, Mr.",brittany.campbell@abcfoodmart.com,2023-03-25,ABC Foodmart - Tribeca,2024-05-27 00:00,2024-05-27 00:00,customer service,16.92
"Campbell, Brittany","Carter, Karen",brittany.campbell@abcfoodmart.com,2023-03-25,ABC Foodmart - DUMBO,2024-06-16 00:00,2024-06-16 00:00,cashier,16.92
"Riley, Ashley","Ellis, Grant",ashley.riley@abcfoodmart.com,2022-08-17,ABC Foodmart - Bay Ridge,2024-01-23 00:00,2024-01-23 00:00,cashier,15.91
"Smith, Brandy","Cooper, Robert",brandy.smith@abcfoodmart.com,2023-12-26,ABC Foodmart - Tribeca,2025-06-21 00:00,2025-06-21 00:00,fresh produce,19.37
"Randolph, Emily","Ellis, Grant",emily.randolph@abcfoodmart.com,2023-03-09,ABC Foodmart - Staten Island,2024-04-29 00:00,2024-04-29 00:00,seafood,12.24
"Bryan, Mr.","Compton, Jeffrey",mr..bryan@abcfoodmart.com,2023-08-26,ABC Foodmart - DUMBO,2025-01-02 00:00,2025-01-02 00:00,pharmacy,17.35
"Jessica, Ms.","Moran, John",ms..jessica@abcfoodmart.com,2022-06-10,ABC Foodmart - Whitestone,2023-09-07 00:00,2023-09-07 00:00,frozen foods,14.84
"Werner, Kara","Compton, Jeffrey",kara.werner@abcfoodmart.com,2023-10-12,ABC Foodmart - Tribeca,2025-05-26 00:00,2025-05-26 00:00,dry goods,15.19
"Galvan, Lori","Cooper, Robert",lori.galvan@abcfoodmart.com,2022-05-24,ABC Foodmart - Tribeca,2023-06-16 00:00,2023-06-16 00:00,cashier,16.92
"Kerr, Jason","Williams, Gina",jason.kerr@abcfoodmart.com,2022-11-21,ABC Foodmart - Bay Ridge,2024-03-15 00:00,2024-03-15 00:00,dry goods,19.42
"Jessica, Ms.","Hoffman, Tina",ms..jessica@abcfoodmart.com,2022-06-10,ABC Foodmart - DUMBO,2023-09-22 00:00,2023-09-22 00:00,seafood,18.12
"Eric, Mr.","David, Mr.",mr..eric@abcfoodmart.com,2022-09-02,ABC Foodmart - Bay Ridge,2023-08-05 00:00,2023-08-05 00:00,fresh produce,17.35
"Brown, Lisa","Ellis, Grant",lisa.brown@abcfoodmart.com,2022-08-18,ABC Foodmart - DUMBO,2023-10-31 00:00,2023-10-31 00:00,cashier,19.15
"Owens, Jeffrey","Carter, Karen",jeffrey.owens@abcfoodmart.com,2022-05-03,ABC Foodmart - Tribeca,2023-03-10 00:00,2023-03-10 00:00,cashier,17.27
"Moore, Jason","Williams, Gina",jason.moore@abcfoodmart.com,2023-07-11,ABC Foodmart - DUMBO,2024-08-02 00:00,2024-08-02 00:00,pharmacy,16.50
"Thompson, Andrea","Farrell, Christopher",andrea.thompson@abcfoodmart.com,2023-01-06,ABC Foodmart - Whitestone,2024-04-13 00:00,2024-04-13 00:00,cashier,19.22
"Pena, Johnathan","Waller, Chad",johnathan.pena@abcfoodmart.com,2023-02-22,ABC Foodmart - Whitestone,2024-05-03 00:00,2024-05-03 00:00,meats,18.55
"Spears, Erin","Farrell, Christopher",erin.spears@abcfoodmart.com,2023-07-30,ABC Foodmart - Staten Island,2024-12-15 00:00,2024-12-15 00:00,cashier,15.98
"Warren, Timothy","Carter, Karen",timothy.warren@abcfoodmart.com,2022-12-27,ABC Foodmart - Staten Island,2024-09-18 00:00,2024-09-18 00:00,seafood,17.91
"Riley, Ashley","Johnston, William",ashley.riley@abcfoodmart.com,2022-08-17,ABC Foodmart - Staten Island,2024-02-17 00:00,2024-02-17 00:00,dry goods,12.43
"Owens, Jeffrey","Hoffman, Tina",jeffrey.owens@abcfoodmart.com,2022-05-03,ABC Foodmart - Whitestone,2023-03-30 00:00,2023-03-30 00:00,deli,18.18
"Horton, Ashley","Compton, Jeffrey",ashley.horton@abcfoodmart.com,2024-01-24,ABC Foodmart - Staten Island,2025-05-19 00:00,2025-05-19 00:00,frozen foods,13.89
"Vasquez, Peter","Moran, John",peter.vasquez@abcfoodmart.com,2023-01-05,ABC Foodmart - Bay Ridge,2024-03-02 00:00,2024-03-02 00:00,meats,14.47
"Love, Thomas","Moran, John",thomas.love@abcfoodmart.com,2024-02-18,ABC Foodmart - DUMBO,2025-09-11 00:00,2025-09-11 00:00,deli,18.39
"Spears, Erin","Waller, Chad",erin.spears@abcfoodmart.com,2023-07-30,ABC Foodmart - Tribeca,2025-01-09 00:00,2025-01-09 00:00,dry goods,14.08
"Love, Thomas","Compton, Jeffrey",thomas.love@abcfoodmart.com,2024-02-18,ABC Foodmart - Whitestone,2025-09-29 00:00,2025-09-29 00:00,floral,15.52
"Long, Kirsten","Flores, Angela",kirsten.long@abcfoodmart.com,2024-02-24,ABC Foodmart - DUMBO,2025-07-12 00:00,2025-07-12 00:00,deli,16.34
"Mckinney, Marcus","Farrell, Christopher",marcus.mckinney@abcfoodmart.com,2022-08-14,ABC Foodmart - Staten Island,2024-03-17 00:00,2024-03-17 00:00,fresh produce,15.20
"Dodson, Courtney","Farrell, Christopher",courtney.dodson@abcfoodmart.com,2023-01-10,ABC Foodmart - Whitestone,2024-05-18 00:00,2024-05-18 00:00,deli,14.49
"Hughes, Christopher","Flores, Angela",christopher.hughes@abcfoodmart.com,2022-09-01,ABC Foodmart - Whitestone,2024-03-11 00:00,2024-03-11 00:00,seafood,13.44
"Spears, Erin","Farrell, Christopher",erin.spears@abcfoodmart.com,2023-07-30,ABC Foodmart - Staten Island,2025-02-02 00:00,2025-02-02 00:00,pharmacy,19.00
"White, Kenneth","Flores, Angela",kenneth.white@abcfoodmart.com,2023-01-22,ABC Foodmart - Whitestone,2024-12-30 00:00,2024-12-30 00:00,floral,16.64
"Carroll, Eric","David, Mr.",eric.carroll@abcfoodmart.com,2022-12-26,ABC Foodmart - Staten Island,2024-07-01 00:00,2024-07-01 00:00,meats,12.47
"Church, Joshua","Waller, Chad",joshua.church@abcfoodmart.com,2024-03-03,ABC Foodmart - Tribeca,2025-07-28 00:00,2025-07-28 00:00,frozen foods,13.51
"Day, Natasha","David, Mr.",natasha.day@abcfoodmart.com,2023-08-02,ABC Foodmart - Bay Ridge,2024-06-18 00:00,2024-06-18 00:00,dairy,18.96
"Blanchard, Ricky","David, Mr.",ricky.blanchard@abcfoodmart.com,2023-05-23,ABC Foodmart - Whitestone,2024-07-29 00:00,2024-07-29 00:00,floral,14.78
"Tate, Harry","David, Mr.",harry.tate@abcfoodmart.com,2022-09-18,ABC Foodmart - DUMBO,2023-12-29 00:00,2023-12-29 00:00,bakery,16.58
"Pena, Johnathan","Ellis, Grant",johnathan.pena@abcfoodmart.com,2023-02-22,ABC Foodmart - Staten Island,2024-05-18 00:00,2024-05-18 00:00,bakery,14.32
"Jessica, Ms.","Johnston, William",ms..jessica@abcfoodmart.com,2022-06-10,ABC Foodmart - DUMBO,2023-10-11 00:00,2023-10-11 00:00,deli,16.23
"Conrad, Frederick","Carter, Karen",frederick.conrad@abcfoodmart.com,2023-11-24,ABC Foodmart - DUMBO,2025-07-06 00:00,2025-07-06 00:00,cashier,12.05
"Moon, James","David, Mr.",james.moon@abcfoodmart.com,2023-10-20,ABC Foodmart - Bay Ridge,2024-12-12 00:00,2024-12-12 00:00,fresh produce,16.49
"Randolph, Emily","Flores, Angela",emily.randolph@abcfoodmart.com,2023-03-09,ABC Foodmart - Staten Island,2024-05-28 00:00,2024-05-28 00:00,meats,15.03
"Campbell, Bethany","Moran, John",bethany.campbell@abcfoodmart.com,2023-10-07,ABC Foodmart - Tribeca,2024-10-10 00:00,2024-10-10 00:00,deli,12.76
"Wells, Monica","Moran, John",monica.wells@abcfoodmart.com,2024-03-12,ABC Foodmart - Whitestone,2025-05-15 00:00,2025-05-15 00:00,customer service,13.10
"Harrell, Angie","Moran, John",angie.harrell@abcfoodmart.com,2023-06-01,ABC Foodmart - Bay Ridge,2024-06-25 00:00,2024-06-25 00:00,deli,14.41
"Riley, Ashley","David, Mr.",ashley.riley@abcfoodmart.com,2022-08-17,ABC Foodmart - Bay Ridge,2024-03-09 00:00,2024-03-09 00:00,meats,12.93
"Ellis, Lauren","Ellis, Grant",lauren.ellis@abcfoodmart.com,2022-10-22,ABC Foodmart - DUMBO,2024-02-11 00:00,2024-02-11 00:00,bakery,12.38
"Horton, Ashley","Flores, Angela",ashley.horton@abcfoodmart.com,2024-01-24,ABC Foodmart - Bay Ridge,2025-06-16 00:00,2025-06-16 00:00,deli,17.88
"Owens, Jeffrey","Williams, Gina",jeffrey.owens@abcfoodmart.com,2022-05-03,ABC Foodmart - Tribeca,2023-04-02 00:00,2023-04-02 00:00,bakery,12.04
"Johnson, Samantha","Farrell, Christopher",samantha.johnson@abcfoodmart.com,2023-01-16,ABC Foodmart - DUMBO,2024-08-09 00:00,2024-08-09 00:00,bakery,18.47
"Meyer, James","David, Mr.",james.meyer@abcfoodmart.com,2022-05-02,ABC Foodmart - Staten Island,2023-12-11 00:00,2023-12-11 00:00,bakery,12.51
"Campbell, Brittany","Williams, Gina",brittany.campbell@abcfoodmart.com,2023-03-25,ABC Foodmart - DUMBO,2024-07-13 00:00,2024-07-13 00:00,dairy,18.10
"Manning, Maria","Farrell, Christopher",maria.manning@abcfoodmart.com,2022-11-16,ABC Foodmart - Bay Ridge,2024-02-16 00:00,2024-02-16 00:00,seafood,13.58
"Spears, Erin","Hoffman, Tina",erin.spears@abcfoodmart.com,2023-07-30,ABC Foodmart - Staten Island,2025-02-12 00:00,2025-02-12 00:00,pharmacy,13.97
"Jones, Michael","Ellis, Grant",michael.jones@abcfoodmart.com,2023-01-19,ABC Foodmart - DUMBO,2023-12-13 00:00,2023-12-13 00:00,floral,16.94
"Mckenzie, William","Moran, John",william.mckenzie@abcfoodmart.com,2023-01-04,ABC Foodmart - DUMBO,2024-04-10 00:00,2024-04-10 00:00,dairy,16.51
"Chen, Kathleen","Hoffman, Tina",kathleen.chen@abcfoodmart.com,2024-02-03,ABC Foodmart - DUMBO,2024-12-27 00:00,2024-12-27 00:00,dry goods,19.37
"Tate, Harry","Carter, Karen",harry.tate@abcfoodmart.com,2022-09-18,ABC Foodmart - DUMBO,2024-01-16 00:00,2024-01-16 00:00,dry goods,17.80
"White, Kenneth","Carter, Karen",kenneth.white@abcfoodmart.com,2023-01-22,ABC Foodmart - DUMBO,2025-01-06 00:00,2025-01-06 00:00,dairy,12.26
"Moore, Jason","Cooper, Robert",jason.moore@abcfoodmart.com,2023-07-11,ABC Foodmart - Whitestone,2024-08-29 00:00,2024-08-29 00:00,meats,16.47
"Blanchard, Ricky","Farrell, Christopher",ricky.blanchard@abcfoodmart.com,2023-05-23,ABC Foodmart - Tribeca,2024-08-23 00:00,2024-08-23 00:00,customer service,19.52
"Hayes, Brandon","Williams, Gina",brandon.hayes@abcfoodmart.com,2022-09-28,ABC Foodmart - Staten Island,2023-10-24 00:00,2023-10-24 00:00,dry goods,12.68
"Chen, Kathleen","Ellis, Grant",kathleen.chen@abcfoodmart.com,2024-02-03,ABC Foodmart - Bay Ridge,2025-01-20 00:00,2025-01-20 00:00,fresh produce,16.73
"Horton, Ashley","Carter, Karen",ashley.horton@abcfoodmart.com,2024-01-24,ABC Foodmart - Bay Ridge,2025-06-21 00:00,2025-06-21 00:00,dry goods,17.90
"Hernandez, Michael","Hoffman, Tina",michael.hernandez@abcfoodmart.com,2022-05-24,ABC Foodmart - Whitestone,2024-01-27 00:00,2024-01-27 00:00,customer service,16.91
"Bennett, Alec","Ellis, Grant",alec.bennett@abcfoodmart.com,2023-10-03,ABC Foodmart - DUMBO,2024-08-24 00:00,2024-08-24 00:00,bakery,17.50
"Ellis, Lauren","Compton, Jeffrey",lauren.ellis@abcfoodmart.com,2022-10-22,ABC Foodmart - Tribeca,2024-02-16 00:00,2024-02-16 00:00,seafood,18.91
"Golden, Laurie","Waller, Chad",laurie.golden@abcfoodmart.com,2023-12-23,ABC Foodmart - Whitestone,2024-10-09 00:00,2024-10-09 00:00,pharmacy,12.91
"Colon, Lindsey","Flores, Angela",lindsey.colon@abcfoodmart.com,2023-02-16,ABC Foodmart - Tribeca,2024-10-08 00:00,2024-10-08 00:00,dairy,18.00
"Love, Thomas","Hoffman, Tina",thomas.love@abcfoodmart.com,2024-02-18,ABC Foodmart - Tribeca,2025-10-27 00:00,2025-10-27 00:00,pharmacy,15.56
"Dodson, Courtney","Farrell, Christopher",courtney.dodson@abcfoodmart.com,2023-01-10,ABC Foodmart - Tribeca,2024-06-04 00:00,2024-06-04 00:00,pharmacy,13.04
"Chen, Kathleen","Johnston, William",kathleen.chen@abcfoodmart.com,2024-02-03,ABC Foodmart - Whitestone,2025-01-28 00:00,2025-01-28 00:00,fresh produce,18.58
"Dodson, Courtney","Hoffman, Tina",courtney.dodson@abcfoodmart.com,2023-01-10,ABC Foodmart - Bay Ridge,2024-07-02 00:00,2024-07-02 00:00,deli,16.83
"Day, Natasha","Ellis, Grant",natasha.day@abcfoodmart.com,2023-08-02,ABC Foodmart - Tribeca,2024-06-28 00:00,2024-06-28 00:00,seafood,14.74
"Martin, Monica","Moran, John",monica.martin@abcfoodmart.com,2023-11-23,ABC Foodmart - DUMBO,2025-07-01 00:00,2025-07-01 00:00,bakery,18.63
"Love, Thomas","David, Mr.",thomas.love@abcfoodmart.com,2024-02-18,ABC Foodmart - Whitestone,2025-11-06 00:00,2025-11-06 00:00,dry goods,14.70
"Brown, Lisa","Ellis, Grant",lisa.brown@abcfoodmart.com,2022-08-18,ABC Foodmart - Staten Island,2023-11-17 00:00,2023-11-17 00:00,seafood,15.95
"Glover, Michelle","Farrell, Christopher",michelle.glover@abcfoodmart.com,2022-08-25,ABC Foodmart - Staten Island,2024-01-09 00:00,2024-01-09 00:00,frozen foods,17.34
"Chambers, Jeffrey","Waller, Chad",jeffrey.chambers@abcfoodmart.com,2022-09-29,ABC Foodmart - DUMBO,2023-11-13 00:00,2023-11-13 00:00,floral,14.98
"Bradley, Rita","Flores, Angela",rita.bradley@abcfoodmart.com,2023-08-06,ABC Foodmart - Bay Ridge,2024-09-23 00:00,2024-09-23 00:00,fresh produce,18.51
"Day, Natasha","Waller, Chad",natasha.day@abcfoodmart.com,2023-08-02,ABC Foodmart - Whitestone,2024-07-22 00:00,2024-07-22 00:00,bakery,12.28
"Jackson, Gary","Farrell, Christopher",gary.jackson@abcfoodmart.com,2022-09-08,ABC Foodmart - DUMBO,2023-07-25 00:00,2023-07-25 00:00,dairy,16.14
"Myers, Gary","Hoffman, Tina",gary.myers@abcfoodmart.com,2023-10-13,ABC Foodmart - Staten Island,2024-09-05 00:00,2024-09-05 00:00,meats,15.81
"Roach, Christine","Farrell, Christopher",christine.roach@abcfoodmart.com,2023-10-15,ABC Foodmart - Bay Ridge,2024-11-23 00:00,2024-11-23 00:00,fresh produce,14.68
"Moore, Jason","Ellis, Grant",jason.moore@abcfoodmart.com,2023-07-11,ABC Foodmart - Whitestone,2024-09-23 00:00,2024-09-23 00:00,seafood,17.27
"Carroll, Eric","Waller, Chad",eric.carroll@abcfoodmart.com,2022-12-26,ABC Foodmart - Staten Island,2024-07-15 00:00,2024-07-15 00:00,bakery,19.07
"Harrell, Angie","Ellis, Grant",angie.harrell@abcfoodmart.com,2023-06-01,ABC Foodmart - Tribeca,2024-07-14 00:00,2024-07-14 00:00,deli,18.81
"Williams, Michael","Flores, Angela",michael.williams@abcfoodmart.com,2023-06-11,ABC Foodmart - Tribeca,2024-09-05 00:00,2024-09-05 00:00,meats,15.32
"Eric, Mr.","Hoffman, Tina",mr..eric@abcfoodmart.com,2022-09-02,ABC Foodmart - Whitestone,2023-08-13 00:00,2023-08-13 00:00,fresh produce,16.99
"Wood, Joshua","Moran, John",joshua.wood@abcfoodmart.com,2022-11-26,ABC Foodmart - Tribeca,2024-07-20 00:00,2024-07-20 00:00,dairy,13.21
"Thompson, Matthew","David, Mr.",matthew.thompson@abcfoodmart.com,2022-04-22,ABC Foodmart - DUMBO,2023-05-28 00:00,2023-05-28 00:00,fresh produce,13.90
"Sosa, David","Williams, Gina",david.sosa@abcfoodmart.com,2023-07-27,ABC Foodmart - Bay Ridge,2025-01-02 00:00,2025-01-02 00:00,cashier,19.17
"Gardner, Laura","David, Mr.",laura.gardner@abcfoodmart.com,2023-09-04,ABC Foodmart - Tribeca,2025-02-10 00:00,2025-02-10 00:00,deli,13.64
"Gross, Andrew","Johnston, William",andrew.gross@abcfoodmart.com,2022-04-30,ABC Foodmart - Staten Island,2023-05-12 00:00,2023-05-12 00:00,customer service,15.33
"Wood, Joshua","Cooper, Robert",joshua.wood@abcfoodmart.com,2022-11-26,ABC Foodmart - Staten Island,2024-07-29 00:00,2024-07-29 00:00,bakery,18.13
"Love, Thomas","Flores, Angela",thomas.love@abcfoodmart.com,2024-02-18,ABC Foodmart - DUMBO,2025-12-02 00:00,2025-12-02 00:00,meats,13.52
"Harrell, Angie","Johnston, William",angie.harrell@abcfoodmart.com,2023-06-01,ABC Foodmart - Bay Ridge,2024-07-15 00:00,2024-07-15 00:00,cashier,14.88
"Waters, Julie","Flores, Angela",julie.waters@abcfoodmart.com,2023-05-20,ABC Foodmart - Bay Ridge,2024-07-02 00:00,2024-07-02 00:00,customer service,13.70
"Jackson, Gary","Cooper, Robert",gary.jackson@abcfoodmart.com,2022-09-08,ABC Foodmart - Staten Island,2023-08-22 00:00,2023-08-22 00:00,fresh produce,19.25
"Riley, Ashley","Waller, Chad",ashley.riley@abcfoodmart.com,2022-08-17,ABC Foodmart - Tribeca,2024-04-02 00:00,2024-04-02 00:00,seafood,17.52
"Day, Natasha","Johnston, William",natasha.day@abcfoodmart.com,2023-08-02,ABC Foodmart - Bay Ridge,2024-07-28 00:00,2024-07-28 00:00,deli,16.94
"Jones, Christopher","Carter, Karen",christopher.jones@abcfoodmart.com,2022-05-19,ABC Foodmart - Whitestone,2023-09-21 00:00,2023-09-21 00:00,customer service,17.62
"Burns, Kendra","Hoffman, Tina",kendra.burns@abcfoodmart.com,2022-12-13,ABC Foodmart - Bay Ridge,2024-05-24 00:00,2024-05-24 00:00,cashier,17.23
"Wilson, Jill","Moran, John",jill.wilson@abcfoodmart.com,2022-12-06,ABC Foodmart - DUMBO,2024-06-08 00:00,2024-06-08 00:00,cashier,13.01
"Hernandez, Michael","Waller, Chad",michael.hernandez@abcfoodmart.com,2022-05-24,ABC Foodmart - Tribeca,2024-01-28 00:00,2024-01-28 00:00,customer service,16.41
"Torres, Steven","Carter, Karen",steven.torres@abcfoodmart.com,2023-05-10,ABC Foodmart - Staten Island,2024-07-22 00:00,2024-07-22 00:00,deli,12.51
"Hernandez, Michael","Waller, Chad",michael.hernandez@abcfoodmart.com,2022-05-24,ABC Foodmart - DUMBO,2024-02-02 00:00,2024-02-02 00:00,fresh produce,16.14
"Bryan, Mr.","Carter, Karen",mr..bryan@abcfoodmart.com,2023-08-26,ABC Foodmart - Whitestone,2025-01-21 00:00,2025-01-21 00:00,customer service,19.11
"Shah, Amanda","Carter, Karen",amanda.shah@abcfoodmart.com,2023-10-07,ABC Foodmart - Staten Island,2025-01-19 00:00,2025-01-19 00:00,seafood,17.95
"Glover, Michelle","Carter, Karen",michelle.glover@abcfoodmart.com,2022-08-25,ABC Foodmart - DUMBO,2024-01-27 00:00,2024-01-27 00:00,deli,13.76
"Warren, Timothy","Carter, Karen",timothy.warren@abcfoodmart.com,2022-12-27,ABC Foodmart - Tribeca,2024-10-09 00:00,2024-10-09 00:00,meats,17.07
"Terri, Mrs.","Moran, John",mrs..terri@abcfoodmart.com,2022-09-23,ABC Foodmart - DUMBO,2024-02-27 00:00,2024-02-27 00:00,frozen foods,18.65
"Kramer, Veronica","Williams, Gina",veronica.kramer@abcfoodmart.com,2023-03-28,ABC Foodmart - DUMBO,2024-08-15 00:00,2024-08-15 00:00,dry goods,13.97
"Burns, Kendra","Carter, Karen",kendra.burns@abcfoodmart.com,2022-12-13,ABC Foodmart - Staten Island,2024-06-12 00:00,2024-06-12 00:00,customer service,14.42
"Long, Kirsten","Moran, John",kirsten.long@abcfoodmart.com,2024-02-24,ABC Foodmart - Bay Ridge,2025-08-05 00:00,2025-08-05 00:00,frozen foods,16.79
"Jacobs, Brenda","Flores, Angela",brenda.jacobs@abcfoodmart.com,2024-02-09,ABC Foodmart - Bay Ridge,2025-03-29 00:00,2025-03-29 00:00,bakery,17.64
"Martin, Monica","Ellis, Grant",monica.martin@abcfoodmart.com,2023-11-23,ABC Foodmart - Whitestone,2025-07-16 00:00,2025-07-16 00:00,bakery,16.21
"Nguyen, Richard","David, Mr.",richard.nguyen@abcfoodmart.com,2022-09-27,ABC Foodmart - Whitestone,2024-02-10 00:00,2024-02-10 00:00,floral,18.89
"Bennett, Alec","Williams, Gina",alec.bennett@abcfoodmart.com,2023-10-03,ABC Foodmart - Staten Island,2024-09-15 00:00,2024-09-15 00:00,deli,15.42
"Carroll, Eric","Flores, Angela",eric.carroll@abcfoodmart.com,2022-12-26,ABC Foodmart - Whitestone,2024-07-19 00:00,2024-07-19 00:00,dry goods,19.52
"Owens, Jeffrey","Flores, Angela",jeffrey.owens@abcfoodmart.com,2022-05-03,ABC Foodmart - Bay Ridge,2023-04-28 00:00,2023-04-28 00:00,cashier,14.97
"Shah, Amanda","Hoffman, Tina",amanda.shah@abcfoodmart.com,2023-10-07,ABC Foodmart - DUMBO,2025-01-30 00:00,2025-01-30 00:00,seafood,19.63
"Jones, Evelyn","Ellis, Grant",evelyn.jones@abcfoodmart.com,2024-02-25,ABC Foodmart - Bay Ridge,2025-05-27 00:00,2025-05-27 00:00,customer service,15.14
"Day, Natasha","Farrell, Christopher",natasha.day@abcfoodmart.com,2023-08-02,ABC Foodmart - Tribeca,2024-08-19 00:00,2024-08-19 00:00,deli,19.00
"Long, Kirsten","David, Mr.",kirsten.long@abcfoodmart.com,2024-02-24,ABC Foodmart - DUMBO,2025-08-26 00:00,2025-08-26 00:00,seafood,12.47
"Dodson, Courtney","Farrell, Christopher",courtney.dodson@abcfoodmart.com,2023-01-10,ABC Foodmart - Staten Island,2024-07-15 00:00,2024-07-15 00:00,pharmacy,15.06
"Bradley, Rita","Johnston, William",rita.bradley@abcfoodmart.com,2023-08-06,ABC Foodmart - Tribeca,2024-10-06 00:00,2024-10-06 00:00,cashier,19.11
"Hernandez, Michael","Hoffman, Tina",michael.hernandez@abcfoodmart.com,2022-05-24,ABC Foodmart - Staten Island,2024-02-03 00:00,2024-02-03 00:00,customer service,15.18
"Dodson, Courtney","Farrell, Christopher",courtney.dodson@abcfoodmart.com,2023-01-10,ABC Foodmart - Whitestone,2024-07-18 00:00,2024-07-18 00:00,seafood,16.38
"Burns, Kendra","Carter, Karen",kendra.burns@abcfoodmart.com,2022-12-13,ABC Foodmart - Staten Island,2024-06-13 00:00,2024-06-13 00:00,dairy,14.37
"Harrell, Angie","Carter, Karen",angie.harrell@abcfoodmart.com,2023-06-01,ABC Foodmart - Tribeca,2024-08-04 00:00,2024-08-04 00:00,seafood,14.96
"Harrell, Angie","Hoffman, Tina",angie.harrell@abcfoodmart.com,2023-06-01,ABC Foodmart - DUMBO,2024-08-06 00:00,2024-08-06 00:00,frozen foods,14.69
"Smith, Diana","Waller, Chad",diana.smith@abcfoodmart.com,2023-05-31,ABC Foodmart - Staten Island,2024-09-14 00:00,2024-09-14 00:00,frozen foods,18.94
"Riley, Ashley","Carter, Karen",ashley.riley@abcfoodmart.com,2022-08-17,ABC Foodmart - Bay Ridge,2024-05-01 00:00,2024-05-01 00:00,customer service,14.83
"Carroll, Eric","Hoffman, Tina",eric.carroll@abcfoodmart.com,2022-12-26,ABC Foodmart - Bay Ridge,2024-08-07 00:00,2024-08-07 00:00,seafood,18.78
"Golden, Laurie","Moran, John",laurie.golden@abcfoodmart.com,2023-12-23,ABC Foodmart - Staten Island,2024-10-30 00:00,2024-10-30 00:00,customer service,12.59
"Davis, Jennifer","Williams, Gina",jennifer.davis@abcfoodmart.com,2023-11-03,ABC Foodmart - Whitestone,2025-05-18 00:00,2025-05-18 00:00,seafood,15.81
"Randolph, Emily","Ellis, Grant",emily.randolph@abcfoodmart.com,2023-03-09,ABC Foodmart - Tribeca,2024-06-24 00:00,2024-06-24 00:00,floral,18.72
"Nguyen, Richard","Cooper, Robert",richard.nguyen@abcfoodmart.com,2022-09-27,ABC Foodmart - Whitestone,2024-03-08 00:00,2024-03-08 00:00,dry goods,13.41
"Johnson, Samantha","Waller, Chad",samantha.johnson@abcfoodmart.com,2023-01-16,ABC Foodmart - Tribeca,2024-09-07 00:00,2024-09-07 00:00,dairy,14.06
"Jacobs, Brenda","Williams, Gina",brenda.jacobs@abcfoodmart.com,2024-02-09,ABC Foodmart - Bay Ridge,2025-04-21 00:00,2025-04-21 00:00,fresh produce,17.78
"Carroll, Eric","Carter, Karen",eric.carroll@abcfoodmart.com,2022-12-26,ABC Foodmart - Staten Island,2024-08-31 00:00,2024-08-31 00:00,dairy,18.54
"Wells, Monica","David, Mr.",monica.wells@abcfoodmart.com,2024-03-12,ABC Foodmart - Staten Island,2025-06-12 00:00,2025-06-12 00:00,bakery,17.11
"Martin, Monica","Carter, Karen",monica.martin@abcfoodmart.com,2023-11-23,ABC Foodmart - Whitestone,2025-08-09 00:00,2025-08-09 00:00,deli,16.97
"Jackson, Gary","Johnston, William",gary.jackson@abcfoodmart.com,2022-09-08,ABC Foodmart - DUMBO,2023-09-20 00:00,2023-09-20 00:00,pharmacy,16.21
"Terri, Mrs.","Johnston, William",mrs..terri@abcfoodmart.com,2022-09-23,ABC Foodmart - Bay Ridge,2024-03-16 00:00,2024-03-16 00:00,floral,18.36
"Davis, Jennifer","Waller, Chad",jennifer.davis@abcfoodmart.com,2023-11-03,ABC Foodmart - Tribeca,2025-06-08 00:00,2025-06-08 00:00,bakery,15.02
"Bryan, Mr.","Waller, Chad",mr..bryan@abcfoodmart.com,2023-08-26,ABC Foodmart - Tribeca,2025-02-06 00:00,2025-02-06 00:00,bakery,18.89
"Galvan, Lori","Hoffman, Tina",lori.galvan@abcfoodmart.com,2022-05-24,ABC Foodmart - Staten Island,2023-06-19 00:00,2023-06-19 00:00,customer service,15.21
"Durham, Denise","Ellis, Grant",denise.durham@abcfoodmart.com,2022-10-24,ABC Foodmart - Bay Ridge,2024-02-07 00:00,2024-02-07 00:00,deli,13.49
"Williams, Michael","Compton, Jeffrey",michael.williams@abcfoodmart.com,2023-06-11,ABC Foodmart - Whitestone,2024-09-19 00:00,2024-09-19 00:00,deli,16.05
"Foster, Kenneth","Moran, John",kenneth.foster@abcfoodmart.com,2023-04-23,ABC Foodmart - Staten Island,2024-08-04 00:00,2024-08-04 00:00,frozen foods,14.53
"Garcia, Sarah","Johnston, William",sarah.garcia@abcfoodmart.com,2022-12-14,ABC Foodmart - Whitestone,2024-05-31 00:00,2024-05-31 00:00,dairy,15.89
"Gardner, Laura","Williams, Gina",laura.gardner@abcfoodmart.com,2023-09-04,ABC Foodmart - DUMBO,2025-03-02 00:00,2025-03-02 00:00,dry goods,15.38
"Gonzalez, Michele","Cooper, Robert",michele.gonzalez@abcfoodmart.com,2023-09-23,ABC Foodmart - DUMBO,2024-10-04 00:00,2024-10-04 00:00,meats,16.65
"Kramer, Veronica","David, Mr.",veronica.kramer@abcfoodmart.com,2023-03-28,ABC Foodmart - Bay Ridge,2024-09-10 00:00,2024-09-10 00:00,dry goods,14.19
"Walters, Jay","David, Mr.",jay.walters@abcfoodmart.com,2023-12-17,ABC Foodmart - Tribeca,2025-09-24 00:00,2025-09-24 00:00,dry goods,17.10
"Carroll, Eric","Compton, Jeffrey",eric.carroll@abcfoodmart.com,2022-12-26,ABC Foodmart - DUMBO,2024-09-16 00:00,2024-09-16 00:00,cashier,16.30
"Manning, Maria","Cooper, Robert",maria.manning@abcfoodmart.com,2022-11-16,ABC Foodmart - Staten Island,2024-02-21 00:00,2024-02-21 00:00,dry goods,12.21
"Glover, Michelle","Ellis, Grant",michelle.glover@abcfoodmart.com,2022-08-25,ABC Foodmart - Bay Ridge,2024-02-14 00:00,2024-02-14 00:00,bakery,13.13
"Day, Natasha","Johnston, William",natasha.day@abcfoodmart.com,2023-08-02,ABC Foodmart - Whitestone,2024-09-14 00:00,2024-09-14 00:00,floral,12.22
"Roach, Christine","Compton, Jeffrey",christine.roach@abcfoodmart.com,2023-10-15,ABC Foodmart - Staten Island,2024-12-04 00:00,2024-12-04 00:00,customer service,15.24
"Jones, Christopher","Moran, John",christopher.jones@abcfoodmart.com,2022-05-19,ABC Foodmart - Whitestone,2023-09-27 00:00,2023-09-27 00:00,bakery,17.32
"Herrera, Spencer","Flores, Angela",spencer.herrera@abcfoodmart.com,2023-01-16,ABC Foodmart - Whitestone,2023-11-16 00:00,2023-11-16 00:00,deli,16.00
"Herrera, Spencer","Williams, Gina",spencer.herrera@abcfoodmart.com,2023-01-16,ABC Foodmart - Whitestone,2023-12-11 00:00,2023-12-11 00:00,fresh produce,14.35
"Hayes, Brandon","Johnston, William",brandon.hayes@abcfoodmart.com,2022-09-28,ABC Foodmart - Bay Ridge,2023-11-03 00:00,2023-11-03 00:00,seafood,14.99
"Jessica, Ms.","Compton, Jeffrey",ms..jessica@abcfoodmart.com,2022-06-10,ABC Foodmart - Bay Ridge,2023-11-07 00:00,2023-11-07 00:00,seafood,17.43
"Walls, Kristen","David, Mr.",kristen.walls@abcfoodmart.com,2023-02-10,ABC Foodmart - Whitestone,2024-02-17 00:00,2024-02-17 00:00,customer service,16.74
"Bradley, Rita","Cooper, Robert",rita.bradley@abcfoodmart.com,2023-08-06,ABC Foodmart - Bay Ridge,2024-11-01 00:00,2024-11-01 00:00,dairy,14.02
"Colon, Lindsey","David, Mr.",lindsey.colon@abcfoodmart.com,2023-02-16,ABC Foodmart - Tribeca,2024-10-11 00:00,2024-10-11 00:00,seafood,19.89
"Atkinson, Gary","Hoffman, Tina",gary.atkinson@abcfoodmart.com,2022-05-24,ABC Foodmart - DUMBO,2023-09-15 00:00,2023-09-15 00:00,deli,14.14
"Nichols, Brandon","Farrell, Christopher",brandon.nichols@abcfoodmart.com,2024-02-28,ABC Foodmart - DUMBO,2025-06-14 00:00,2025-06-14 00:00,frozen foods,19.82
"Jacobs, Brenda","Carter, Karen",brenda.jacobs@abcfoodmart.com,2024-02-09,ABC Foodmart - Whitestone,2025-04-24 00:00,2025-04-24 00:00,deli,19.85
"Church, Joshua","Williams, Gina",joshua.church@abcfoodmart.com,2024-03-03,ABC Foodmart - Staten Island,2025-08-24 00:00,2025-08-24 00:00,bakery,14.65
"Foster, Jennifer","Carter, Karen",jennifer.foster@abcfoodmart.com,2023-06-15,ABC Foodmart - DUMBO,2024-12-09 00:00,2024-12-09 00:00,deli,18.25
"Bennett, Alec","Cooper, Robert",alec.bennett@abcfoodmart.com,2023-10-03,ABC Foodmart - Tribeca,2024-09-29 00:00,2024-09-29 00:00,pharmacy,13.60
"Nichols, Brandon","David, Mr.",brandon.nichols@abcfoodmart.com,2024-02-28,ABC Foodmart - Tribeca,2025-06-30 00:00,2025-06-30 00:00,seafood,13.31
"Johnson, Samantha","Williams, Gina",samantha.johnson@abcfoodmart.com,2023-01-16,ABC Foodmart - DUMBO,2024-09-22 00:00,2024-09-22 00:00,floral,14.94
"Horton, Ashley","Hoffman, Tina",ashley.horton@abcfoodmart.com,2024-01-24,ABC Foodmart - Bay Ridge,2025-07-15 00:00,2025-07-15 00:00,customer service,19.72
"Walters, Jay","Waller, Chad",jay.walters@abcfoodmart.com,2023-12-17,ABC Foodmart - Tribeca,2025-10-16 00:00,2025-10-16 00:00,seafood,12.57
"Wells, Monica","David, Mr.",monica.wells@abcfoodmart.com,2024-03-12,ABC Foodmart - Staten Island,2025-07-11 00:00,2025-07-11 00:00,floral,12.86
"Bryan, Mr.","Farrell, Christopher",mr..bryan@abcfoodmart.com,2023-08-26,ABC Foodmart - DUMBO,2025-02-28 00:00,2025-02-28 00:00,customer service,15.48
"Day, Natasha","Cooper, Robert",natasha.day@abcfoodmart.com,2023-08-02,ABC Foodmart - DUMBO,2024-09-27 00:00,2024-09-27 00:00,fresh produce,18.23
"Jessica, Ms.","Moran, John",ms..jessica@abcfoodmart.com,2022-06-10,ABC Foodmart - Bay Ridge,2023-11-15 00:00,2023-11-15 00:00,floral,14.09
"Wood, Joshua","Moran, John",joshua.wood@abcfoodmart.com,2022-11-26,ABC Foodmart - Tribeca,2024-08-10 00:00,2024-08-10 00:00,customer service,17.96
"Conrad, Frederick","Waller, Chad",frederick.conrad@abcfoodmart.com,2023-11-24,ABC Foodmart - Tribeca,2025-07-20 00:00,2025-07-20 00:00,dairy,17.96
"Alvarez, Brenda","David, Mr.",brenda.alvarez@abcfoodmart.com,2023-11-16,ABC Foodmart - Tribeca,2025-03-25 00:00,2025-03-25 00:00,cashier,17.80
"Moore, Jason","Flores, Angela",jason.moore@abcfoodmart.com,2023-07-11,ABC Foodmart - DUMBO,2024-10-21 00:00,2024-10-21 00:00,frozen foods,17.69
"Moore, Jason","Carter, Karen",jason.moore@abcfoodmart.com,2023-07-11,ABC Foodmart - Tribeca,2024-11-02 00:00,2024-11-02 00:00,customer service,19.04
"Waters, Julie","Waller, Chad",julie.waters@abcfoodmart.com,2023-05-20,ABC Foodmart - Tribeca,2024-07-07 00:00,2024-07-07 00:00,frozen foods,19.81
"Waters, Julie","Hoffman, Tina",julie.waters@abcfoodmart.com,2023-05-20,ABC Foodmart - Bay Ridge,2024-07-18 00:00,2024-07-18 00:00,floral,18.73
"Jacobs, Brenda","Cooper, Robert",brenda.jacobs@abcfoodmart.com,2024-02-09,ABC Foodmart - DUMBO,2025-05-06 00:00,2025-05-06 00:00,deli,14.95
"Glover, Michelle","Flores, Angela",michelle.glover@abcfoodmart.com,2022-08-25,ABC Foodmart - DUMBO,2024-03-10 00:00,2024-03-10 00:00,cashier,17.98
"Wells, Monica","Cooper, Robert",monica.wells@abcfoodmart.com,2024-03-12,ABC Foodmart - Staten Island,2025-07-16 00:00,2025-07-16 00:00,dry goods,18.54
"Werner, Kara","Moran, John",kara.werner@abcfoodmart.com,2023-10-12,ABC Foodmart - Tribeca,2025-06-20 00:00,2025-06-20 00:00,seafood,15.19
"Long, Kirsten","Williams, Gina",kirsten.long@abcfoodmart.com,2024-02-24,ABC Foodmart - Whitestone,2025-09-02 00:00,2025-09-02 00:00,floral,12.56
"Harrell, Angie","Waller, Chad",angie.harrell@abcfoodmart.com,2023-06-01,ABC Foodmart - Whitestone,2024-09-02 00:00,2024-09-02 00:00,pharmacy,12.32
"Williams, Michael","Carter, Karen",michael.williams@abcfoodmart.com,2023-06-11,ABC Foodmart - Whitestone,2024-09-26 00:00,2024-09-26 00:00,bakery,14.15
"Carroll, Eric","David, Mr.",eric.carroll@abcfoodmart.com,2022-12-26,ABC Foodmart - DUMBO,2024-10-07 00:00,2024-10-07 00:00,meats,18.80
"Marquez, Jeffrey","Ellis, Grant",jeffrey.marquez@abcfoodmart.com,2023-02-19,ABC Foodmart - Whitestone,2024-04-23 00:00,2024-04-23 00:00,dairy,15.82
"Waters, Julie","Cooper, Robert",julie.waters@abcfoodmart.com,2023-05-20,ABC Foodmart - DUMBO,2024-07-25 00:00,2024-07-25 00:00,pharmacy,16.67
"Mckinney, Marcus","Hoffman, Tina",marcus.mckinney@abcfoodmart.com,2022-08-14,ABC Foodmart - Bay Ridge,2024-04-14 00:00,2024-04-14 00:00,customer service,17.38
"Hayes, Brandon","Ellis, Grant",brandon.hayes@abcfoodmart.com,2022-09-28,ABC Foodmart - Bay Ridge,2023-11-04 00:00,2023-11-04 00:00,frozen foods,19.42
"Nichols, Brandon","Carter, Karen",brandon.nichols@abcfoodmart.com,2024-02-28,ABC Foodmart - Staten Island,2025-07-05 00:00,2025-07-05 00:00,deli,19.05
"Payne, Samantha","Williams, Gina",samantha.payne@abcfoodmart.com,2024-04-06,ABC Foodmart - DUMBO,2025-06-19 00:00,2025-06-19 00:00,customer service,12.24
"Mckenzie, William","Waller, Chad",william.mckenzie@abcfoodmart.com,2023-01-04,ABC Foodmart - DUMBO,2024-05-03 00:00,2024-05-03 00:00,dairy,14.33
"Jacobs, Brenda","Compton, Jeffrey",brenda.jacobs@abcfoodmart.com,2024-02-09,ABC Foodmart - Staten Island,2025-05-23 00:00,2025-05-23 00:00,customer service,12.09
"Day, Natasha","Flores, Angela",natasha.day@abcfoodmart.com,2023-08-02,ABC Foodmart - DUMBO,2024-10-03 00:00,2024-10-03 00:00,fresh produce,13.70
"Jessica, Ms.","Williams, Gina",ms..jessica@abcfoodmart.com,2022-06-10,ABC Foodmart - DUMBO,2023-12-09 00:00,2023-12-09 00:00,customer service,15.20
"Mckinney, Marcus","David, Mr.",marcus.mckinney@abcfoodmart.com,2022-08-14,ABC Foodmart - Staten Island,2024-04-24 00:00,2024-04-24 00:00,pharmacy,19.06
"Chambers, Jeffrey","Waller, Chad",jeffrey.chambers@abcfoodmart.com,2022-09-29,ABC Foodmart - Whitestone,2023-12-03 00:00,2023-12-03 00:00,frozen foods,13.63
"Davis, Jennifer","Flores, Angela",jennifer.davis@abcfoodmart.com,2023-11-03,ABC Foodmart - DUMBO,2025-06-29 00:00,2025-06-29 00:00,floral,13.05
"Glover, Michelle","Moran, John",michelle.glover@abcfoodmart.com,2022-08-25,ABC Foodmart - Staten Island,2024-03-11 00:00,2024-03-11 00:00,bakery,16.45
"Ellis, Lauren","Hoffman, Tina",lauren.ellis@abcfoodmart.com,2022-10-22,ABC Foodmart - Whitestone,2024-02-22 00:00,2024-02-22 00:00,frozen foods,18.62
"Payne, Samantha","Flores, Angela",samantha.payne@abcfoodmart.com,2024-04-06,ABC Foodmart - Whitestone,2025-07-15 00:00,2025-07-15 00:00,floral,13.57
"Golden, Laurie","Williams, Gina",laurie.golden@abcfoodmart.com,2023-12-23,ABC Foodmart - Whitestone,2024-11-19 00:00,2024-11-19 00:00,cashier,16.70
"Kramer, Veronica","Carter, Karen",veronica.kramer@abcfoodmart.com,2023-03-28,ABC Foodmart - Tribeca,2024-09-19 00:00,2024-09-19 00:00,dry goods,19.31
"Eric, Mr.","Hoffman, Tina",mr..eric@abcfoodmart.com,2022-09-02,ABC Foodmart - Whitestone,2023-09-03 00:00,2023-09-03 00:00,cashier,15.95
"Hayes, Brandon","Farrell, Christopher",brandon.hayes@abcfoodmart.com,2022-09-28,ABC Foodmart - DUMBO,2023-11-23 00:00,2023-11-23 00:00,bakery,15.44
"Meyer, James","Cooper, Robert",james.meyer@abcfoodmart.com,2022-05-02,ABC Foodmart - Bay Ridge,2024-01-05 00:00,2024-01-05 00:00,seafood,13.20
"Long, Kirsten","Flores, Angela",kirsten.long@abcfoodmart.com,2024-02-24,ABC Foodmart - Bay Ridge,2025-09-10 00:00,2025-09-10 00:00,deli,19.13
"Love, Thomas","Farrell, Christopher",thomas.love@abcfoodmart.com,2024-02-18,ABC Foodmart - DUMBO,2025-12-08 00:00,2025-12-08 00:00,floral,13.79
"Jessica, Ms.","Flores, Angela",ms..jessica@abcfoodmart.com,2022-06-10,ABC Foodmart - Bay Ridge,2023-12-18 00:00,2023-12-18 00:00,deli,15.97
"Pena, Johnathan","Carter, Karen",johnathan.pena@abcfoodmart.com,2023-02-22,ABC Foodmart - Tribeca,2024-06-13 00:00,2024-06-13 00:00,frozen foods,12.79
"Atkinson, Gary","Flores, Angela",gary.atkinson@abcfoodmart.com,2022-05-24,ABC Foodmart - Bay Ridge,2023-10-12 00:00,2023-10-12 00:00,floral,17.73
"Shah, Amanda","Johnston, William",amanda.shah@abcfoodmart.com,2023-10-07,ABC Foodmart - Bay Ridge,2025-02-14 00:00,2025-02-14 00:00,deli,14.16
"Herrera, Spencer","Cooper, Robert",spencer.herrera@abcfoodmart.com,2023-01-16,ABC Foodmart - DUMBO,2023-12-25 00:00,2023-12-25 00:00,deli,23.97
"Warren, Timothy","David, Mr.",timothy.warren@abcfoodmart.com,2022-12-27,ABC Foodmart - DUMBO,2024-10-11 00:00,2024-10-11 00:00,pharmacy,19.88
"Wood, Joshua","Cooper, Robert",joshua.wood@abcfoodmart.com,2022-11-26,ABC Foodmart - Whitestone,2024-08-31 00:00,2024-08-31 00:00,cashier,13.88
"Walls, Kristen","Flores, Angela",kristen.walls@abcfoodmart.com,2023-02-10,ABC Foodmart - Bay Ridge,2024-03-09 00:00,2024-03-09 00:00,fresh produce,17.18
"Moore, Jason","Johnston, William",jason.moore@abcfoodmart.com,2023-07-11,ABC Foodmart - Staten Island,2024-12-01 00:00,2024-12-01 00:00,bakery,14.07
"Henderson, Nancy","Farrell, Christopher",nancy.henderson@abcfoodmart.com,2023-12-30,ABC Foodmart - Whitestone,2025-01-01 00:00,2025-01-01 00:00,deli,16.40
"Jordan, Carla","Ellis, Grant",carla.jordan@abcfoodmart.com,2023-12-17,ABC Foodmart - Bay Ridge,2024-12-25 00:00,2024-12-25 00:00,meats,12.38
"Brooks, Renee","Waller, Chad",renee.brooks@abcfoodmart.com,2023-07-15,ABC Foodmart - Bay Ridge,2024-10-15 00:00,2024-10-15 00:00,customer service,18.02
"Thompson, Andrea","Cooper, Robert",andrea.thompson@abcfoodmart.com,2023-01-06,ABC Foodmart - Staten Island,2024-05-12 00:00,2024-05-12 00:00,dairy,18.66
"Warren, Timothy","Compton, Jeffrey",timothy.warren@abcfoodmart.com,2022-12-27,ABC Foodmart - Tribeca,2024-10-14 00:00,2024-10-14 00:00,seafood,12.89
"Davis, Jennifer","David, Mr.",jennifer.davis@abcfoodmart.com,2023-11-03,ABC Foodmart - DUMBO,2025-07-06 00:00,2025-07-06 00:00,meats,16.80
"Thomas, Robert","Williams, Gina",robert.thomas@abcfoodmart.com,2022-05-18,ABC Foodmart - Bay Ridge,2024-02-16 00:00,2024-02-16 00:00,bakery,17.90
"Long, Kirsten","Compton, Jeffrey",kirsten.long@abcfoodmart.com,2024-02-24,ABC Foodmart - Whitestone,2025-09-13 00:00,2025-09-13 00:00,bakery,15.11
"Blanchard, Ricky","Carter, Karen",ricky.blanchard@abcfoodmart.com,2023-05-23,ABC Foodmart - Tribeca,2024-09-01 00:00,2024-09-01 00:00,fresh produce,15.40
"Brown, Lisa","Williams, Gina",lisa.brown@abcfoodmart.com,2022-08-18,ABC Foodmart - Tribeca,2023-11-21 00:00,2023-11-21 00:00,fresh produce,12.05
"Roach, Christine","Moran, John",christine.roach@abcfoodmart.com,2023-10-15,ABC Foodmart - DUMBO,2024-12-08 00:00,2024-12-08 00:00,floral,14.20
"Marquez, Jeffrey","Compton, Jeffrey",jeffrey.marquez@abcfoodmart.com,2023-02-19,ABC Foodmart - Tribeca,2024-05-08 00:00,2024-05-08 00:00,meats,18.73
"Walters, Jay","Hoffman, Tina",jay.walters@abcfoodmart.com,2023-12-17,ABC Foodmart - DUMBO,2025-10-21 00:00,2025-10-21 00:00,pharmacy,18.78
"Hull, Shane","David, Mr.",shane.hull@abcfoodmart.com,2024-01-09,ABC Foodmart - Staten Island,2025-06-02 00:00,2025-06-02 00:00,customer service,14.23
"Frederick, Evan","Compton, Jeffrey",evan.frederick@abcfoodmart.com,2023-02-24,ABC Foodmart - Tribeca,2023-12-20 00:00,2023-12-20 00:00,dairy,19.18
"Tate, Harry","Carter, Karen",harry.tate@abcfoodmart.com,2022-09-18,ABC Foodmart - Tribeca,2024-02-02 00:00,2024-02-02 00:00,customer service,18.47
"Meyer, James","Carter, Karen",james.meyer@abcfoodmart.com,2022-05-02,ABC Foodmart - Tribeca,2024-02-03 00:00,2024-02-03 00:00,floral,15.91
"Randolph, Emily","Hoffman, Tina",emily.randolph@abcfoodmart.com,2023-03-09,ABC Foodmart - Whitestone,2024-07-04 00:00,2024-07-04 00:00,meats,18.17
"Wood, Joshua","Johnston, William",joshua.wood@abcfoodmart.com,2022-11-26,ABC Foodmart - Tribeca,2024-09-18 00:00,2024-09-18 00:00,dry goods,12.72
"Alvarez, Brenda","Farrell, Christopher",brenda.alvarez@abcfoodmart.com,2023-11-16,ABC Foodmart - Whitestone,2025-04-21 00:00,2025-04-21 00:00,fresh produce,13.12
"Gross, Andrew","Cooper, Robert",andrew.gross@abcfoodmart.com,2022-04-30,ABC Foodmart - Whitestone,2023-05-23 00:00,2023-05-23 00:00,floral,13.81
"Alvarez, Brenda","Ellis, Grant",brenda.alvarez@abcfoodmart.com,2023-11-16,ABC Foodmart - Whitestone,2025-05-13 00:00,2025-05-13 00:00,frozen foods,18.67
"Love, Thomas","Cooper, Robert",thomas.love@abcfoodmart.com,2024-02-18,ABC Foodmart - Whitestone,2025-12-26 00:00,2025-12-26 00:00,pharmacy,17.01
"White, Kenneth","Farrell, Christopher",kenneth.white@abcfoodmart.com,2023-01-22,ABC Foodmart - Tribeca,2025-01-12 00:00,2025-01-12 00:00,fresh produce,15.20
"Woods, Marcus","Compton, Jeffrey",marcus.woods@abcfoodmart.com,2024-04-01,ABC Foodmart - Bay Ridge,2025-03-29 00:00,2025-03-29 00:00,cashier,19.20
"Wilson, Jill","Johnston, William",jill.wilson@abcfoodmart.com,2022-12-06,ABC Foodmart - Bay Ridge,2024-06-21 00:00,2024-06-21 00:00,seafood,17.23
"Moore, Jason","Farrell, Christopher",jason.moore@abcfoodmart.com,2023-07-11,ABC Foodmart - DUMBO,2024-12-02 00:00,2024-12-02 00:00,fresh produce,19.80
"Walters, Jay","Williams, Gina",jay.walters@abcfoodmart.com,2023-12-17,ABC Foodmart - Staten Island,2025-11-12 00:00,2025-11-12 00:00,fresh produce,12.11
"Blanchard, Ricky","Ellis, Grant",ricky.blanchard@abcfoodmart.com,2023-05-23,ABC Foodmart - Bay Ridge,2024-09-04 00:00,2024-09-04 00:00,floral,19.81
"Nichols, Brandon","Carter, Karen",brandon.nichols@abcfoodmart.com,2024-02-28,ABC Foodmart - DUMBO,2025-07-23 00:00,2025-07-23 00:00,customer service,12.92
"Manning, Maria","Ellis, Grant",maria.manning@abcfoodmart.com,2022-11-16,ABC Foodmart - Staten Island,2024-03-16 00:00,2024-03-16 00:00,frozen foods,16.10
"Ellis, Lauren","Williams, Gina",lauren.ellis@abcfoodmart.com,2022-10-22,ABC Foodmart - Staten Island,2024-03-21 00:00,2024-03-21 00:00,cashier,12.91
"Owens, Jeffrey","David, Mr.",jeffrey.owens@abcfoodmart.com,2022-05-03,ABC Foodmart - DUMBO,2023-05-18 00:00,2023-05-18 00:00,dry goods,14.16
"Horton, Mark","Waller, Chad",mark.horton@abcfoodmart.com,2023-02-14,ABC Foodmart - Staten Island,2024-01-08 00:00,2024-01-08 00:00,meats,19.57
"Jacobs, Brenda","Compton, Jeffrey",brenda.jacobs@abcfoodmart.com,2024-02-09,ABC Foodmart - DUMBO,2025-06-10 00:00,2025-06-10 00:00,cashier,13.06
"Tate, Harry","Johnston, William",harry.tate@abcfoodmart.com,2022-09-18,ABC Foodmart - Whitestone,2024-02-29 00:00,2024-02-29 00:00,frozen foods,16.80
"Smith, Diana","Hoffman, Tina",diana.smith@abcfoodmart.com,2023-05-31,ABC Foodmart - Whitestone,2024-10-02 00:00,2024-10-02 00:00,bakery,13.71
"Thomas, Robert","Moran, John",robert.thomas@abcfoodmart.com,2022-05-18,ABC Foodmart - Whitestone,2024-02-29 00:00,2024-02-29 00:00,seafood,19.63
"Owens, Jeffrey","Hoffman, Tina",jeffrey.owens@abcfoodmart.com,2022-05-03,ABC Foodmart - Bay Ridge,2023-05-26 00:00,2023-05-26 00:00,fresh produce,17.29
"Carroll, Eric","Williams, Gina",eric.carroll@abcfoodmart.com,2022-12-26,ABC Foodmart - DUMBO,2024-10-18 00:00,2024-10-18 00:00,frozen foods,14.93
"Nguyen, Richard","Williams, Gina",richard.nguyen@abcfoodmart.com,2022-09-27,ABC Foodmart - DUMBO,2024-04-05 00:00,2024-04-05 00:00,meats,19.28
"Herrera, Spencer","Moran, John",spencer.herrera@abcfoodmart.com,2023-01-16,ABC Foodmart - Staten Island,2024-01-16 00:00,2024-01-16 00:00,bakery,18.63
"Brooks, Renee","Compton, Jeffrey",renee.brooks@abcfoodmart.com,2023-07-15,ABC Foodmart - Staten Island,2024-11-08 00:00,2024-11-08 00:00,cashier,18.58
"Atkinson, Gary","David, Mr.",gary.atkinson@abcfoodmart.com,2022-05-24,ABC Foodmart - DUMBO,2023-10-25 00:00,2023-10-25 00:00,seafood,18.96
"Warren, Timothy","Compton, Jeffrey",timothy.warren@abcfoodmart.com,2022-12-27,ABC Foodmart - Bay Ridge,2024-10-17 00:00,2024-10-17 00:00,customer service,19.14
"Smith, Diana","Ellis, Grant",diana.smith@abcfoodmart.com,2023-05-31,ABC Foodmart - DUMBO,2024-10-10 00:00,2024-10-10 00:00,deli,15.83
"Manning, Maria","Compton, Jeffrey",maria.manning@abcfoodmart.com,2022-11-16,ABC Foodmart - Staten Island,2024-04-06 00:00,2024-04-06 00:00,bakery,12.39
"Gonzalez, Michele","Hoffman, Tina",michele.gonzalez@abcfoodmart.com,2023-09-23,ABC Foodmart - DUMBO,2024-10-11 00:00,2024-10-11 00:00,dairy,12.60
"Galvan, Lori","Johnston, William",lori.galvan@abcfoodmart.com,2022-05-24,ABC Foodmart - Whitestone,2023-07-17 00:00,2023-07-17 00:00,bakery,16.84
"Eric, Mr.","David, Mr.",mr..eric@abcfoodmart.com,2022-09-02,ABC Foodmart - DUMBO,2023-09-26 00:00,2023-09-26 00:00,dry goods,17.97
"Shah, Amanda","Farrell, Christopher",amanda.shah@abcfoodmart.com,2023-10-07,ABC Foodmart - Staten Island,2025-03-08 00:00,2025-03-08 00:00,cashier,14.59
"Vasquez, Peter","Carter, Karen",peter.vasquez@abcfoodmart.com,2023-01-05,ABC Foodmart - Whitestone,2024-03-05 00:00,2024-03-05 00:00,dry goods,17.22
"Moon, James","Ellis, Grant",james.moon@abcfoodmart.com,2023-10-20,ABC Foodmart - Bay Ridge,2025-01-10 00:00,2025-01-10 00:00,pharmacy,13.97
"Glover, Michelle","Hoffman, Tina",michelle.glover@abcfoodmart.com,2022-08-25,ABC Foodmart - Bay Ridge,2024-03-23 00:00,2024-03-23 00:00,fresh produce,14.71
"Mckinney, Marcus","Carter, Karen",marcus.mckinney@abcfoodmart.com,2022-08-14,ABC Foodmart - Tribeca,2024-04-25 00:00,2024-04-25 00:00,fresh produce,17.27
"Hayes, Brandon","Ellis, Grant",brandon.hayes@abcfoodmart.com,2022-09-28,ABC Foodmart - Staten Island,2023-11-26 00:00,2023-11-26 00:00,pharmacy,13.86
"Harrell, Angie","Carter, Karen",angie.harrell@abcfoodmart.com,2023-06-01,ABC Foodmart - Staten Island,2024-09-13 00:00,2024-09-13 00:00,dairy,19.96
"Atkinson, Gary","Flores, Angela",gary.atkinson@abcfoodmart.com,2022-05-24,ABC Foodmart - Staten Island,2023-11-20 00:00,2023-11-20 00:00,pharmacy,12.05
"Davis, Jennifer","Farrell, Christopher",jennifer.davis@abcfoodmart.com,2023-11-03,ABC Foodmart - DUMBO,2025-07-15 00:00,2025-07-15 00:00,bakery,19.10
"Thompson, Matthew","Flores, Angela",matthew.thompson@abcfoodmart.com,2022-04-22,ABC Foodmart - Bay Ridge,2023-06-26 00:00,2023-06-26 00:00,frozen foods,15.05
"Hayes, Brandon","Flores, Angela",brandon.hayes@abcfoodmart.com,2022-09-28,ABC Foodmart - Whitestone,2023-12-20 00:00,2023-12-20 00:00,fresh produce,13.72
"Moon, James","Ellis, Grant",james.moon@abcfoodmart.com,2023-10-20,ABC Foodmart - Tribeca,2025-02-05 00:00,2025-02-05 00:00,pharmacy,12.15
"Long, Kirsten","Waller, Chad",kirsten.long@abcfoodmart.com,2024-02-24,ABC Foodmart - DUMBO,2025-10-08 00:00,2025-10-08 00:00,dairy,18.11
"Jackson, Gary","Carter, Karen",gary.jackson@abcfoodmart.com,2022-09-08,ABC Foodmart - Bay Ridge,2023-10-07 00:00,2023-10-07 00:00,seafood,15.60
"Waters, Julie","Farrell, Christopher",julie.waters@abcfoodmart.com,2023-05-20,ABC Foodmart - Bay Ridge,2024-08-21 00:00,2024-08-21 00:00,pharmacy,19.96
"Foster, Kenneth","Williams, Gina",kenneth.foster@abcfoodmart.com,2023-04-23,ABC Foodmart - Tribeca,2024-08-10 00:00,2024-08-10 00:00,deli,13.54
"Frederick, Evan","Hoffman, Tina",evan.frederick@abcfoodmart.com,2023-02-24,ABC Foodmart - DUMBO,2024-01-04 00:00,2024-01-04 00:00,pharmacy,18.64
"Foster, Kenneth","Williams, Gina",kenneth.foster@abcfoodmart.com,2023-04-23,ABC Foodmart - DUMBO,2024-08-30 00:00,2024-08-30 00:00,pharmacy,16.97
"Sean, Mr.","Compton, Jeffrey",mr..sean@abcfoodmart.com,2023-03-25,ABC Foodmart - Bay Ridge,2024-05-17 00:00,2024-05-17 00:00,dry goods,12.49
"Long, Kirsten","Cooper, Robert",kirsten.long@abcfoodmart.com,2024-02-24,ABC Foodmart - DUMBO,2025-10-18 00:00,2025-10-18 00:00,fresh produce,16.19
"Walls, Kristen","Williams, Gina",kristen.walls@abcfoodmart.com,2023-02-10,ABC Foodmart - Whitestone,2024-03-13 00:00,2024-03-13 00:00,floral,13.13
"Garcia, Sarah","Williams, Gina",sarah.garcia@abcfoodmart.com,2022-12-14,ABC Foodmart - Tribeca,2024-06-01 00:00,2024-06-01 00:00,floral,12.10
"Chambers, Jeffrey","Carter, Karen",jeffrey.chambers@abcfoodmart.com,2022-09-29,ABC Foodmart - Whitestone,2023-12-21 00:00,2023-12-21 00:00,customer service,13.04
"Jones, Evelyn","Cooper, Robert",evelyn.jones@abcfoodmart.com,2024-02-25,ABC Foodmart - DUMBO,2025-06-14 00:00,2025-06-14 00:00,cashier,12.82
"Sosa, David","Farrell, Christopher",david.sosa@abcfoodmart.com,2023-07-27,ABC Foodmart - Whitestone,2025-01-28 00:00,2025-01-28 00:00,bakery,18.15
"Horton, Ashley","Ellis, Grant",ashley.horton@abcfoodmart.com,2024-01-24,ABC Foodmart - Bay Ridge,2025-07-26 00:00,2025-07-26 00:00,frozen foods,12.18
"Payne, Samantha","Moran, John",samantha.payne@abcfoodmart.com,2024-04-06,ABC Foodmart - Bay Ridge,2025-08-09 00:00,2025-08-09 00:00,dry goods,17.67
"Mckenzie, William","David, Mr.",william.mckenzie@abcfoodmart.com,2023-01-04,ABC Foodmart - Tribeca,2024-05-16 00:00,2024-05-16 00:00,dairy,13.33
"Spears, Erin","Compton, Jeffrey",erin.spears@abcfoodmart.com,2023-07-30,ABC Foodmart - Staten Island,2025-03-07 00:00,2025-03-07 00:00,cashier,17.87
"Jones, Evelyn","Farrell, Christopher",evelyn.jones@abcfoodmart.com,2024-02-25,ABC Foodmart - Bay Ridge,2025-06-19 00:00,2025-06-19 00:00,dairy,12.11
"Hull, Shane","Moran, John",shane.hull@abcfoodmart.com,2024-01-09,ABC Foodmart - Staten Island,2025-06-22 00:00,2025-06-22 00:00,pharmacy,12.08
"Blanchard, Ricky","Flores, Angela",ricky.blanchard@abcfoodmart.com,2023-05-23,ABC Foodmart - DUMBO,2024-09-19 00:00,2024-09-19 00:00,meats,19.86
"Pena, Johnathan","David, Mr.",johnathan.pena@abcfoodmart.com,2023-02-22,ABC Foodmart - Tribeca,2024-07-11 00:00,2024-07-11 00:00,pharmacy,18.07
"Shah, Amanda","Cooper, Robert",amanda.shah@abcfoodmart.com,2023-10-07,ABC Foodmart - Tribeca,2025-03-30 00:00,2025-03-30 00:00,bakery,16.54
"Davis, Jennifer","Cooper, Robert",jennifer.davis@abcfoodmart.com,2023-11-03,ABC Foodmart - DUMBO,2025-07-26 00:00,2025-07-26 00:00,dairy,16.26
"Moyer, Steven","Moran, John",steven.moyer@abcfoodmart.com,2022-12-26,ABC Foodmart - Staten Island,2023-10-06 00:00,2023-10-06 00:00,dry goods,14.34
"Foster, Jennifer","Hoffman, Tina",jennifer.foster@abcfoodmart.com,2023-06-15,ABC Foodmart - DUMBO,2024-12-11 00:00,2024-12-11 00:00,seafood,13.47
"Nichols, Mitchell","Cooper, Robert",mitchell.nichols@abcfoodmart.com,2022-09-30,ABC Foodmart - Bay Ridge,2023-07-23 00:00,2023-07-23 00:00,frozen foods,13.02
"Foster, Kenneth","Carter, Karen",kenneth.foster@abcfoodmart.com,2023-04-23,ABC Foodmart - Tribeca,2024-09-15 00:00,2024-09-15 00:00,floral,19.80
"Walls, Kristen","Carter, Karen",kristen.walls@abcfoodmart.com,2023-02-10,ABC Foodmart - Whitestone,2024-04-04 00:00,2024-04-04 00:00,dairy,13.51
"Nichols, Mitchell","David, Mr.",mitchell.nichols@abcfoodmart.com,2022-09-30,ABC Foodmart - Bay Ridge,2023-07-26 00:00,2023-07-26 00:00,cashier,18.14
"Marquez, Jeffrey","Williams, Gina",jeffrey.marquez@abcfoodmart.com,2023-02-19,ABC Foodmart - Staten Island,2024-05-19 00:00,2024-05-19 00:00,dry goods,13.90
"Jones, Evelyn","Moran, John",evelyn.jones@abcfoodmart.com,2024-02-25,ABC Foodmart - DUMBO,2025-07-14 00:00,2025-07-14 00:00,bakery,17.27
"Church, Joshua","Farrell, Christopher",joshua.church@abcfoodmart.com,2024-03-03,ABC Foodmart - Bay Ridge,2025-09-22 00:00,2025-09-22 00:00,pharmacy,15.65
"Sosa, David","Compton, Jeffrey",david.sosa@abcfoodmart.com,2023-07-27,ABC Foodmart - Tribeca,2025-02-20 00:00,2025-02-20 00:00,bakery,17.16
"Burns, Kendra","Carter, Karen",kendra.burns@abcfoodmart.com,2022-12-13,ABC Foodmart - Bay Ridge,2024-06-18 00:00,2024-06-18 00:00,meats,13.98
"Manning, Maria","Johnston, William",maria.manning@abcfoodmart.com,2022-11-16,ABC Foodmart - Tribeca,2024-04-25 00:00,2024-04-25 00:00,dairy,16.31
"Payne, Samantha","David, Mr.",samantha.payne@abcfoodmart.com,2024-04-06,ABC Foodmart - Whitestone,2025-08-22 00:00,2025-08-22 00:00,frozen foods,16.31
"Horton, Ashley","Flores, Angela",ashley.horton@abcfoodmart.com,2024-01-24,ABC Foodmart - Whitestone,2025-08-16 00:00,2025-08-16 00:00,deli,18.95
"Woods, Marcus","Waller, Chad",marcus.woods@abcfoodmart.com,2024-04-01,ABC Foodmart - Bay Ridge,2025-04-19 00:00,2025-04-19 00:00,bakery,14.86
"Golden, Laurie","David, Mr.",laurie.golden@abcfoodmart.com,2023-12-23,ABC Foodmart - DUMBO,2024-12-01 00:00,2024-12-01 00:00,customer service,14.28
"Waters, Julie","Flores, Angela",julie.waters@abcfoodmart.com,2023-05-20,ABC Foodmart - DUMBO,2024-09-03 00:00,2024-09-03 00:00,dry goods,19.93
"Sean, Mr.","David, Mr.",mr..sean@abcfoodmart.com,2023-03-25,ABC Foodmart - Tribeca,2024-06-02 00:00,2024-06-02 00:00,seafood,19.36
"Moore, Jason","Moran, John",jason.moore@abcfoodmart.com,2023-07-11,ABC Foodmart - Bay Ridge,2024-12-17 00:00,2024-12-17 00:00,pharmacy,15.84
"Jackson, Gary","Ellis, Grant",gary.jackson@abcfoodmart.com,2022-09-08,ABC Foodmart - Bay Ridge,2023-11-04 00:00,2023-11-04 00:00,pharmacy,15.33
"Jordan, Carla","Ellis, Grant",carla.jordan@abcfoodmart.com,2023-12-17,ABC Foodmart - Tribeca,2025-01-16 00:00,2025-01-16 00:00,frozen foods,18.90
"Horton, Mark","Flores, Angela",mark.horton@abcfoodmart.com,2023-02-14,ABC Foodmart - Staten Island,2024-02-03 00:00,2024-02-03 00:00,customer service,12.52
"Bryan, Mr.","Hoffman, Tina",mr..bryan@abcfoodmart.com,2023-08-26,ABC Foodmart - Whitestone,2025-03-08 00:00,2025-03-08 00:00,meats,16.79
"Glover, Michelle","David, Mr.",michelle.glover@abcfoodmart.com,2022-08-25,ABC Foodmart - DUMBO,2024-03-29 00:00,2024-03-29 00:00,cashier,16.08
"Torres, Steven","Carter, Karen",steven.torres@abcfoodmart.com,2023-05-10,ABC Foodmart - Staten Island,2024-08-19 00:00,2024-08-19 00:00,fresh produce,18.46
"Jordan, Carla","Waller, Chad",carla.jordan@abcfoodmart.com,2023-12-17,ABC Foodmart - Staten Island,2025-01-22 00:00,2025-01-22 00:00,fresh produce,15.41
"Wood, Joshua","Farrell, Christopher",joshua.wood@abcfoodmart.com,2022-11-26,ABC Foodmart - Bay Ridge,2024-09-21 00:00,2024-09-21 00:00,cashier,17.86
"Smith, Brandy","Williams, Gina",brandy.smith@abcfoodmart.com,2023-12-26,ABC Foodmart - Whitestone,2025-06-29 00:00,2025-06-29 00:00,bakery,13.95
"Foster, Jennifer","Cooper, Robert",jennifer.foster@abcfoodmart.com,2023-06-15,ABC Foodmart - Whitestone,2024-12-23 00:00,2024-12-23 00:00,cashier,14.13
"Chambers, Jeffrey","Compton, Jeffrey",jeffrey.chambers@abcfoodmart.com,2022-09-29,ABC Foodmart - Whitestone,2024-01-08 00:00,2024-01-08 00:00,fresh produce,13.96
"Manning, Maria","Johnston, William",maria.manning@abcfoodmart.com,2022-11-16,ABC Foodmart - Whitestone,2024-05-20 00:00,2024-05-20 00:00,seafood,19.70
"Shah, Amanda","Flores, Angela",amanda.shah@abcfoodmart.com,2023-10-07,ABC Foodmart - Whitestone,2025-04-20 00:00,2025-04-20 00:00,customer service,12.26
"Wood, Joshua","Williams, Gina",joshua.wood@abcfoodmart.com,2022-11-26,ABC Foodmart - DUMBO,2024-10-14 00:00,2024-10-14 00:00,customer service,14.87
"Long, Kirsten","Moran, John",kirsten.long@abcfoodmart.com,2024-02-24,ABC Foodmart - Staten Island,2025-11-16 00:00,2025-11-16 00:00,meats,14.36
"Torres, Steven","Farrell, Christopher",steven.torres@abcfoodmart.com,2023-05-10,ABC Foodmart - DUMBO,2024-08-30 00:00,2024-08-30 00:00,dairy,13.04
"Roach, Christine","Waller, Chad",christine.roach@abcfoodmart.com,2023-10-15,ABC Foodmart - Staten Island,2024-12-29 00:00,2024-12-29 00:00,fresh produce,12.36
"Nichols, Brandon","Compton, Jeffrey",brandon.nichols@abcfoodmart.com,2024-02-28,ABC Foodmart - Staten Island,2025-08-11 00:00,2025-08-11 00:00,dairy,17.42
"Carroll, Eric","Williams, Gina",eric.carroll@abcfoodmart.com,2022-12-26,ABC Foodmart - DUMBO,2024-11-01 00:00,2024-11-01 00:00,deli,19.47
"Wilson, Jill","Compton, Jeffrey",jill.wilson@abcfoodmart.com,2022-12-06,ABC Foodmart - Staten Island,2024-07-18 00:00,2024-07-18 00:00,floral,13.15
"Roach, Christine","Hoffman, Tina",christine.roach@abcfoodmart.com,2023-10-15,ABC Foodmart - Tribeca,2025-01-25 00:00,2025-01-25 00:00,dairy,16.42
"Jones, Michael","Cooper, Robert",michael.jones@abcfoodmart.com,2023-01-19,ABC Foodmart - Bay Ridge,2023-12-27 00:00,2023-12-27 00:00,dry goods,17.88
"Moore, Jason","Farrell, Christopher",jason.moore@abcfoodmart.com,2023-07-11,ABC Foodmart - Tribeca,2025-01-03 00:00,2025-01-03 00:00,dairy,15.16
"Sosa, David","Cooper, Robert",david.sosa@abcfoodmart.com,2023-07-27,ABC Foodmart - Bay Ridge,2025-02-21 00:00,2025-02-21 00:00,cashier,15.59
"Vasquez, Peter","Farrell, Christopher",peter.vasquez@abcfoodmart.com,2023-01-05,ABC Foodmart - Bay Ridge,2024-03-15 00:00,2024-03-15 00:00,meats,13.63
"Moon, James","Williams, Gina",james.moon@abcfoodmart.com,2023-10-20,ABC Foodmart - Bay Ridge,2025-02-10 00:00,2025-02-10 00:00,pharmacy,13.24
"Blanchard, Ricky","Waller, Chad",ricky.blanchard@abcfoodmart.com,2023-05-23,ABC Foodmart - Tribeca,2024-10-08 00:00,2024-10-08 00:00,bakery,13.95
"Warren, Timothy","Johnston, William",timothy.warren@abcfoodmart.com,2022-12-27,ABC Foodmart - Staten Island,2024-10-26 00:00,2024-10-26 00:00,bakery,12.56
"Chambers, Jeffrey","Moran, John",jeffrey.chambers@abcfoodmart.com,2022-09-29,ABC Foodmart - Bay Ridge,2024-01-18 00:00,2024-01-18 00:00,seafood,18.32
"Nichols, Mitchell","Williams, Gina",mitchell.nichols@abcfoodmart.com,2022-09-30,ABC Foodmart - DUMBO,2023-08-07 00:00,2023-08-07 00:00,dry goods,18.16
"Meyer, James","Flores, Angela",james.meyer@abcfoodmart.com,2022-05-02,ABC Foodmart - Staten Island,2024-02-04 00:00,2024-02-04 00:00,deli,15.82
"Bradley, Rita","Moran, John",rita.bradley@abcfoodmart.com,2023-08-06,ABC Foodmart - Bay Ridge,2024-11-21 00:00,2024-11-21 00:00,bakery,18.85
"Walls, Kristen","Hoffman, Tina",kristen.walls@abcfoodmart.com,2023-02-10,ABC Foodmart - Whitestone,2024-04-24 00:00,2024-04-24 00:00,dairy,15.52
"White, Kenneth","Compton, Jeffrey",kenneth.white@abcfoodmart.com,2023-01-22,ABC Foodmart - Tribeca,2025-02-03 00:00,2025-02-03 00:00,floral,16.62
"Gonzalez, Michele","Ellis, Grant",michele.gonzalez@abcfoodmart.com,2023-09-23,ABC Foodmart - DUMBO,2024-11-03 00:00,2024-11-03 00:00,dry goods,17.18
"Bennett, Alec","Moran, John",alec.bennett@abcfoodmart.com,2023-10-03,ABC Foodmart - DUMBO,2024-10-28 00:00,2024-10-28 00:00,fresh produce,15.62
"Atkinson, Gary","Cooper, Robert",gary.atkinson@abcfoodmart.com,2022-05-24,ABC Foodmart - Tribeca,2023-11-25 00:00,2023-11-25 00:00,floral,19.82
"Randolph, Emily","Ellis, Grant",emily.randolph@abcfoodmart.com,2023-03-09,ABC Foodmart - Whitestone,2024-07-12 00:00,2024-07-12 00:00,meats,12.72
"Jones, Christopher","Hoffman, Tina",christopher.jones@abcfoodmart.com,2022-05-19,ABC Foodmart - Staten Island,2023-10-19 00:00,2023-10-19 00:00,dairy,17.66
"Bennett, Alec","Farrell, Christopher",alec.bennett@abcfoodmart.com,2023-10-03,ABC Foodmart - DUMBO,2024-11-07 00:00,2024-11-07 00:00,pharmacy,19.97
"Carroll, Eric","Carter, Karen",eric.carroll@abcfoodmart.com,2022-12-26,ABC Foodmart - Whitestone,2024-11-19 00:00,2024-11-19 00:00,meats,17.04
"Colon, Lindsey","Compton, Jeffrey",lindsey.colon@abcfoodmart.com,2023-02-16,ABC Foodmart - Staten Island,2024-10-21 00:00,2024-10-21 00:00,meats,13.51
"Marquez, Jeffrey","Waller, Chad",jeffrey.marquez@abcfoodmart.com,2023-02-19,ABC Foodmart - Whitestone,2024-05-28 00:00,2024-05-28 00:00,fresh produce,17.11
"Moyer, Steven","Moran, John",steven.moyer@abcfoodmart.com,2022-12-26,ABC Foodmart - Whitestone,2023-10-16 00:00,2023-10-16 00:00,cashier,17.65
"Martin, Monica","Williams, Gina",monica.martin@abcfoodmart.com,2023-11-23,ABC Foodmart - Staten Island,2025-09-03 00:00,2025-09-03 00:00,dairy,15.51
"Chen, Kathleen","Moran, John",kathleen.chen@abcfoodmart.com,2024-02-03,ABC Foodmart - Staten Island,2025-02-03 00:00,2025-02-03 00:00,pharmacy,19.88
"Shah, Amanda","Ellis, Grant",amanda.shah@abcfoodmart.com,2023-10-07,ABC Foodmart - Staten Island,2025-05-19 00:00,2025-05-19 00:00,fresh produce,13.59
"Dodson, Courtney","David, Mr.",courtney.dodson@abcfoodmart.com,2023-01-10,ABC Foodmart - Whitestone,2024-08-12 00:00,2024-08-12 00:00,pharmacy,14.60
"Martin, Monica","Moran, John",monica.martin@abcfoodmart.com,2023-11-23,ABC Foodmart - Staten Island,2025-09-04 00:00,2025-09-04 00:00,dry goods,17.86
"Jackson, Gary","Hoffman, Tina",gary.jackson@abcfoodmart.com,2022-09-08,ABC Foodmart - Tribeca,2023-12-02 00:00,2023-12-02 00:00,cashier,18.58
"Campbell, Bethany","Carter, Karen",bethany.campbell@abcfoodmart.com,2023-10-07,ABC Foodmart - Tribeca,2024-10-14 00:00,2024-10-14 00:00,meats,16.25
"Love, Thomas","Ellis, Grant",thomas.love@abcfoodmart.com,2024-02-18,ABC Foodmart - Bay Ridge,2026-01-18 00:00,2026-01-18 00:00,fresh produce,18.17
"Church, Joshua","Waller, Chad",joshua.church@abcfoodmart.com,2024-03-03,ABC Foodmart - Staten Island,2025-09-29 00:00,2025-09-29 00:00,dairy,19.13
"Smith, Brandy","Williams, Gina",brandy.smith@abcfoodmart.com,2023-12-26,ABC Foodmart - Tribeca,2025-07-02 00:00,2025-07-02 00:00,dry goods,12.09
"Walters, Jay","Cooper, Robert",jay.walters@abcfoodmart.com,2023-12-17,ABC Foodmart - Bay Ridge,2025-12-01 00:00,2025-12-01 00:00,fresh produce,12.62
"Waters, Julie","Williams, Gina",julie.waters@abcfoodmart.com,2023-05-20,ABC Foodmart - Bay Ridge,2024-09-22 00:00,2024-09-22 00:00,seafood,12.89
"Conrad, Frederick","Moran, John",frederick.conrad@abcfoodmart.com,2023-11-24,ABC Foodmart - DUMBO,2025-08-09 00:00,2025-08-09 00:00,dairy,16.48
"Nichols, Brandon","Farrell, Christopher",brandon.nichols@abcfoodmart.com,2024-02-28,ABC Foodmart - Whitestone,2025-08-23 00:00,2025-08-23 00:00,fresh produce,12.48
"Sosa, David","Ellis, Grant",david.sosa@abcfoodmart.com,2023-07-27,ABC Foodmart - DUMBO,2025-03-13 00:00,2025-03-13 00:00,frozen foods,13.56
"Nichols, Mitchell","Flores, Angela",mitchell.nichols@abcfoodmart.com,2022-09-30,ABC Foodmart - Bay Ridge,2023-08-31 00:00,2023-08-31 00:00,meats,19.29
"Meyer, James","Johnston, William",james.meyer@abcfoodmart.com,2022-05-02,ABC Foodmart - Tribeca,2024-03-01 00:00,2024-03-01 00:00,frozen foods,16.59
"Campbell, Brittany","Flores, Angela",brittany.campbell@abcfoodmart.com,2023-03-25,ABC Foodmart - Staten Island,2024-08-08 00:00,2024-08-08 00:00,frozen foods,19.31
"Jones, Evelyn","David, Mr.",evelyn.jones@abcfoodmart.com,2024-02-25,ABC Foodmart - Whitestone,2025-07-25 00:00,2025-07-25 00:00,dairy,12.15
"Spears, Erin","Ellis, Grant",erin.spears@abcfoodmart.com,2023-07-30,ABC Foodmart - Staten Island,2025-04-05 00:00,2025-04-05 00:00,deli,16.62
"Jones, Christopher","Farrell, Christopher",christopher.jones@abcfoodmart.com,2022-05-19,ABC Foodmart - Whitestone,2023-11-16 00:00,2023-11-16 00:00,frozen foods,16.24
"Herrera, Spencer","Hoffman, Tina",spencer.herrera@abcfoodmart.com,2023-01-16,ABC Foodmart - Bay Ridge,2024-01-18 00:00,2024-01-18 00:00,fresh produce,17.44
"Jackson, Michael","Johnston, William",michael.jackson@abcfoodmart.com,2022-10-31,ABC Foodmart - Bay Ridge,2023-12-16 00:00,2023-12-16 00:00,fresh produce,19.79
"Walters, Jay","David, Mr.",jay.walters@abcfoodmart.com,2023-12-17,ABC Foodmart - DUMBO,2025-12-05 00:00,2025-12-05 00:00,seafood,14.31
"Meyer, James","Hoffman, Tina",james.meyer@abcfoodmart.com,2022-05-02,ABC Foodmart - Staten Island,2024-03-26 00:00,2024-03-26 00:00,dry goods,13.67
"Long, Kirsten","Moran, John",kirsten.long@abcfoodmart.com,2024-02-24,ABC Foodmart - Staten Island,2025-12-03 00:00,2025-12-03 00:00,bakery,16.68
"Thompson, Matthew","Compton, Jeffrey",matthew.thompson@abcfoodmart.com,2022-04-22,ABC Foodmart - DUMBO,2023-07-19 00:00,2023-07-19 00:00,frozen foods,16.48
"Smith, Brandy","Waller, Chad",brandy.smith@abcfoodmart.com,2023-12-26,ABC Foodmart - Whitestone,2025-07-18 00:00,2025-07-18 00:00,dry goods,13.41
"Warren, Timothy","Hoffman, Tina",timothy.warren@abcfoodmart.com,2022-12-27,ABC Foodmart - DUMBO,2024-11-06 00:00,2024-11-06 00:00,bakery,19.25
"Woods, Marcus","Waller, Chad",marcus.woods@abcfoodmart.com,2024-04-01,ABC Foodmart - Whitestone,2025-05-11 00:00,2025-05-11 00:00,frozen foods,18.00
"Terri, Mrs.","Moran, John",mrs..terri@abcfoodmart.com,2022-09-23,ABC Foodmart - Whitestone,2024-03-18 00:00,2024-03-18 00:00,dry goods,12.97
"Manning, Maria","Williams, Gina",maria.manning@abcfoodmart.com,2022-11-16,ABC Foodmart - Tribeca,2024-06-08 00:00,2024-06-08 00:00,deli,13.29
"Woods, Marcus","Williams, Gina",marcus.woods@abcfoodmart.com,2024-04-01,ABC Foodmart - Tribeca,2025-05-15 00:00,2025-05-15 00:00,deli,17.20
"Walters, Jay","David, Mr.",jay.walters@abcfoodmart.com,2023-12-17,ABC Foodmart - Staten Island,2026-01-03 00:00,2026-01-03 00:00,dairy,12.65
"Durham, Denise","Flores, Angela",denise.durham@abcfoodmart.com,2022-10-24,ABC Foodmart - Bay Ridge,2024-03-05 00:00,2024-03-05 00:00,customer service,16.31
"Payne, Samantha","Moran, John",samantha.payne@abcfoodmart.com,2024-04-06,ABC Foodmart - Staten Island,2025-08-26 00:00,2025-08-26 00:00,fresh produce,18.57
"Jones, Michael","Flores, Angela",michael.jones@abcfoodmart.com,2023-01-19,ABC Foodmart - Staten Island,2024-01-07 00:00,2024-01-07 00:00,deli,19.34
"Smith, Brandy","David, Mr.",brandy.smith@abcfoodmart.com,2023-12-26,ABC Foodmart - Bay Ridge,2025-08-01 00:00,2025-08-01 00:00,dairy,13.16
"Chen, Kathleen","Hoffman, Tina",kathleen.chen@abcfoodmart.com,2024-02-03,ABC Foodmart - DUMBO,2025-03-02 00:00,2025-03-02 00:00,dairy,12.35
"Hughes, Christopher","Williams, Gina",christopher.hughes@abcfoodmart.com,2022-09-01,ABC Foodmart - DUMBO,2024-04-04 00:00,2024-04-04 00:00,floral,15.72
"Jessica, Ms.","Hoffman, Tina",ms..jessica@abcfoodmart.com,2022-06-10,ABC Foodmart - Tribeca,2024-01-12 00:00,2024-01-12 00:00,cashier,14.00
"Wells, Monica","Cooper, Robert",monica.wells@abcfoodmart.com,2024-03-12,ABC Foodmart - Bay Ridge,2025-08-10 00:00,2025-08-10 00:00,customer service,17.11
"Carroll, Eric","Farrell, Christopher",eric.carroll@abcfoodmart.com,2022-12-26,ABC Foodmart - Tribeca,2024-12-17 00:00,2024-12-17 00:00,dairy,15.32
"Bennett, Alec","Ellis, Grant",alec.bennett@abcfoodmart.com,2023-10-03,ABC Foodmart - Staten Island,2024-11-15 00:00,2024-11-15 00:00,pharmacy,16.46
"Jacobs, Brenda","Ellis, Grant",brenda.jacobs@abcfoodmart.com,2024-02-09,ABC Foodmart - Bay Ridge,2025-06-20 00:00,2025-06-20 00:00,dry goods,17.16
"Glover, Michelle","Farrell, Christopher",michelle.glover@abcfoodmart.com,2022-08-25,ABC Foodmart - Whitestone,2024-04-05 00:00,2024-04-05 00:00,deli,18.31
"Chen, Kathleen","Flores, Angela",kathleen.chen@abcfoodmart.com,2024-02-03,ABC Foodmart - Whitestone,2025-03-09 00:00,2025-03-09 00:00,seafood,19.72
"Vasquez, Peter","Williams, Gina",peter.vasquez@abcfoodmart.com,2023-01-05,ABC Foodmart - Bay Ridge,2024-04-10 00:00,2024-04-10 00:00,meats,15.15
"Davis, Jennifer","Hoffman, Tina",jennifer.davis@abcfoodmart.com,2023-11-03,ABC Foodmart - Bay Ridge,2025-08-18 00:00,2025-08-18 00:00,cashier,16.90
"Hayes, Brandon","Johnston, William",brandon.hayes@abcfoodmart.com,2022-09-28,ABC Foodmart - Bay Ridge,2024-01-12 00:00,2024-01-12 00:00,seafood,14.57
"Jones, Christopher","Flores, Angela",christopher.jones@abcfoodmart.com,2022-05-19,ABC Foodmart - Staten Island,2023-12-07 00:00,2023-12-07 00:00,bakery,18.64
"Blanchard, Ricky","Hoffman, Tina",ricky.blanchard@abcfoodmart.com,2023-05-23,ABC Foodmart - Tribeca,2024-10-21 00:00,2024-10-21 00:00,bakery,17.72
"Torres, Steven","Williams, Gina",steven.torres@abcfoodmart.com,2023-05-10,ABC Foodmart - Bay Ridge,2024-09-06 00:00,2024-09-06 00:00,customer service,19.89
"Durham, Denise","Waller, Chad",denise.durham@abcfoodmart.com,2022-10-24,ABC Foodmart - Whitestone,2024-03-08 00:00,2024-03-08 00:00,deli,19.27
"Martin, Monica","Williams, Gina",monica.martin@abcfoodmart.com,2023-11-23,ABC Foodmart - Tribeca,2025-10-02 00:00,2025-10-02 00:00,fresh produce,16.92
"Foster, Kenneth","Johnston, William",kenneth.foster@abcfoodmart.com,2023-04-23,ABC Foodmart - Staten Island,2024-09-25 00:00,2024-09-25 00:00,meats,15.30
"Ellis, Lauren","Waller, Chad",lauren.ellis@abcfoodmart.com,2022-10-22,ABC Foodmart - Staten Island,2024-04-17 00:00,2024-04-17 00:00,frozen foods,15.36
"Nguyen, Richard","Carter, Karen",richard.nguyen@abcfoodmart.com,2022-09-27,ABC Foodmart - DUMBO,2024-04-27 00:00,2024-04-27 00:00,frozen foods,15.07
"Jacobs, Brenda","Carter, Karen",brenda.jacobs@abcfoodmart.com,2024-02-09,ABC Foodmart - Staten Island,2025-06-21 00:00,2025-06-21 00:00,dry goods,17.66
"Burns, Kendra","Hoffman, Tina",kendra.burns@abcfoodmart.com,2022-12-13,ABC Foodmart - DUMBO,2024-06-25 00:00,2024-06-25 00:00,dry goods,13.81
"Bennett, Alec","Williams, Gina",alec.bennett@abcfoodmart.com,2023-10-03,ABC Foodmart - Tribeca,2024-12-10 00:00,2024-12-10 00:00,dairy,12.04
"Walters, Jay","Carter, Karen",jay.walters@abcfoodmart.com,2023-12-17,ABC Foodmart - Tribeca,2026-01-19 00:00,2026-01-19 00:00,customer service,19.26
"Mckenzie, William","Flores, Angela",william.mckenzie@abcfoodmart.com,2023-01-04,ABC Foodmart - DUMBO,2024-05-25 00:00,2024-05-25 00:00,dry goods,14.98
"Riley, Ashley","Cooper, Robert",ashley.riley@abcfoodmart.com,2022-08-17,ABC Foodmart - Staten Island,2024-05-29 00:00,2024-05-29 00:00,fresh produce,13.94
"Wilson, Jill","Moran, John",jill.wilson@abcfoodmart.com,2022-12-06,ABC Foodmart - Whitestone,2024-08-01 00:00,2024-08-01 00:00,frozen foods,13.67
"Owens, Jeffrey","Farrell, Christopher",jeffrey.owens@abcfoodmart.com,2022-05-03,ABC Foodmart - Whitestone,2023-06-16 00:00,2023-06-16 00:00,customer service,18.47
"Martin, Monica","Waller, Chad",monica.martin@abcfoodmart.com,2023-11-23,ABC Foodmart - Whitestone,2025-10-10 00:00,2025-10-10 00:00,meats,18.86
"White, Kenneth","Williams, Gina",kenneth.white@abcfoodmart.com,2023-01-22,ABC Foodmart - Tribeca,2025-02-08 00:00,2025-02-08 00:00,cashier,17.24
"Gross, Andrew","Flores, Angela",andrew.gross@abcfoodmart.com,2022-04-30,ABC Foodmart - Whitestone,2023-06-08 00:00,2023-06-08 00:00,customer service,17.14
"Tate, Harry","Hoffman, Tina",harry.tate@abcfoodmart.com,2022-09-18,ABC Foodmart - Tribeca,2024-03-25 00:00,2024-03-25 00:00,dairy,19.41
"Gardner, Laura","Moran, John",laura.gardner@abcfoodmart.com,2023-09-04,ABC Foodmart - Staten Island,2025-03-18 00:00,2025-03-18 00:00,fresh produce,18.95
"Church, Joshua","Farrell, Christopher",joshua.church@abcfoodmart.com,2024-03-03,ABC Foodmart - Bay Ridge,2025-10-07 00:00,2025-10-07 00:00,fresh produce,15.85
"Kramer, Veronica","Waller, Chad",veronica.kramer@abcfoodmart.com,2023-03-28,ABC Foodmart - DUMBO,2024-10-04 00:00,2024-10-04 00:00,meats,19.55
"Sean, Mr.","Moran, John",mr..sean@abcfoodmart.com,2023-03-25,ABC Foodmart - Bay Ridge,2024-06-27 00:00,2024-06-27 00:00,fresh produce,18.26
"Jones, Evelyn","Hoffman, Tina",evelyn.jones@abcfoodmart.com,2024-02-25,ABC Foodmart - Tribeca,2025-08-01 00:00,2025-08-01 00:00,dairy,19.74
"Thomas, Robert","Farrell, Christopher",robert.thomas@abcfoodmart.com,2022-05-18,ABC Foodmart - Bay Ridge,2024-03-21 00:00,2024-03-21 00:00,frozen foods,12.22
"Day, Natasha","Williams, Gina",natasha.day@abcfoodmart.com,2023-08-02,ABC Foodmart - Bay Ridge,2024-10-18 00:00,2024-10-18 00:00,pharmacy,18.01
"Thompson, Andrea","Williams, Gina",andrea.thompson@abcfoodmart.com,2023-01-06,ABC Foodmart - Staten Island,2024-05-22 00:00,2024-05-22 00:00,pharmacy,17.48
"Galvan, Lori","Moran, John",lori.galvan@abcfoodmart.com,2022-05-24,ABC Foodmart - Staten Island,2023-07-22 00:00,2023-07-22 00:00,pharmacy,19.11
"Myers, Gary","Waller, Chad",gary.myers@abcfoodmart.com,2023-10-13,ABC Foodmart - Staten Island,2024-09-23 00:00,2024-09-23 00:00,pharmacy,13.05
"Atkinson, Gary","Cooper, Robert",gary.atkinson@abcfoodmart.com,2022-05-24,ABC Foodmart - Tribeca,2023-12-08 00:00,2023-12-08 00:00,fresh produce,17.98
"Chambers, Jeffrey","Flores, Angela",jeffrey.chambers@abcfoodmart.com,2022-09-29,ABC Foodmart - Tribeca,2024-02-03 00:00,2024-02-03 00:00,seafood,18.50
"Kramer, Veronica","Williams, Gina",veronica.kramer@abcfoodmart.com,2023-03-28,ABC Foodmart - Tribeca,2024-10-27 00:00,2024-10-27 00:00,bakery,14.96
"Garcia, Sarah","Hoffman, Tina",sarah.garcia@abcfoodmart.com,2022-12-14,ABC Foodmart - DUMBO,2024-06-20 00:00,2024-06-20 00:00,dry goods,15.50
"Brown, Lisa","Compton, Jeffrey",lisa.brown@abcfoodmart.com,2022-08-18,ABC Foodmart - Tribeca,2023-11-27 00:00,2023-11-27 00:00,meats,14.85
"Smith, Diana","Compton, Jeffrey",diana.smith@abcfoodmart.com,2023-05-31,ABC Foodmart - Tribeca,2024-10-20 00:00,2024-10-20 00:00,floral,12.68
"Smith, Diana","Flores, Angela",diana.smith@abcfoodmart.com,2023-05-31,ABC Foodmart - Bay Ridge,2024-11-17 00:00,2024-11-17 00:00,seafood,18.94
"Riley, Ashley","Carter, Karen",ashley.riley@abcfoodmart.com,2022-08-17,ABC Foodmart - Staten Island,2024-05-31 00:00,2024-05-31 00:00,meats,16.39
"Waters, Julie","Hoffman, Tina",julie.waters@abcfoodmart.com,2023-05-20,ABC Foodmart - Tribeca,2024-10-09 00:00,2024-10-09 00:00,dry goods,14.55
"Bryan, Mr.","Moran, John",mr..bryan@abcfoodmart.com,2023-08-26,ABC Foodmart - Staten Island,2025-03-10 00:00,2025-03-10 00:00,meats,12.94
"Riley, Ashley","Carter, Karen",ashley.riley@abcfoodmart.com,2022-08-17,ABC Foodmart - Staten Island,2024-06-12 00:00,2024-06-12 00:00,cashier,13.90
"Martin, Monica","Waller, Chad",monica.martin@abcfoodmart.com,2023-11-23,ABC Foodmart - DUMBO,2025-11-02 00:00,2025-11-02 00:00,deli,17.97
"Sosa, David","Moran, John",david.sosa@abcfoodmart.com,2023-07-27,ABC Foodmart - DUMBO,2025-03-25 00:00,2025-03-25 00:00,frozen foods,17.43
"Moore, Jason","Ellis, Grant",jason.moore@abcfoodmart.com,2023-07-11,ABC Foodmart - Tribeca,2025-01-13 00:00,2025-01-13 00:00,seafood,18.05
"Perry, Andrea","Williams, Gina",andrea.perry@abcfoodmart.com,2023-05-05,ABC Foodmart - Whitestone,2024-10-11 00:00,2024-10-11 00:00,customer service,12.92
"Thompson, Matthew","Ellis, Grant",matthew.thompson@abcfoodmart.com,2022-04-22,ABC Foodmart - Whitestone,2023-08-15 00:00,2023-08-15 00:00,seafood,16.20
"Shah, Amanda","Flores, Angela",amanda.shah@abcfoodmart.com,2023-10-07,ABC Foodmart - DUMBO,2025-06-02 00:00,2025-06-02 00:00,dairy,18.38
"Long, Kirsten","Cooper, Robert",kirsten.long@abcfoodmart.com,2024-02-24,ABC Foodmart - Bay Ridge,2025-12-17 00:00,2025-12-17 00:00,bakery,15.51
"Jordan, Carla","Carter, Karen",carla.jordan@abcfoodmart.com,2023-12-17,ABC Foodmart - Tribeca,2025-02-16 00:00,2025-02-16 00:00,seafood,18.60
"Foster, Jennifer","Compton, Jeffrey",jennifer.foster@abcfoodmart.com,2023-06-15,ABC Foodmart - Staten Island,2024-12-29 00:00,2024-12-29 00:00,meats,19.70
"Henderson, Nancy","Hoffman, Tina",nancy.henderson@abcfoodmart.com,2023-12-30,ABC Foodmart - DUMBO,2025-01-09 00:00,2025-01-09 00:00,bakery,14.09
"Vasquez, Peter","David, Mr.",peter.vasquez@abcfoodmart.com,2023-01-05,ABC Foodmart - Bay Ridge,2024-05-03 00:00,2024-05-03 00:00,fresh produce,16.18
"Nichols, Mitchell","Compton, Jeffrey",mitchell.nichols@abcfoodmart.com,2022-09-30,ABC Foodmart - Staten Island,2023-09-21 00:00,2023-09-21 00:00,bakery,15.36
"Bradley, Rita","Johnston, William",rita.bradley@abcfoodmart.com,2023-08-06,ABC Foodmart - DUMBO,2024-11-26 00:00,2024-11-26 00:00,pharmacy,18.20
"Sean, Mr.","Compton, Jeffrey",mr..sean@abcfoodmart.com,2023-03-25,ABC Foodmart - DUMBO,2024-07-23 00:00,2024-07-23 00:00,frozen foods,16.26
"Jones, Michael","Flores, Angela",michael.jones@abcfoodmart.com,2023-01-19,ABC Foodmart - Whitestone,2024-01-15 00:00,2024-01-15 00:00,frozen foods,18.36
"Chambers, Jeffrey","Flores, Angela",jeffrey.chambers@abcfoodmart.com,2022-09-29,ABC Foodmart - Tribeca,2024-02-07 00:00,2024-02-07 00:00,bakery,13.30
"Pena, Johnathan","Flores, Angela",johnathan.pena@abcfoodmart.com,2023-02-22,ABC Foodmart - Staten Island,2024-07-27 00:00,2024-07-27 00:00,pharmacy,15.14
"Rogers, Mark","Carter, Karen",mark.rogers@abcfoodmart.com,2023-05-08,ABC Foodmart - Tribeca,2024-04-12 00:00,2024-04-12 00:00,bakery,19.86
"Church, Joshua","Waller, Chad",joshua.church@abcfoodmart.com,2024-03-03,ABC Foodmart - DUMBO,2025-10-11 00:00,2025-10-11 00:00,pharmacy,15.19
"Hughes, Christopher","Cooper, Robert",christopher.hughes@abcfoodmart.com,2022-09-01,ABC Foodmart - Whitestone,2024-04-27 00:00,2024-04-27 00:00,deli,17.61
"Kerr, Jason","Williams, Gina",jason.kerr@abcfoodmart.com,2022-11-21,ABC Foodmart - DUMBO,2024-04-13 00:00,2024-04-13 00:00,pharmacy,18.20
"Jackson, Michael","Waller, Chad",michael.jackson@abcfoodmart.com,2022-10-31,ABC Foodmart - Whitestone,2024-01-12 00:00,2024-01-12 00:00,dairy,15.38
"Wells, Monica","Flores, Angela",monica.wells@abcfoodmart.com,2024-03-12,ABC Foodmart - Bay Ridge,2025-08-17 00:00,2025-08-17 00:00,cashier,16.45
"Bennett, Alec","Carter, Karen",alec.bennett@abcfoodmart.com,2023-10-03,ABC Foodmart - Whitestone,2025-01-07 00:00,2025-01-07 00:00,dairy,14.19
"Jones, Evelyn","David, Mr.",evelyn.jones@abcfoodmart.com,2024-02-25,ABC Foodmart - Whitestone,2025-08-20 00:00,2025-08-20 00:00,cashier,14.75
"Bennett, Alec","Williams, Gina",alec.bennett@abcfoodmart.com,2023-10-03,ABC Foodmart - DUMBO,2025-01-27 00:00,2025-01-27 00:00,fresh produce,12.57
"Hull, Shane","Flores, Angela",shane.hull@abcfoodmart.com,2024-01-09,ABC Foodmart - Whitestone,2025-07-19 00:00,2025-07-19 00:00,deli,16.00
"White, Kenneth","Cooper, Robert",kenneth.white@abcfoodmart.com,2023-01-22,ABC Foodmart - Whitestone,2025-02-21 00:00,2025-02-21 00:00,bakery,15.94
"Chen, Kathleen","Carter, Karen",kathleen.chen@abcfoodmart.com,2024-02-03,ABC Foodmart - Whitestone,2025-03-28 00:00,2025-03-28 00:00,floral,14.28
"Atkinson, Gary","Cooper, Robert",gary.atkinson@abcfoodmart.com,2022-05-24,ABC Foodmart - Whitestone,2024-01-05 00:00,2024-01-05 00:00,cashier,13.09
"Horton, Mark","Williams, Gina",mark.horton@abcfoodmart.com,2023-02-14,ABC Foodmart - DUMBO,2024-02-24 00:00,2024-02-24 00:00,cashier,16.65
"Jackson, Michael","Waller, Chad",michael.jackson@abcfoodmart.com,2022-10-31,ABC Foodmart - DUMBO,2024-02-07 00:00,2024-02-07 00:00,dairy,13.66
"Spears, Erin","Cooper, Robert",erin.spears@abcfoodmart.com,2023-07-30,ABC Foodmart - Whitestone,2025-04-26 00:00,2025-04-26 00:00,meats,18.48
"Harrell, Angie","Waller, Chad",angie.harrell@abcfoodmart.com,2023-06-01,ABC Foodmart - Tribeca,2024-09-27 00:00,2024-09-27 00:00,meats,17.40
"Hughes, Christopher","Flores, Angela",christopher.hughes@abcfoodmart.com,2022-09-01,ABC Foodmart - Bay Ridge,2024-05-11 00:00,2024-05-11 00:00,deli,17.68
"Vasquez, Peter","Williams, Gina",peter.vasquez@abcfoodmart.com,2023-01-05,ABC Foodmart - Bay Ridge,2024-05-06 00:00,2024-05-06 00:00,frozen foods,12.79
"Manning, Maria","Carter, Karen",maria.manning@abcfoodmart.com,2022-11-16,ABC Foodmart - DUMBO,2024-06-27 00:00,2024-06-27 00:00,fresh produce,15.80
"Gardner, Laura","Compton, Jeffrey",laura.gardner@abcfoodmart.com,2023-09-04,ABC Foodmart - Tribeca,2025-03-30 00:00,2025-03-30 00:00,seafood,17.30
"Day, Natasha","David, Mr.",natasha.day@abcfoodmart.com,2023-08-02,ABC Foodmart - Staten Island,2024-10-31 00:00,2024-10-31 00:00,meats,18.43
"Glover, Michelle","Williams, Gina",michelle.glover@abcfoodmart.com,2022-08-25,ABC Foodmart - Staten Island,2024-04-23 00:00,2024-04-23 00:00,frozen foods,14.83
"Davis, Jennifer","Williams, Gina",jennifer.davis@abcfoodmart.com,2023-11-03,ABC Foodmart - Bay Ridge,2025-09-08 00:00,2025-09-08 00:00,dry goods,12.13
"Nichols, Mitchell","Williams, Gina",mitchell.nichols@abcfoodmart.com,2022-09-30,ABC Foodmart - DUMBO,2023-10-14 00:00,2023-10-14 00:00,dry goods,12.13
"Campbell, Bethany","Ellis, Grant",bethany.campbell@abcfoodmart.com,2023-10-07,ABC Foodmart - Whitestone,2024-11-03 00:00,2024-11-03 00:00,fresh produce,17.18
"Owens, Jeffrey","Farrell, Christopher",jeffrey.owens@abcfoodmart.com,2022-05-03,ABC Foodmart - Tribeca,2023-06-17 00:00,2023-06-17 00:00,deli,12.95
"Colon, Lindsey","Compton, Jeffrey",lindsey.colon@abcfoodmart.com,2023-02-16,ABC Foodmart - Bay Ridge,2024-11-09 00:00,2024-11-09 00:00,deli,18.54
"Golden, Laurie","Flores, Angela",laurie.golden@abcfoodmart.com,2023-12-23,ABC Foodmart - Bay Ridge,2024-12-13 00:00,2024-12-13 00:00,fresh produce,12.26
"Brown, Lisa","Carter, Karen",lisa.brown@abcfoodmart.com,2022-08-18,ABC Foodmart - Whitestone,2023-12-10 00:00,2023-12-10 00:00,customer service,15.24
"Manning, Maria","Williams, Gina",maria.manning@abcfoodmart.com,2022-11-16,ABC Foodmart - DUMBO,2024-07-23 00:00,2024-07-23 00:00,customer service,16.10
"Nguyen, Richard","Williams, Gina",richard.nguyen@abcfoodmart.com,2022-09-27,ABC Foodmart - DUMBO,2024-04-30 00:00,2024-04-30 00:00,seafood,14.44
"Smith, Brandy","Compton, Jeffrey",brandy.smith@abcfoodmart.com,2023-12-26,ABC Foodmart - Whitestone,2025-08-23 00:00,2025-08-23 00:00,bakery,18.14
"Frederick, Evan","Flores, Angela",evan.frederick@abcfoodmart.com,2023-02-24,ABC Foodmart - Bay Ridge,2024-01-17 00:00,2024-01-17 00:00,fresh produce,13.50
"Manning, Maria","Hoffman, Tina",maria.manning@abcfoodmart.com,2022-11-16,ABC Foodmart - Bay Ridge,2024-07-28 00:00,2024-07-28 00:00,frozen foods,15.08
"Gonzalez, Michele","Farrell, Christopher",michele.gonzalez@abcfoodmart.com,2023-09-23,ABC Foodmart - Tribeca,2024-11-20 00:00,2024-11-20 00:00,cashier,14.65
"Foster, Jennifer","Carter, Karen",jennifer.foster@abcfoodmart.com,2023-06-15,ABC Foodmart - Tribeca,2024-12-31 00:00,2024-12-31 00:00,meats,14.59
"Jones, Michael","Farrell, Christopher",michael.jones@abcfoodmart.com,2023-01-19,ABC Foodmart - Tribeca,2024-01-19 00:00,2024-01-19 00:00,deli,12.57
"Martin, Monica","Hoffman, Tina",monica.martin@abcfoodmart.com,2023-11-23,ABC Foodmart - Staten Island,2025-11-20 00:00,2025-11-20 00:00,pharmacy,13.92
"Waters, Julie","Moran, John",julie.waters@abcfoodmart.com,2023-05-20,ABC Foodmart - Whitestone,2024-10-31 00:00,2024-10-31 00:00,pharmacy,15.77
"Sean, Mr.","Ellis, Grant",mr..sean@abcfoodmart.com,2023-03-25,ABC Foodmart - Whitestone,2024-08-19 00:00,2024-08-19 00:00,fresh produce,17.49
"Frederick, Evan","Williams, Gina",evan.frederick@abcfoodmart.com,2023-02-24,ABC Foodmart - Bay Ridge,2024-01-23 00:00,2024-01-23 00:00,floral,16.07
"Marquez, Jeffrey","Flores, Angela",jeffrey.marquez@abcfoodmart.com,2023-02-19,ABC Foodmart - Bay Ridge,2024-06-08 00:00,2024-06-08 00:00,fresh produce,18.79
"Walls, Kristen","Carter, Karen",kristen.walls@abcfoodmart.com,2023-02-10,ABC Foodmart - Bay Ridge,2024-05-08 00:00,2024-05-08 00:00,floral,14.35
"Manning, Maria","Cooper, Robert",maria.manning@abcfoodmart.com,2022-11-16,ABC Foodmart - Bay Ridge,2024-08-03 00:00,2024-08-03 00:00,floral,19.32
"Marquez, Jeffrey","Farrell, Christopher",jeffrey.marquez@abcfoodmart.com,2023-02-19,ABC Foodmart - DUMBO,2024-06-25 00:00,2024-06-25 00:00,dairy,14.59
"Wood, Joshua","Hoffman, Tina",joshua.wood@abcfoodmart.com,2022-11-26,ABC Foodmart - Bay Ridge,2024-11-11 00:00,2024-11-11 00:00,frozen foods,19.08
"Torres, Steven","Williams, Gina",steven.torres@abcfoodmart.com,2023-05-10,ABC Foodmart - Tribeca,2024-09-19 00:00,2024-09-19 00:00,dry goods,19.46
"Johnson, Samantha","Farrell, Christopher",samantha.johnson@abcfoodmart.com,2023-01-16,ABC Foodmart - DUMBO,2024-10-04 00:00,2024-10-04 00:00,pharmacy,18.91
"Payne, Samantha","Cooper, Robert",samantha.payne@abcfoodmart.com,2024-04-06,ABC Foodmart - Bay Ridge,2025-09-24 00:00,2025-09-24 00:00,customer service,17.08
"Nichols, Mitchell","David, Mr.",mitchell.nichols@abcfoodmart.com,2022-09-30,ABC Foodmart - Staten Island,2023-10-27 00:00,2023-10-27 00:00,seafood,13.62
"Walls, Kristen","Waller, Chad",kristen.walls@abcfoodmart.com,2023-02-10,ABC Foodmart - Staten Island,2024-05-13 00:00,2024-05-13 00:00,floral,17.16
"Riley, Ashley","Williams, Gina",ashley.riley@abcfoodmart.com,2022-08-17,ABC Foodmart - DUMBO,2024-07-08 00:00,2024-07-08 00:00,bakery,15.60
"Galvan, Lori","Carter, Karen",lori.galvan@abcfoodmart.com,2022-05-24,ABC Foodmart - Staten Island,2023-08-17 00:00,2023-08-17 00:00,cashier,13.82
"Jones, Evelyn","Carter, Karen",evelyn.jones@abcfoodmart.com,2024-02-25,ABC Foodmart - DUMBO,2025-09-05 00:00,2025-09-05 00:00,frozen foods,13.10
"Foster, Jennifer","Carter, Karen",jennifer.foster@abcfoodmart.com,2023-06-15,ABC Foodmart - Staten Island,2025-01-01 00:00,2025-01-01 00:00,pharmacy,17.39
"Smith, Brandy","Moran, John",brandy.smith@abcfoodmart.com,2023-12-26,ABC Foodmart - DUMBO,2025-09-18 00:00,2025-09-18 00:00,deli,13.70
"Roach, Christine","Moran, John",christine.roach@abcfoodmart.com,2023-10-15,ABC Foodmart - Tribeca,2025-01-30 00:00,2025-01-30 00:00,cashier,19.31
"Walters, Jay","Farrell, Christopher",jay.walters@abcfoodmart.com,2023-12-17,ABC Foodmart - Tribeca,2026-02-13 00:00,2026-02-13 00:00,floral,15.85
"Mckenzie, William","Flores, Angela",william.mckenzie@abcfoodmart.com,2023-01-04,ABC Foodmart - Staten Island,2024-05-30 00:00,2024-05-30 00:00,dairy,15.86
"Martin, Monica","Johnston, William",monica.martin@abcfoodmart.com,2023-11-23,ABC Foodmart - Bay Ridge,2025-12-14 00:00,2025-12-14 00:00,bakery,12.62
"Werner, Kara","Compton, Jeffrey",kara.werner@abcfoodmart.com,2023-10-12,ABC Foodmart - Bay Ridge,2025-07-03 00:00,2025-07-03 00:00,deli,13.11
"Myers, Gary","Moran, John",gary.myers@abcfoodmart.com,2023-10-13,ABC Foodmart - Staten Island,2024-10-07 00:00,2024-10-07 00:00,deli,12.36
"Hernandez, Michael","Compton, Jeffrey",michael.hernandez@abcfoodmart.com,2022-05-24,ABC Foodmart - Staten Island,2024-02-05 00:00,2024-02-05 00:00,floral,16.89
"Jones, Michael","Moran, John",michael.jones@abcfoodmart.com,2023-01-19,ABC Foodmart - DUMBO,2024-02-08 00:00,2024-02-08 00:00,seafood,12.53
"Henderson, Nancy","Moran, John",nancy.henderson@abcfoodmart.com,2023-12-30,ABC Foodmart - Tribeca,2025-01-26 00:00,2025-01-26 00:00,deli,17.58
"Golden, Laurie","Cooper, Robert",laurie.golden@abcfoodmart.com,2023-12-23,ABC Foodmart - Tribeca,2024-12-16 00:00,2024-12-16 00:00,fresh produce,17.54
"Terri, Mrs.","Ellis, Grant",mrs..terri@abcfoodmart.com,2022-09-23,ABC Foodmart - Tribeca,2024-04-16 00:00,2024-04-16 00:00,pharmacy,12.38
"Johnson, Samantha","Waller, Chad",samantha.johnson@abcfoodmart.com,2023-01-16,ABC Foodmart - Whitestone,2024-10-20 00:00,2024-10-20 00:00,customer service,19.46
"Martin, Monica","Farrell, Christopher",monica.martin@abcfoodmart.com,2023-11-23,ABC Foodmart - DUMBO,2026-01-01 00:00,2026-01-01 00:00,dry goods,14.48
"Williams, Michael","Ellis, Grant",michael.williams@abcfoodmart.com,2023-06-11,ABC Foodmart - Staten Island,2024-10-18 00:00,2024-10-18 00:00,bakery,18.46
"Perry, Andrea","Compton, Jeffrey",andrea.perry@abcfoodmart.com,2023-05-05,ABC Foodmart - Staten Island,2024-10-25 00:00,2024-10-25 00:00,dairy,15.11
"Carroll, Eric","Waller, Chad",eric.carroll@abcfoodmart.com,2022-12-26,ABC Foodmart - Whitestone,2024-12-29 00:00,2024-12-29 00:00,dry goods,18.09
"Chen, Kathleen","Farrell, Christopher",kathleen.chen@abcfoodmart.com,2024-02-03,ABC Foodmart - Whitestone,2025-04-24 00:00,2025-04-24 00:00,cashier,16.02
"Jackson, Gary","Williams, Gina",gary.jackson@abcfoodmart.com,2022-09-08,ABC Foodmart - Bay Ridge,2023-12-30 00:00,2023-12-30 00:00,fresh produce,12.91
"Love, Thomas","Ellis, Grant",thomas.love@abcfoodmart.com,2024-02-18,ABC Foodmart - Whitestone,2026-02-07 00:00,2026-02-07 00:00,deli,18.83
"Woods, Marcus","Moran, John",marcus.woods@abcfoodmart.com,2024-04-01,ABC Foodmart - Staten Island,2025-06-06 00:00,2025-06-06 00:00,deli,17.77
"Nguyen, Richard","Hoffman, Tina",richard.nguyen@abcfoodmart.com,2022-09-27,ABC Foodmart - Whitestone,2024-05-10 00:00,2024-05-10 00:00,floral,18.35
"Thompson, Andrea","Flores, Angela",andrea.thompson@abcfoodmart.com,2023-01-06,ABC Foodmart - Staten Island,2024-05-31 00:00,2024-05-31 00:00,frozen foods,16.14
"Jones, Michael","Williams, Gina",michael.jones@abcfoodmart.com,2023-01-19,ABC Foodmart - Tribeca,2024-03-04 00:00,2024-03-04 00:00,cashier,13.51
"Wilson, Jill","Moran, John",jill.wilson@abcfoodmart.com,2022-12-06,ABC Foodmart - Tribeca,2024-08-10 00:00,2024-08-10 00:00,seafood,16.78
"Moon, James","Williams, Gina",james.moon@abcfoodmart.com,2023-10-20,ABC Foodmart - Tribeca,2025-02-26 00:00,2025-02-26 00:00,dairy,19.26
"Johnson, Samantha","Farrell, Christopher",samantha.johnson@abcfoodmart.com,2023-01-16,ABC Foodmart - Staten Island,2024-11-07 00:00,2024-11-07 00:00,frozen foods,19.40
"Glover, Michelle","Carter, Karen",michelle.glover@abcfoodmart.com,2022-08-25,ABC Foodmart - Tribeca,2024-05-11 00:00,2024-05-11 00:00,dry goods,15.68
"Moon, James","Johnston, William",james.moon@abcfoodmart.com,2023-10-20,ABC Foodmart - Staten Island,2025-03-13 00:00,2025-03-13 00:00,cashier,17.86
"Smith, Brandy","Cooper, Robert",brandy.smith@abcfoodmart.com,2023-12-26,ABC Foodmart - Staten Island,2025-09-22 00:00,2025-09-22 00:00,floral,12.69
"Mckinney, Marcus","Hoffman, Tina",marcus.mckinney@abcfoodmart.com,2022-08-14,ABC Foodmart - Bay Ridge,2024-05-24 00:00,2024-05-24 00:00,floral,17.09
"Brooks, Renee","Compton, Jeffrey",renee.brooks@abcfoodmart.com,2023-07-15,ABC Foodmart - Bay Ridge,2024-12-01 00:00,2024-12-01 00:00,pharmacy,19.38
"Woods, Marcus","Ellis, Grant",marcus.woods@abcfoodmart.com,2024-04-01,ABC Foodmart - Tribeca,2025-06-14 00:00,2025-06-14 00:00,fresh produce,16.17
"Mckenzie, William","Waller, Chad",william.mckenzie@abcfoodmart.com,2023-01-04,ABC Foodmart - DUMBO,2024-06-06 00:00,2024-06-06 00:00,pharmacy,18.90
"Owens, Jeffrey","Compton, Jeffrey",jeffrey.owens@abcfoodmart.com,2022-05-03,ABC Foodmart - Tribeca,2023-07-01 00:00,2023-07-01 00:00,cashier,19.20
"Campbell, Brittany","Carter, Karen",brittany.campbell@abcfoodmart.com,2023-03-25,ABC Foodmart - Staten Island,2024-09-03 00:00,2024-09-03 00:00,fresh produce,12.29
"Roach, Christine","Williams, Gina",christine.roach@abcfoodmart.com,2023-10-15,ABC Foodmart - Staten Island,2025-02-26 00:00,2025-02-26 00:00,floral,17.72
"Jackson, Gary","Ellis, Grant",gary.jackson@abcfoodmart.com,2022-09-08,ABC Foodmart - Whitestone,2023-12-31 00:00,2023-12-31 00:00,dry goods,12.55
"Hayes, Brandon","Moran, John",brandon.hayes@abcfoodmart.com,2022-09-28,ABC Foodmart - DUMBO,2024-01-13 00:00,2024-01-13 00:00,pharmacy,16.70
"Thomas, Robert","Carter, Karen",robert.thomas@abcfoodmart.com,2022-05-18,ABC Foodmart - Tribeca,2024-03-28 00:00,2024-03-28 00:00,meats,18.83
"Foster, Jennifer","Ellis, Grant",jennifer.foster@abcfoodmart.com,2023-06-15,ABC Foodmart - Whitestone,2025-01-22 00:00,2025-01-22 00:00,dry goods,14.56
"Jessica, Ms.","Compton, Jeffrey",ms..jessica@abcfoodmart.com,2022-06-10,ABC Foodmart - DUMBO,2024-01-19 00:00,2024-01-19 00:00,dairy,13.33
"Moon, James","Waller, Chad",james.moon@abcfoodmart.com,2023-10-20,ABC Foodmart - Staten Island,2025-03-23 00:00,2025-03-23 00:00,fresh produce,14.71
"Waters, Julie","Carter, Karen",julie.waters@abcfoodmart.com,2023-05-20,ABC Foodmart - Staten Island,2024-11-01 00:00,2024-11-01 00:00,customer service,18.08
"Smith, Diana","Carter, Karen",diana.smith@abcfoodmart.com,2023-05-31,ABC Foodmart - Bay Ridge,2024-12-03 00:00,2024-12-03 00:00,dairy,12.16
"Spears, Erin","Hoffman, Tina",erin.spears@abcfoodmart.com,2023-07-30,ABC Foodmart - Staten Island,2025-05-05 00:00,2025-05-05 00:00,customer service,18.33
"Bradley, Rita","Compton, Jeffrey",rita.bradley@abcfoodmart.com,2023-08-06,ABC Foodmart - Whitestone,2024-12-13 00:00,2024-12-13 00:00,deli,16.59
"Hernandez, Michael","Johnston, William",michael.hernandez@abcfoodmart.com,2022-05-24,ABC Foodmart - Tribeca,2024-02-06 00:00,2024-02-06 00:00,pharmacy,15.22
"Jones, Christopher","Compton, Jeffrey",christopher.jones@abcfoodmart.com,2022-05-19,ABC Foodmart - Staten Island,2024-01-03 00:00,2024-01-03 00:00,fresh produce,14.40
"Roach, Christine","Williams, Gina",christine.roach@abcfoodmart.com,2023-10-15,ABC Foodmart - Bay Ridge,2025-03-20 00:00,2025-03-20 00:00,bakery,12.43
"Torres, Steven","Johnston, William",steven.torres@abcfoodmart.com,2023-05-10,ABC Foodmart - Whitestone,2024-09-25 00:00,2024-09-25 00:00,pharmacy,17.69
"Kerr, Jason","Hoffman, Tina",jason.kerr@abcfoodmart.com,2022-11-21,ABC Foodmart - Tribeca,2024-05-04 00:00,2024-05-04 00:00,dairy,13.96
"Alvarez, Brenda","Moran, John",brenda.alvarez@abcfoodmart.com,2023-11-16,ABC Foodmart - Tribeca,2025-05-24 00:00,2025-05-24 00:00,customer service,14.03
"Harrell, Angie","Farrell, Christopher",angie.harrell@abcfoodmart.com,2023-06-01,ABC Foodmart - DUMBO,2024-10-23 00:00,2024-10-23 00:00,dry goods,13.79
"Johnson, Samantha","Moran, John",samantha.johnson@abcfoodmart.com,2023-01-16,ABC Foodmart - Tribeca,2024-11-17 00:00,2024-11-17 00:00,deli,15.37
"Johnson, Samantha","Flores, Angela",samantha.johnson@abcfoodmart.com,2023-01-16,ABC Foodmart - DUMBO,2024-12-10 00:00,2024-12-10 00:00,pharmacy,17.47
"Church, Joshua","Johnston, William",joshua.church@abcfoodmart.com,2024-03-03,ABC Foodmart - Staten Island,2025-10-27 00:00,2025-10-27 00:00,pharmacy,13.84
"Thomas, Robert","Flores, Angela",robert.thomas@abcfoodmart.com,2022-05-18,ABC Foodmart - Tribeca,2024-04-10 00:00,2024-04-10 00:00,dairy,13.10
"Myers, Gary","Williams, Gina",gary.myers@abcfoodmart.com,2023-10-13,ABC Foodmart - Staten Island,2024-10-09 00:00,2024-10-09 00:00,meats,16.73
"Myers, Gary","Waller, Chad",gary.myers@abcfoodmart.com,2023-10-13,ABC Foodmart - Whitestone,2024-10-13 00:00,2024-10-13 00:00,dairy,12.57
"Moore, Jason","David, Mr.",jason.moore@abcfoodmart.com,2023-07-11,ABC Foodmart - Tribeca,2025-01-30 00:00,2025-01-30 00:00,frozen foods,19.51
"Chambers, Jeffrey","Johnston, William",jeffrey.chambers@abcfoodmart.com,2022-09-29,ABC Foodmart - DUMBO,2024-02-27 00:00,2024-02-27 00:00,frozen foods,15.27
"Hernandez, Michael","Moran, John",michael.hernandez@abcfoodmart.com,2022-05-24,ABC Foodmart - DUMBO,2024-02-18 00:00,2024-02-18 00:00,cashier,16.70
"Garcia, Sarah","Farrell, Christopher",sarah.garcia@abcfoodmart.com,2022-12-14,ABC Foodmart - Tribeca,2024-06-26 00:00,2024-06-26 00:00,bakery,14.85
"Harrell, Angie","Moran, John",angie.harrell@abcfoodmart.com,2023-06-01,ABC Foodmart - Tribeca,2024-11-21 00:00,2024-11-21 00:00,pharmacy,19.66
"Golden, Laurie","Johnston, William",laurie.golden@abcfoodmart.com,2023-12-23,ABC Foodmart - Whitestone,2024-12-22 00:00,2024-12-22 00:00,pharmacy,19.99
"Burns, Kendra","Moran, John",kendra.burns@abcfoodmart.com,2022-12-13,ABC Foodmart - Staten Island,2024-07-19 00:00,2024-07-19 00:00,dry goods,13.59
"Roach, Christine","Williams, Gina",christine.roach@abcfoodmart.com,2023-10-15,ABC Foodmart - DUMBO,2025-04-13 00:00,2025-04-13 00:00,meats,12.95
"Terri, Mrs.","Hoffman, Tina",mrs..terri@abcfoodmart.com,2022-09-23,ABC Foodmart - Tribeca,2024-05-03 00:00,2024-05-03 00:00,frozen foods,12.97
"Walters, Jay","Waller, Chad",jay.walters@abcfoodmart.com,2023-12-17,ABC Foodmart - Tribeca,2026-02-21 00:00,2026-02-21 00:00,pharmacy,13.33
"Gross, Andrew","Farrell, Christopher",andrew.gross@abcfoodmart.com,2022-04-30,ABC Foodmart - Tribeca,2023-06-15 00:00,2023-06-15 00:00,fresh produce,19.07
"Smith, Brandy","Compton, Jeffrey",brandy.smith@abcfoodmart.com,2023-12-26,ABC Foodmart - Staten Island,2025-09-27 00:00,2025-09-27 00:00,floral,15.80
"Atkinson, Gary","Waller, Chad",gary.atkinson@abcfoodmart.com,2022-05-24,ABC Foodmart - DUMBO,2024-01-24 00:00,2024-01-24 00:00,dairy,16.87
"White, Kenneth","Cooper, Robert",kenneth.white@abcfoodmart.com,2023-01-22,ABC Foodmart - DUMBO,2025-02-24 00:00,2025-02-24 00:00,seafood,18.36
"Mckenzie, William","Cooper, Robert",william.mckenzie@abcfoodmart.com,2023-01-04,ABC Foodmart - Bay Ridge,2024-06-28 00:00,2024-06-28 00:00,cashier,16.44
"Day, Natasha","Carter, Karen",natasha.day@abcfoodmart.com,2023-08-02,ABC Foodmart - DUMBO,2024-11-12 00:00,2024-11-12 00:00,dairy,16.86
"Gonzalez, Michele","David, Mr.",michele.gonzalez@abcfoodmart.com,2023-09-23,ABC Foodmart - Bay Ridge,2024-12-13 00:00,2024-12-13 00:00,dairy,15.85
"Eric, Mr.","Compton, Jeffrey",mr..eric@abcfoodmart.com,2022-09-02,ABC Foodmart - DUMBO,2023-10-23 00:00,2023-10-23 00:00,dairy,13.96
"Gross, Andrew","Flores, Angela",andrew.gross@abcfoodmart.com,2022-04-30,ABC Foodmart - Whitestone,2023-07-02 00:00,2023-07-02 00:00,fresh produce,12.92
"Kramer, Veronica","Ellis, Grant",veronica.kramer@abcfoodmart.com,2023-03-28,ABC Foodmart - DUMBO,2024-10-29 00:00,2024-10-29 00:00,meats,14.29
"Frederick, Evan","Flores, Angela",evan.frederick@abcfoodmart.com,2023-02-24,ABC Foodmart - Bay Ridge,2024-02-21 00:00,2024-02-21 00:00,customer service,17.60
"Harrell, Angie","Hoffman, Tina",angie.harrell@abcfoodmart.com,2023-06-01,ABC Foodmart - Staten Island,2024-12-20 00:00,2024-12-20 00:00,fresh produce,13.76
"Smith, Brandy","Ellis, Grant",brandy.smith@abcfoodmart.com,2023-12-26,ABC Foodmart - Staten Island,2025-10-11 00:00,2025-10-11 00:00,dairy,14.88
"Campbell, Bethany","Carter, Karen",bethany.campbell@abcfoodmart.com,2023-10-07,ABC Foodmart - Bay Ridge,2024-11-14 00:00,2024-11-14 00:00,bakery,17.96
"Colon, Lindsey","Farrell, Christopher",lindsey.colon@abcfoodmart.com,2023-02-16,ABC Foodmart - Bay Ridge,2024-11-26 00:00,2024-11-26 00:00,dry goods,12.71
"Shah, Amanda","Compton, Jeffrey",amanda.shah@abcfoodmart.com,2023-10-07,ABC Foodmart - Tribeca,2025-07-01 00:00,2025-07-01 00:00,bakery,18.47
"Walls, Kristen","Cooper, Robert",kristen.walls@abcfoodmart.com,2023-02-10,ABC Foodmart - Staten Island,2024-05-19 00:00,2024-05-19 00:00,dry goods,13.30
"Jones, Christopher","Farrell, Christopher",christopher.jones@abcfoodmart.com,2022-05-19,ABC Foodmart - Whitestone,2024-01-09 00:00,2024-01-09 00:00,pharmacy,15.01
"Chambers, Jeffrey","Compton, Jeffrey",jeffrey.chambers@abcfoodmart.com,2022-09-29,ABC Foodmart - DUMBO,2024-03-04 00:00,2024-03-04 00:00,seafood,19.02
"Campbell, Brittany","Williams, Gina",brittany.campbell@abcfoodmart.com,2023-03-25,ABC Foodmart - Tribeca,2024-09-13 00:00,2024-09-13 00:00,bakery,13.60
"Smith, Diana","Farrell, Christopher",diana.smith@abcfoodmart.com,2023-05-31,ABC Foodmart - DUMBO,2024-12-06 00:00,2024-12-06 00:00,dairy,12.52
"Ellis, Lauren","Waller, Chad",lauren.ellis@abcfoodmart.com,2022-10-22,ABC Foodmart - Bay Ridge,2024-05-16 00:00,2024-05-16 00:00,meats,18.90
"Day, Natasha","Cooper, Robert",natasha.day@abcfoodmart.com,2023-08-02,ABC Foodmart - Staten Island,2024-11-22 00:00,2024-11-22 00:00,pharmacy,19.49
"Jones, Michael","Johnston, William",michael.jones@abcfoodmart.com,2023-01-19,ABC Foodmart - Staten Island,2024-03-10 00:00,2024-03-10 00:00,seafood,14.55
"Perry, Andrea","Carter, Karen",andrea.perry@abcfoodmart.com,2023-05-05,ABC Foodmart - Staten Island,2024-11-04 00:00,2024-11-04 00:00,customer service,17.55
"Gonzalez, Michele","Hoffman, Tina",michele.gonzalez@abcfoodmart.com,2023-09-23,ABC Foodmart - Tribeca,2024-12-23 00:00,2024-12-23 00:00,bakery,16.49
"Foster, Jennifer","Farrell, Christopher",jennifer.foster@abcfoodmart.com,2023-06-15,ABC Foodmart - Tribeca,2025-01-28 00:00,2025-01-28 00:00,fresh produce,18.05
"Thompson, Matthew","Moran, John",matthew.thompson@abcfoodmart.com,2022-04-22,ABC Foodmart - Whitestone,2023-09-05 00:00,2023-09-05 00:00,bakery,16.57
"Glover, Michelle","David, Mr.",michelle.glover@abcfoodmart.com,2022-08-25,ABC Foodmart - Staten Island,2024-05-27 00:00,2024-05-27 00:00,seafood,12.59
"Thomas, Robert","Carter, Karen",robert.thomas@abcfoodmart.com,2022-05-18,ABC Foodmart - Whitestone,2024-05-09 00:00,2024-05-09 00:00,seafood,15.29
"Martin, Monica","Waller, Chad",monica.martin@abcfoodmart.com,2023-11-23,ABC Foodmart - Whitestone,2026-01-11 00:00,2026-01-11 00:00,frozen foods,16.33
"Horton, Ashley","Compton, Jeffrey",ashley.horton@abcfoodmart.com,2024-01-24,ABC Foodmart - Tribeca,2025-09-06 00:00,2025-09-06 00:00,customer service,12.51
"Ellis, Lauren","Williams, Gina",lauren.ellis@abcfoodmart.com,2022-10-22,ABC Foodmart - Tribeca,2024-05-24 00:00,2024-05-24 00:00,bakery,19.07
"Warren, Timothy","Cooper, Robert",timothy.warren@abcfoodmart.com,2022-12-27,ABC Foodmart - Whitestone,2024-12-02 00:00,2024-12-02 00:00,seafood,14.54
"Glover, Michelle","Carter, Karen",michelle.glover@abcfoodmart.com,2022-08-25,ABC Foodmart - Staten Island,2024-06-09 00:00,2024-06-09 00:00,deli,13.31
"Randolph, Emily","Hoffman, Tina",emily.randolph@abcfoodmart.com,2023-03-09,ABC Foodmart - Staten Island,2024-07-23 00:00,2024-07-23 00:00,cashier,14.97
"Terri, Mrs.","David, Mr.",mrs..terri@abcfoodmart.com,2022-09-23,ABC Foodmart - DUMBO,2024-05-22 00:00,2024-05-22 00:00,bakery,19.57
"Foster, Kenneth","Carter, Karen",kenneth.foster@abcfoodmart.com,2023-04-23,ABC Foodmart - Staten Island,2024-10-23 00:00,2024-10-23 00:00,dairy,15.82
"Warren, Timothy","Hoffman, Tina",timothy.warren@abcfoodmart.com,2022-12-27,ABC Foodmart - Staten Island,2024-12-15 00:00,2024-12-15 00:00,dairy,16.86
"Vasquez, Peter","Ellis, Grant",peter.vasquez@abcfoodmart.com,2023-01-05,ABC Foodmart - Tribeca,2024-05-11 00:00,2024-05-11 00:00,customer service,15.85
"Ellis, Lauren","Hoffman, Tina",lauren.ellis@abcfoodmart.com,2022-10-22,ABC Foodmart - Bay Ridge,2024-06-04 00:00,2024-06-04 00:00,deli,16.45
"Bryan, Mr.","Moran, John",mr..bryan@abcfoodmart.com,2023-08-26,ABC Foodmart - DUMBO,2025-04-04 00:00,2025-04-04 00:00,dairy,13.94
"Chambers, Jeffrey","Farrell, Christopher",jeffrey.chambers@abcfoodmart.com,2022-09-29,ABC Foodmart - Whitestone,2024-03-08 00:00,2024-03-08 00:00,cashier,19.48
"Woods, Marcus","Flores, Angela",marcus.woods@abcfoodmart.com,2024-04-01,ABC Foodmart - Staten Island,2025-07-10 00:00,2025-07-10 00:00,seafood,12.11
"Colon, Lindsey","Farrell, Christopher",lindsey.colon@abcfoodmart.com,2023-02-16,ABC Foodmart - Bay Ridge,2024-12-02 00:00,2024-12-02 00:00,pharmacy,13.60
"Gross, Andrew","Compton, Jeffrey",andrew.gross@abcfoodmart.com,2022-04-30,ABC Foodmart - Tribeca,2023-07-24 00:00,2023-07-24 00:00,bakery,12.96
"Foster, Jennifer","Moran, John",jennifer.foster@abcfoodmart.com,2023-06-15,ABC Foodmart - Staten Island,2025-02-09 00:00,2025-02-09 00:00,pharmacy,15.74
"Mckinney, Marcus","David, Mr.",marcus.mckinney@abcfoodmart.com,2022-08-14,ABC Foodmart - Bay Ridge,2024-06-05 00:00,2024-06-05 00:00,pharmacy,13.29
"Gross, Andrew","Moran, John",andrew.gross@abcfoodmart.com,2022-04-30,ABC Foodmart - Staten Island,2023-07-27 00:00,2023-07-27 00:00,floral,17.37
"Smith, Diana","Carter, Karen",diana.smith@abcfoodmart.com,2023-05-31,ABC Foodmart - DUMBO,2024-12-17 00:00,2024-12-17 00:00,floral,18.03
"Ellis, Lauren","David, Mr.",lauren.ellis@abcfoodmart.com,2022-10-22,ABC Foodmart - Whitestone,2024-06-17 00:00,2024-06-17 00:00,floral,14.07
"Mckinney, Marcus","Ellis, Grant",marcus.mckinney@abcfoodmart.com,2022-08-14,ABC Foodmart - Staten Island,2024-07-03 00:00,2024-07-03 00:00,floral,14.24
"White, Kenneth","Williams, Gina",kenneth.white@abcfoodmart.com,2023-01-22,ABC Foodmart - DUMBO,2025-02-26 00:00,2025-02-26 00:00,cashier,17.61
"Walters, Jay","Cooper, Robert",jay.walters@abcfoodmart.com,2023-12-17,ABC Foodmart - Bay Ridge,2026-03-12 00:00,2026-03-12 00:00,dairy,16.53
"Burns, Kendra","Waller, Chad",kendra.burns@abcfoodmart.com,2022-12-13,ABC Foodmart - Staten Island,2024-08-09 00:00,2024-08-09 00:00,dry goods,17.39
"Myers, Gary","Ellis, Grant",gary.myers@abcfoodmart.com,2023-10-13,ABC Foodmart - Whitestone,2024-10-30 00:00,2024-10-30 00:00,dry goods,12.21
"Moore, Jason","Farrell, Christopher",jason.moore@abcfoodmart.com,2023-07-11,ABC Foodmart - DUMBO,2025-02-01 00:00,2025-02-01 00:00,deli,16.12
"Nichols, Brandon","Johnston, William",brandon.nichols@abcfoodmart.com,2024-02-28,ABC Foodmart - Whitestone,2025-09-17 00:00,2025-09-17 00:00,dairy,12.58
"Ellis, Lauren","Compton, Jeffrey",lauren.ellis@abcfoodmart.com,2022-10-22,ABC Foodmart - Bay Ridge,2024-06-27 00:00,2024-06-27 00:00,frozen foods,15.86
"Frederick, Evan","Moran, John",evan.frederick@abcfoodmart.com,2023-02-24,ABC Foodmart - Tribeca,2024-03-15 00:00,2024-03-15 00:00,bakery,15.95
"Conrad, Frederick","Hoffman, Tina",frederick.conrad@abcfoodmart.com,2023-11-24,ABC Foodmart - Staten Island,2025-08-28 00:00,2025-08-28 00:00,bakery,17.90
"Foster, Kenneth","Moran, John",kenneth.foster@abcfoodmart.com,2023-04-23,ABC Foodmart - Bay Ridge,2024-11-02 00:00,2024-11-02 00:00,fresh produce,17.01
"Gonzalez, Michele","Compton, Jeffrey",michele.gonzalez@abcfoodmart.com,2023-09-23,ABC Foodmart - Whitestone,2025-01-09 00:00,2025-01-09 00:00,deli,18.27
"Kramer, Veronica","Farrell, Christopher",veronica.kramer@abcfoodmart.com,2023-03-28,ABC Foodmart - Staten Island,2024-11-06 00:00,2024-11-06 00:00,dry goods,19.51
"Meyer, James","Williams, Gina",james.meyer@abcfoodmart.com,2022-05-02,ABC Foodmart - Bay Ridge,2024-04-02 00:00,2024-04-02 00:00,seafood,19.96
"Marquez, Jeffrey","Carter, Karen",jeffrey.marquez@abcfoodmart.com,2023-02-19,ABC Foodmart - Staten Island,2024-07-21 00:00,2024-07-21 00:00,dairy,12.69
"Torres, Steven","Flores, Angela",steven.torres@abcfoodmart.com,2023-05-10,ABC Foodmart - Whitestone,2024-09-27 00:00,2024-09-27 00:00,meats,16.18
"Glover, Michelle","Hoffman, Tina",michelle.glover@abcfoodmart.com,2022-08-25,ABC Foodmart - Tribeca,2024-06-16 00:00,2024-06-16 00:00,customer service,17.28
"Eric, Mr.","Compton, Jeffrey",mr..eric@abcfoodmart.com,2022-09-02,ABC Foodmart - Tribeca,2023-11-19 00:00,2023-11-19 00:00,meats,17.05
"Jordan, Carla","Williams, Gina",carla.jordan@abcfoodmart.com,2023-12-17,ABC Foodmart - Whitestone,2025-02-28 00:00,2025-02-28 00:00,seafood,12.71
"Campbell, Brittany","Moran, John",brittany.campbell@abcfoodmart.com,2023-03-25,ABC Foodmart - Bay Ridge,2024-10-12 00:00,2024-10-12 00:00,frozen foods,18.71
"Bradley, Rita","David, Mr.",rita.bradley@abcfoodmart.com,2023-08-06,ABC Foodmart - Tribeca,2025-01-11 00:00,2025-01-11 00:00,customer service,17.39
"Foster, Jennifer","Cooper, Robert",jennifer.foster@abcfoodmart.com,2023-06-15,ABC Foodmart - Bay Ridge,2025-02-20 00:00,2025-02-20 00:00,seafood,14.23
"Moore, Jason","Farrell, Christopher",jason.moore@abcfoodmart.com,2023-07-11,ABC Foodmart - Tribeca,2025-02-18 00:00,2025-02-18 00:00,dry goods,18.47
"Wood, Joshua","Compton, Jeffrey",joshua.wood@abcfoodmart.com,2022-11-26,ABC Foodmart - Staten Island,2024-11-30 00:00,2024-11-30 00:00,customer service,14.21
"Harrell, Angie","David, Mr.",angie.harrell@abcfoodmart.com,2023-06-01,ABC Foodmart - Tribeca,2025-01-07 00:00,2025-01-07 00:00,meats,16.56
"Campbell, Bethany","Farrell, Christopher",bethany.campbell@abcfoodmart.com,2023-10-07,ABC Foodmart - Whitestone,2024-12-13 00:00,2024-12-13 00:00,dry goods,17.64
"Moore, Jason","Hoffman, Tina",jason.moore@abcfoodmart.com,2023-07-11,ABC Foodmart - Staten Island,2025-02-23 00:00,2025-02-23 00:00,customer service,19.78
"Bryan, Mr.","David, Mr.",mr..bryan@abcfoodmart.com,2023-08-26,ABC Foodmart - Bay Ridge,2025-05-01 00:00,2025-05-01 00:00,bakery,13.98
"Terri, Mrs.","David, Mr.",mrs..terri@abcfoodmart.com,2022-09-23,ABC Foodmart - Whitestone,2024-05-28 00:00,2024-05-28 00:00,meats,13.47
"Hughes, Christopher","Carter, Karen",christopher.hughes@abcfoodmart.com,2022-09-01,ABC Foodmart - Staten Island,2024-05-14 00:00,2024-05-14 00:00,dry goods,13.77
"Torres, Steven","Hoffman, Tina",steven.torres@abcfoodmart.com,2023-05-10,ABC Foodmart - Bay Ridge,2024-09-28 00:00,2024-09-28 00:00,meats,12.32
"White, Kenneth","Flores, Angela",kenneth.white@abcfoodmart.com,2023-01-22,ABC Foodmart - Staten Island,2025-03-11 00:00,2025-03-11 00:00,deli,12.25
"Brooks, Renee","Hoffman, Tina",renee.brooks@abcfoodmart.com,2023-07-15,ABC Foodmart - Tribeca,2024-12-08 00:00,2024-12-08 00:00,deli,12.72
"Hernandez, Michael","Moran, John",michael.hernandez@abcfoodmart.com,2022-05-24,ABC Foodmart - Bay Ridge,2024-02-28 00:00,2024-02-28 00:00,bakery,14.57
"Thompson, Andrea","David, Mr.",andrea.thompson@abcfoodmart.com,2023-01-06,ABC Foodmart - Bay Ridge,2024-06-01 00:00,2024-06-01 00:00,bakery,19.34
"Moyer, Steven","Waller, Chad",steven.moyer@abcfoodmart.com,2022-12-26,ABC Foodmart - Staten Island,2023-10-24 00:00,2023-10-24 00:00,pharmacy,19.96
"Riley, Ashley","Johnston, William",ashley.riley@abcfoodmart.com,2022-08-17,ABC Foodmart - Staten Island,2024-07-28 00:00,2024-07-28 00:00,floral,17.80
"Burns, Kendra","Moran, John",kendra.burns@abcfoodmart.com,2022-12-13,ABC Foodmart - Staten Island,2024-08-30 00:00,2024-08-30 00:00,meats,18.81
"Jones, Evelyn","Moran, John",evelyn.jones@abcfoodmart.com,2024-02-25,ABC Foodmart - Whitestone,2025-09-29 00:00,2025-09-29 00:00,fresh produce,16.77
"Marquez, Jeffrey","Waller, Chad",jeffrey.marquez@abcfoodmart.com,2023-02-19,ABC Foodmart - Whitestone,2024-08-04 00:00,2024-08-04 00:00,bakery,18.77
"Harrell, Angie","Moran, John",angie.harrell@abcfoodmart.com,2023-06-01,ABC Foodmart - DUMBO,2025-01-31 00:00,2025-01-31 00:00,customer service,14.18
"Bradley, Rita","Waller, Chad",rita.bradley@abcfoodmart.com,2023-08-06,ABC Foodmart - DUMBO,2025-01-23 00:00,2025-01-23 00:00,seafood,17.42
"Warren, Timothy","Johnston, William",timothy.warren@abcfoodmart.com,2022-12-27,ABC Foodmart - Bay Ridge,2024-12-19 00:00,2024-12-19 00:00,dairy,16.53
"Walls, Kristen","Cooper, Robert",kristen.walls@abcfoodmart.com,2023-02-10,ABC Foodmart - Whitestone,2024-05-29 00:00,2024-05-29 00:00,seafood,17.89
"Garcia, Sarah","Hoffman, Tina",sarah.garcia@abcfoodmart.com,2022-12-14,ABC Foodmart - Bay Ridge,2024-07-03 00:00,2024-07-03 00:00,dry goods,19.74
"Blanchard, Ricky","Cooper, Robert",ricky.blanchard@abcfoodmart.com,2023-05-23,ABC Foodmart - DUMBO,2024-11-07 00:00,2024-11-07 00:00,deli,18.87
"Nichols, Mitchell","Ellis, Grant",mitchell.nichols@abcfoodmart.com,2022-09-30,ABC Foodmart - Staten Island,2023-11-08 00:00,2023-11-08 00:00,seafood,12.26
"Jones, Michael","Moran, John",michael.jones@abcfoodmart.com,2023-01-19,ABC Foodmart - Tribeca,2024-03-18 00:00,2024-03-18 00:00,dairy,14.76
"Mckenzie, William","Cooper, Robert",william.mckenzie@abcfoodmart.com,2023-01-04,ABC Foodmart - Staten Island,2024-07-01 00:00,2024-07-01 00:00,pharmacy,16.33
"Moore, Jason","Johnston, William",jason.moore@abcfoodmart.com,2023-07-11,ABC Foodmart - Tribeca,2025-03-09 00:00,2025-03-09 00:00,deli,16.49
"Wilson, Jill","Carter, Karen",jill.wilson@abcfoodmart.com,2022-12-06,ABC Foodmart - Whitestone,2024-09-07 00:00,2024-09-07 00:00,seafood,17.25
"Hernandez, Michael","Moran, John",michael.hernandez@abcfoodmart.com,2022-05-24,ABC Foodmart - Bay Ridge,2024-03-28 00:00,2024-03-28 00:00,customer service,17.57
"Johnson, Samantha","Cooper, Robert",samantha.johnson@abcfoodmart.com,2023-01-16,ABC Foodmart - Bay Ridge,2024-12-19 00:00,2024-12-19 00:00,pharmacy,14.38
"Herrera, Spencer","Johnston, William",spencer.herrera@abcfoodmart.com,2023-01-16,ABC Foodmart - Staten Island,2024-02-01 00:00,2024-02-01 00:00,fresh produce,16.47
"Foster, Jennifer","Farrell, Christopher",jennifer.foster@abcfoodmart.com,2023-06-15,ABC Foodmart - Tribeca,2025-03-03 00:00,2025-03-03 00:00,pharmacy,13.51
"Martin, Monica","Carter, Karen",monica.martin@abcfoodmart.com,2023-11-23,ABC Foodmart - Staten Island,2026-01-29 00:00,2026-01-29 00:00,fresh produce,13.71
"Colon, Lindsey","Williams, Gina",lindsey.colon@abcfoodmart.com,2023-02-16,ABC Foodmart - Staten Island,2024-12-28 00:00,2024-12-28 00:00,pharmacy,13.15
"Martin, Monica","Waller, Chad",monica.martin@abcfoodmart.com,2023-11-23,ABC Foodmart - DUMBO,2026-02-11 00:00,2026-02-11 00:00,bakery,16.32
"Blanchard, Ricky","Compton, Jeffrey",ricky.blanchard@abcfoodmart.com,2023-05-23,ABC Foodmart - Bay Ridge,2024-11-16 00:00,2024-11-16 00:00,frozen foods,17.20
"Waters, Julie","Cooper, Robert",julie.waters@abcfoodmart.com,2023-05-20,ABC Foodmart - Tribeca,2024-11-08 00:00,2024-11-08 00:00,bakery,15.51
"Jordan, Carla","Carter, Karen",carla.jordan@abcfoodmart.com,2023-12-17,ABC Foodmart - Tribeca,2025-03-09 00:00,2025-03-09 00:00,bakery,13.56
"Thompson, Andrea","Cooper, Robert",andrea.thompson@abcfoodmart.com,2023-01-06,ABC Foodmart - DUMBO,2024-06-14 00:00,2024-06-14 00:00,customer service,14.72
"Waters, Julie","David, Mr.",julie.waters@abcfoodmart.com,2023-05-20,ABC Foodmart - DUMBO,2024-11-28 00:00,2024-11-28 00:00,dairy,14.39
"Herrera, Spencer","Hoffman, Tina",spencer.herrera@abcfoodmart.com,2023-01-16,ABC Foodmart - Staten Island,2024-02-28 00:00,2024-02-28 00:00,fresh produce,16.78
"Jordan, Carla","Compton, Jeffrey",carla.jordan@abcfoodmart.com,2023-12-17,ABC Foodmart - Bay Ridge,2025-03-25 00:00,2025-03-25 00:00,floral,13.75
"Terri, Mrs.","Flores, Angela",mrs..terri@abcfoodmart.com,2022-09-23,ABC Foodmart - Tribeca,2024-06-07 00:00,2024-06-07 00:00,dry goods,16.53
"Harrell, Angie","Waller, Chad",angie.harrell@abcfoodmart.com,2023-06-01,ABC Foodmart - DUMBO,2025-02-21 00:00,2025-02-21 00:00,fresh produce,19.59
"Meyer, James","Moran, John",james.meyer@abcfoodmart.com,2022-05-02,ABC Foodmart - Staten Island,2024-04-21 00:00,2024-04-21 00:00,dairy,12.46
"Smith, Brandy","Farrell, Christopher",brandy.smith@abcfoodmart.com,2023-12-26,ABC Foodmart - Bay Ridge,2025-10-18 00:00,2025-10-18 00:00,deli,14.90
"Smith, Brandy","Waller, Chad",brandy.smith@abcfoodmart.com,2023-12-26,ABC Foodmart - Tribeca,2025-11-14 00:00,2025-11-14 00:00,customer service,17.55
"Waters, Julie","Carter, Karen",julie.waters@abcfoodmart.com,2023-05-20,ABC Foodmart - Whitestone,2024-12-02 00:00,2024-12-02 00:00,fresh produce,14.02
"Alvarez, Brenda","Compton, Jeffrey",brenda.alvarez@abcfoodmart.com,2023-11-16,ABC Foodmart - Whitestone,2025-06-11 00:00,2025-06-11 00:00,frozen foods,14.91
"Gardner, Laura","Moran, John",laura.gardner@abcfoodmart.com,2023-09-04,ABC Foodmart - DUMBO,2025-04-13 00:00,2025-04-13 00:00,cashier,16.95
"Wood, Joshua","Johnston, William",joshua.wood@abcfoodmart.com,2022-11-26,ABC Foodmart - Whitestone,2024-12-07 00:00,2024-12-07 00:00,seafood,15.64
"Blanchard, Ricky","Farrell, Christopher",ricky.blanchard@abcfoodmart.com,2023-05-23,ABC Foodmart - Staten Island,2024-11-22 00:00,2024-11-22 00:00,dry goods,13.31
"Jackson, Gary","Hoffman, Tina",gary.jackson@abcfoodmart.com,2022-09-08,ABC Foodmart - Bay Ridge,2024-01-08 00:00,2024-01-08 00:00,bakery,13.27
"Hull, Shane","Ellis, Grant",shane.hull@abcfoodmart.com,2024-01-09,ABC Foodmart - Whitestone,2025-07-26 00:00,2025-07-26 00:00,deli,19.57
"Davis, Jennifer","Williams, Gina",jennifer.davis@abcfoodmart.com,2023-11-03,ABC Foodmart - Tribeca,2025-09-23 00:00,2025-09-23 00:00,fresh produce,17.69
"Herrera, Spencer","Flores, Angela",spencer.herrera@abcfoodmart.com,2023-01-16,ABC Foodmart - Tribeca,2024-03-22 00:00,2024-03-22 00:00,fresh produce,17.62
"Hull, Shane","Johnston, William",shane.hull@abcfoodmart.com,2024-01-09,ABC Foodmart - DUMBO,2025-08-12 00:00,2025-08-12 00:00,bakery,14.68
"Nichols, Brandon","Cooper, Robert",brandon.nichols@abcfoodmart.com,2024-02-28,ABC Foodmart - Staten Island,2025-10-08 00:00,2025-10-08 00:00,fresh produce,13.94
"Moon, James","Farrell, Christopher",james.moon@abcfoodmart.com,2023-10-20,ABC Foodmart - Whitestone,2025-03-30 00:00,2025-03-30 00:00,fresh produce,17.38
"Horton, Ashley","Compton, Jeffrey",ashley.horton@abcfoodmart.com,2024-01-24,ABC Foodmart - Tribeca,2025-09-15 00:00,2025-09-15 00:00,customer service,13.86
"Randolph, Emily","Farrell, Christopher",emily.randolph@abcfoodmart.com,2023-03-09,ABC Foodmart - Bay Ridge,2024-08-18 00:00,2024-08-18 00:00,floral,19.00
"Shah, Amanda","Moran, John",amanda.shah@abcfoodmart.com,2023-10-07,ABC Foodmart - Tribeca,2025-07-19 00:00,2025-07-19 00:00,cashier,13.58
"Horton, Mark","Ellis, Grant",mark.horton@abcfoodmart.com,2023-02-14,ABC Foodmart - Bay Ridge,2024-03-14 00:00,2024-03-14 00:00,meats,12.70
"Ellis, Lauren","Ellis, Grant",lauren.ellis@abcfoodmart.com,2022-10-22,ABC Foodmart - Whitestone,2024-07-17 00:00,2024-07-17 00:00,frozen foods,15.24
"Hayes, Brandon","Waller, Chad",brandon.hayes@abcfoodmart.com,2022-09-28,ABC Foodmart - Tribeca,2024-01-30 00:00,2024-01-30 00:00,cashier,12.66
"Conrad, Frederick","Cooper, Robert",frederick.conrad@abcfoodmart.com,2023-11-24,ABC Foodmart - DUMBO,2025-09-26 00:00,2025-09-26 00:00,frozen foods,18.04
"Hayes, Brandon","Farrell, Christopher",brandon.hayes@abcfoodmart.com,2022-09-28,ABC Foodmart - Tribeca,2024-02-03 00:00,2024-02-03 00:00,fresh produce,15.45
"Thompson, Andrea","Moran, John",andrea.thompson@abcfoodmart.com,2023-01-06,ABC Foodmart - Staten Island,2024-07-05 00:00,2024-07-05 00:00,meats,17.42
"Warren, Timothy","Farrell, Christopher",timothy.warren@abcfoodmart.com,2022-12-27,ABC Foodmart - Bay Ridge,2025-01-09 00:00,2025-01-09 00:00,dairy,18.38
"Garcia, Sarah","Farrell, Christopher",sarah.garcia@abcfoodmart.com,2022-12-14,ABC Foodmart - Bay Ridge,2024-07-07 00:00,2024-07-07 00:00,cashier,12.63
"Hughes, Christopher","Compton, Jeffrey",christopher.hughes@abcfoodmart.com,2022-09-01,ABC Foodmart - Staten Island,2024-06-01 00:00,2024-06-01 00:00,frozen foods,14.56
"Wells, Monica","Ellis, Grant",monica.wells@abcfoodmart.com,2024-03-12,ABC Foodmart - Whitestone,2025-09-08 00:00,2025-09-08 00:00,cashier,13.67
"Brooks, Renee","Hoffman, Tina",renee.brooks@abcfoodmart.com,2023-07-15,ABC Foodmart - Bay Ridge,2025-01-02 00:00,2025-01-02 00:00,cashier,13.51
"Herrera, Spencer","Cooper, Robert",spencer.herrera@abcfoodmart.com,2023-01-16,ABC Foodmart - Tribeca,2024-04-03 00:00,2024-04-03 00:00,deli,18.25
"Frederick, Evan","David, Mr.",evan.frederick@abcfoodmart.com,2023-02-24,ABC Foodmart - DUMBO,2024-03-19 00:00,2024-03-19 00:00,cashier,16.03
"Johnson, Samantha","Hoffman, Tina",samantha.johnson@abcfoodmart.com,2023-01-16,ABC Foodmart - Whitestone,2025-01-10 00:00,2025-01-10 00:00,fresh produce,14.28
"Sean, Mr.","Williams, Gina",mr..sean@abcfoodmart.com,2023-03-25,ABC Foodmart - Bay Ridge,2024-08-31 00:00,2024-08-31 00:00,bakery,17.66
"Shah, Amanda","Moran, John",amanda.shah@abcfoodmart.com,2023-10-07,ABC Foodmart - DUMBO,2025-08-07 00:00,2025-08-07 00:00,meats,18.72
"Meyer, James","Hoffman, Tina",james.meyer@abcfoodmart.com,2022-05-02,ABC Foodmart - Tribeca,2024-05-14 00:00,2024-05-14 00:00,bakery,12.81
"Owens, Jeffrey","David, Mr.",jeffrey.owens@abcfoodmart.com,2022-05-03,ABC Foodmart - Staten Island,2023-07-10 00:00,2023-07-10 00:00,dry goods,17.53
"Blanchard, Ricky","Compton, Jeffrey",ricky.blanchard@abcfoodmart.com,2023-05-23,ABC Foodmart - Staten Island,2024-12-18 00:00,2024-12-18 00:00,bakery,14.45
"Hayes, Brandon","Williams, Gina",brandon.hayes@abcfoodmart.com,2022-09-28,ABC Foodmart - Staten Island,2024-02-11 00:00,2024-02-11 00:00,deli,13.81
"Gonzalez, Michele","Johnston, William",michele.gonzalez@abcfoodmart.com,2023-09-23,ABC Foodmart - Bay Ridge,2025-02-04 00:00,2025-02-04 00:00,floral,19.89
"Vasquez, Peter","Johnston, William",peter.vasquez@abcfoodmart.com,2023-01-05,ABC Foodmart - Bay Ridge,2024-06-05 00:00,2024-06-05 00:00,cashier,19.55
"Jacobs, Brenda","Williams, Gina",brenda.jacobs@abcfoodmart.com,2024-02-09,ABC Foodmart - Staten Island,2025-07-08 00:00,2025-07-08 00:00,cashier,12.03
"Payne, Samantha","Cooper, Robert",samantha.payne@abcfoodmart.com,2024-04-06,ABC Foodmart - DUMBO,2025-09-27 00:00,2025-09-27 00:00,dairy,14.78
"Church, Joshua","Carter, Karen",joshua.church@abcfoodmart.com,2024-03-03,ABC Foodmart - Whitestone,2025-10-30 00:00,2025-10-30 00:00,customer service,14.59
"Gonzalez, Michele","Hoffman, Tina",michele.gonzalez@abcfoodmart.com,2023-09-23,ABC Foodmart - Whitestone,2025-03-03 00:00,2025-03-03 00:00,fresh produce,19.67
"Burns, Kendra","Carter, Karen",kendra.burns@abcfoodmart.com,2022-12-13,ABC Foodmart - Tribeca,2024-09-24 00:00,2024-09-24 00:00,fresh produce,17.22
"Werner, Kara","Waller, Chad",kara.werner@abcfoodmart.com,2023-10-12,ABC Foodmart - DUMBO,2025-07-11 00:00,2025-07-11 00:00,dry goods,12.99
"Glover, Michelle","Moran, John",michelle.glover@abcfoodmart.com,2022-08-25,ABC Foodmart - Tribeca,2024-06-30 00:00,2024-06-30 00:00,floral,16.30
"Wood, Joshua","Farrell, Christopher",joshua.wood@abcfoodmart.com,2022-11-26,ABC Foodmart - Staten Island,2024-12-21 00:00,2024-12-21 00:00,dry goods,19.02
"Kramer, Veronica","Carter, Karen",veronica.kramer@abcfoodmart.com,2023-03-28,ABC Foodmart - Whitestone,2024-11-12 00:00,2024-11-12 00:00,deli,16.04
"Mckenzie, William","Johnston, William",william.mckenzie@abcfoodmart.com,2023-01-04,ABC Foodmart - Bay Ridge,2024-07-30 00:00,2024-07-30 00:00,dairy,14.80
"Nguyen, Richard","Carter, Karen",richard.nguyen@abcfoodmart.com,2022-09-27,ABC Foodmart - Whitestone,2024-05-23 00:00,2024-05-23 00:00,customer service,14.24
"Glover, Michelle","Cooper, Robert",michelle.glover@abcfoodmart.com,2022-08-25,ABC Foodmart - Tribeca,2024-07-28 00:00,2024-07-28 00:00,dry goods,13.67
"Spears, Erin","Carter, Karen",erin.spears@abcfoodmart.com,2023-07-30,ABC Foodmart - Tribeca,2025-05-22 00:00,2025-05-22 00:00,fresh produce,13.07
"Horton, Ashley","Compton, Jeffrey",ashley.horton@abcfoodmart.com,2024-01-24,ABC Foodmart - Bay Ridge,2025-10-10 00:00,2025-10-10 00:00,fresh produce,14.54
"Walters, Jay","Hoffman, Tina",jay.walters@abcfoodmart.com,2023-12-17,ABC Foodmart - Whitestone,2026-04-05 00:00,2026-04-05 00:00,frozen foods,14.68
"Gross, Andrew","Moran, John",andrew.gross@abcfoodmart.com,2022-04-30,ABC Foodmart - Bay Ridge,2023-08-06 00:00,2023-08-06 00:00,bakery,12.92
"Carroll, Eric","Hoffman, Tina",eric.carroll@abcfoodmart.com,2022-12-26,ABC Foodmart - Bay Ridge,2025-01-08 00:00,2025-01-08 00:00,bakery,13.07
"Torres, Steven","Ellis, Grant",steven.torres@abcfoodmart.com,2023-05-10,ABC Foodmart - Bay Ridge,2024-10-12 00:00,2024-10-12 00:00,cashier,19.28
"Torres, Steven","Carter, Karen",steven.torres@abcfoodmart.com,2023-05-10,ABC Foodmart - Tribeca,2024-11-06 00:00,2024-11-06 00:00,dry goods,19.04
"Perry, Andrea","Waller, Chad",andrea.perry@abcfoodmart.com,2023-05-05,ABC Foodmart - Staten Island,2024-11-19 00:00,2024-11-19 00:00,deli,13.46
"Nguyen, Richard","David, Mr.",richard.nguyen@abcfoodmart.com,2022-09-27,ABC Foodmart - Whitestone,2024-06-20 00:00,2024-06-20 00:00,dry goods,18.07
"Gardner, Laura","Moran, John",laura.gardner@abcfoodmart.com,2023-09-04,ABC Foodmart - DUMBO,2025-05-06 00:00,2025-05-06 00:00,cashier,17.02
"Dodson, Courtney","Cooper, Robert",courtney.dodson@abcfoodmart.com,2023-01-10,ABC Foodmart - Tribeca,2024-08-24 00:00,2024-08-24 00:00,dry goods,19.67
"Foster, Kenneth","Ellis, Grant",kenneth.foster@abcfoodmart.com,2023-04-23,ABC Foodmart - Tribeca,2024-11-09 00:00,2024-11-09 00:00,meats,17.27
"Kerr, Jason","Johnston, William",jason.kerr@abcfoodmart.com,2022-11-21,ABC Foodmart - Bay Ridge,2024-06-02 00:00,2024-06-02 00:00,meats,18.59
"Moon, James","Moran, John",james.moon@abcfoodmart.com,2023-10-20,ABC Foodmart - Bay Ridge,2025-04-11 00:00,2025-04-11 00:00,seafood,18.48
"Love, Thomas","Moran, John",thomas.love@abcfoodmart.com,2024-02-18,ABC Foodmart - DUMBO,2026-02-19 00:00,2026-02-19 00:00,floral,13.33
"Jackson, Michael","Ellis, Grant",michael.jackson@abcfoodmart.com,2022-10-31,ABC Foodmart - Whitestone,2024-03-05 00:00,2024-03-05 00:00,cashier,19.58
"Randolph, Emily","Carter, Karen",emily.randolph@abcfoodmart.com,2023-03-09,ABC Foodmart - Staten Island,2024-09-04 00:00,2024-09-04 00:00,pharmacy,12.82
"Gardner, Laura","Johnston, William",laura.gardner@abcfoodmart.com,2023-09-04,ABC Foodmart - DUMBO,2025-05-28 00:00,2025-05-28 00:00,frozen foods,13.52
"Kramer, Veronica","David, Mr.",veronica.kramer@abcfoodmart.com,2023-03-28,ABC Foodmart - Whitestone,2024-11-26 00:00,2024-11-26 00:00,pharmacy,13.62
"Thompson, Matthew","Johnston, William",matthew.thompson@abcfoodmart.com,2022-04-22,ABC Foodmart - Staten Island,2023-09-22 00:00,2023-09-22 00:00,dairy,18.11
"Tate, Harry","Cooper, Robert",harry.tate@abcfoodmart.com,2022-09-18,ABC Foodmart - Tribeca,2024-04-19 00:00,2024-04-19 00:00,cashier,16.91
"White, Kenneth","Johnston, William",kenneth.white@abcfoodmart.com,2023-01-22,ABC Foodmart - DUMBO,2025-03-17 00:00,2025-03-17 00:00,dry goods,16.99
"Burns, Kendra","David, Mr.",kendra.burns@abcfoodmart.com,2022-12-13,ABC Foodmart - Tribeca,2024-10-13 00:00,2024-10-13 00:00,deli,18.47
"Hull, Shane","David, Mr.",shane.hull@abcfoodmart.com,2024-01-09,ABC Foodmart - Bay Ridge,2025-08-25 00:00,2025-08-25 00:00,frozen foods,18.45
"Smith, Diana","Cooper, Robert",diana.smith@abcfoodmart.com,2023-05-31,ABC Foodmart - Bay Ridge,2025-01-15 00:00,2025-01-15 00:00,fresh produce,12.20
"Meyer, James","Hoffman, Tina",james.meyer@abcfoodmart.com,2022-05-02,ABC Foodmart - DUMBO,2024-06-05 00:00,2024-06-05 00:00,meats,13.69
"Blanchard, Ricky","Williams, Gina",ricky.blanchard@abcfoodmart.com,2023-05-23,ABC Foodmart - Bay Ridge,2024-12-29 00:00,2024-12-29 00:00,floral,14.99
"Kerr, Jason","Williams, Gina",jason.kerr@abcfoodmart.com,2022-11-21,ABC Foodmart - DUMBO,2024-06-28 00:00,2024-06-28 00:00,floral,14.06
"Marquez, Jeffrey","David, Mr.",jeffrey.marquez@abcfoodmart.com,2023-02-19,ABC Foodmart - Staten Island,2024-08-31 00:00,2024-08-31 00:00,meats,18.40
"Roach, Christine","Compton, Jeffrey",christine.roach@abcfoodmart.com,2023-10-15,ABC Foodmart - Tribeca,2025-05-08 00:00,2025-05-08 00:00,dry goods,12.35
"Alvarez, Brenda","Compton, Jeffrey",brenda.alvarez@abcfoodmart.com,2023-11-16,ABC Foodmart - Whitestone,2025-07-08 00:00,2025-07-08 00:00,frozen foods,18.32
"Werner, Kara","Carter, Karen",kara.werner@abcfoodmart.com,2023-10-12,ABC Foodmart - Whitestone,2025-07-26 00:00,2025-07-26 00:00,deli,18.15
"Brown, Lisa","Hoffman, Tina",lisa.brown@abcfoodmart.com,2022-08-18,ABC Foodmart - Tribeca,2024-01-08 00:00,2024-01-08 00:00,seafood,12.85
"Day, Natasha","Flores, Angela",natasha.day@abcfoodmart.com,2023-08-02,ABC Foodmart - Whitestone,2024-12-18 00:00,2024-12-18 00:00,frozen foods,14.00
"Moyer, Steven","Ellis, Grant",steven.moyer@abcfoodmart.com,2022-12-26,ABC Foodmart - Bay Ridge,2023-11-13 00:00,2023-11-13 00:00,seafood,18.01
"Owens, Jeffrey","Farrell, Christopher",jeffrey.owens@abcfoodmart.com,2022-05-03,ABC Foodmart - Tribeca,2023-07-30 00:00,2023-07-30 00:00,bakery,12.36
"Kerr, Jason","Farrell, Christopher",jason.kerr@abcfoodmart.com,2022-11-21,ABC Foodmart - Tribeca,2024-06-29 00:00,2024-06-29 00:00,cashier,17.85
"Waters, Julie","Ellis, Grant",julie.waters@abcfoodmart.com,2023-05-20,ABC Foodmart - Bay Ridge,2024-12-19 00:00,2024-12-19 00:00,bakery,15.22
"Walters, Jay","David, Mr.",jay.walters@abcfoodmart.com,2023-12-17,ABC Foodmart - DUMBO,2026-04-20 00:00,2026-04-20 00:00,fresh produce,17.90
"Shah, Amanda","Carter, Karen",amanda.shah@abcfoodmart.com,2023-10-07,ABC Foodmart - Bay Ridge,2025-08-12 00:00,2025-08-12 00:00,dry goods,14.78
"Torres, Steven","Johnston, William",steven.torres@abcfoodmart.com,2023-05-10,ABC Foodmart - DUMBO,2024-11-17 00:00,2024-11-17 00:00,seafood,18.10
"Herrera, Spencer","Flores, Angela",spencer.herrera@abcfoodmart.com,2023-01-16,ABC Foodmart - DUMBO,2024-04-08 00:00,2024-04-08 00:00,frozen foods,19.28
"Gross, Andrew","Waller, Chad",andrew.gross@abcfoodmart.com,2022-04-30,ABC Foodmart - DUMBO,2023-08-27 00:00,2023-08-27 00:00,cashier,19.25
"Payne, Samantha","Farrell, Christopher",samantha.payne@abcfoodmart.com,2024-04-06,ABC Foodmart - Staten Island,2025-10-26 00:00,2025-10-26 00:00,dry goods,12.19
"Herrera, Spencer","Cooper, Robert",spencer.herrera@abcfoodmart.com,2023-01-16,ABC Foodmart - Tribeca,2024-05-06 00:00,2024-05-06 00:00,bakery,13.49
"Hayes, Brandon","Moran, John",brandon.hayes@abcfoodmart.com,2022-09-28,ABC Foodmart - Tribeca,2024-03-07 00:00,2024-03-07 00:00,floral,19.62
"Manning, Maria","Cooper, Robert",maria.manning@abcfoodmart.com,2022-11-16,ABC Foodmart - Tribeca,2024-08-17 00:00,2024-08-17 00:00,meats,19.57
"Carroll, Eric","Farrell, Christopher",eric.carroll@abcfoodmart.com,2022-12-26,ABC Foodmart - Staten Island,2025-01-13 00:00,2025-01-13 00:00,pharmacy,14.87
"Smith, Brandy","Hoffman, Tina",brandy.smith@abcfoodmart.com,2023-12-26,ABC Foodmart - Whitestone,2025-11-27 00:00,2025-11-27 00:00,customer service,16.88
"Horton, Ashley","Cooper, Robert",ashley.horton@abcfoodmart.com,2024-01-24,ABC Foodmart - Bay Ridge,2025-10-28 00:00,2025-10-28 00:00,meats,18.58
"Werner, Kara","David, Mr.",kara.werner@abcfoodmart.com,2023-10-12,ABC Foodmart - Staten Island,2025-08-11 00:00,2025-08-11 00:00,dairy,15.57
"Galvan, Lori","Farrell, Christopher",lori.galvan@abcfoodmart.com,2022-05-24,ABC Foodmart - Staten Island,2023-09-14 00:00,2023-09-14 00:00,dry goods,17.09
"Chen, Kathleen","Compton, Jeffrey",kathleen.chen@abcfoodmart.com,2024-02-03,ABC Foodmart - Whitestone,2025-05-09 00:00,2025-05-09 00:00,dairy,12.35
"Hull, Shane","Williams, Gina",shane.hull@abcfoodmart.com,2024-01-09,ABC Foodmart - Whitestone,2025-09-07 00:00,2025-09-07 00:00,fresh produce,13.37
"Pena, Johnathan","Williams, Gina",johnathan.pena@abcfoodmart.com,2023-02-22,ABC Foodmart - Staten Island,2024-08-16 00:00,2024-08-16 00:00,customer service,17.83
"Wells, Monica","Flores, Angela",monica.wells@abcfoodmart.com,2024-03-12,ABC Foodmart - Staten Island,2025-09-20 00:00,2025-09-20 00:00,floral,12.70
"Meyer, James","David, Mr.",james.meyer@abcfoodmart.com,2022-05-02,ABC Foodmart - DUMBO,2024-06-28 00:00,2024-06-28 00:00,floral,17.44
"Alvarez, Brenda","Ellis, Grant",brenda.alvarez@abcfoodmart.com,2023-11-16,ABC Foodmart - Staten Island,2025-07-13 00:00,2025-07-13 00:00,fresh produce,12.97
"Jones, Evelyn","David, Mr.",evelyn.jones@abcfoodmart.com,2024-02-25,ABC Foodmart - Tribeca,2025-10-19 00:00,2025-10-19 00:00,floral,16.16
"Chen, Kathleen","Cooper, Robert",kathleen.chen@abcfoodmart.com,2024-02-03,ABC Foodmart - Staten Island,2025-05-21 00:00,2025-05-21 00:00,customer service,17.42
"Hayes, Brandon","Hoffman, Tina",brandon.hayes@abcfoodmart.com,2022-09-28,ABC Foodmart - Whitestone,2024-03-14 00:00,2024-03-14 00:00,floral,13.56
"Bennett, Alec","Moran, John",alec.bennett@abcfoodmart.com,2023-10-03,ABC Foodmart - Staten Island,2025-02-07 00:00,2025-02-07 00:00,customer service,17.72
"Bradley, Rita","Carter, Karen",rita.bradley@abcfoodmart.com,2023-08-06,ABC Foodmart - Tribeca,2025-01-25 00:00,2025-01-25 00:00,floral,15.74
"Perry, Andrea","Hoffman, Tina",andrea.perry@abcfoodmart.com,2023-05-05,ABC Foodmart - Bay Ridge,2024-12-15 00:00,2024-12-15 00:00,bakery,16.49
"Chambers, Jeffrey","Johnston, William",jeffrey.chambers@abcfoodmart.com,2022-09-29,ABC Foodmart - Tribeca,2024-03-10 00:00,2024-03-10 00:00,frozen foods,13.97
"Atkinson, Gary","Moran, John",gary.atkinson@abcfoodmart.com,2022-05-24,ABC Foodmart - Tribeca,2024-02-06 00:00,2024-02-06 00:00,customer service,13.87
"Alvarez, Brenda","Waller, Chad",brenda.alvarez@abcfoodmart.com,2023-11-16,ABC Foodmart - Bay Ridge,2025-08-05 00:00,2025-08-05 00:00,dry goods,18.70
"Campbell, Brittany","Williams, Gina",brittany.campbell@abcfoodmart.com,2023-03-25,ABC Foodmart - Whitestone,2024-11-01 00:00,2024-11-01 00:00,dairy,13.18
"Hayes, Brandon","Flores, Angela",brandon.hayes@abcfoodmart.com,2022-09-28,ABC Foodmart - Staten Island,2024-03-17 00:00,2024-03-17 00:00,pharmacy,16.56
"Hayes, Brandon","David, Mr.",brandon.hayes@abcfoodmart.com,2022-09-28,ABC Foodmart - Whitestone,2024-03-26 00:00,2024-03-26 00:00,dairy,15.68
"Riley, Ashley","Compton, Jeffrey",ashley.riley@abcfoodmart.com,2022-08-17,ABC Foodmart - Bay Ridge,2024-08-19 00:00,2024-08-19 00:00,deli,19.75
"Jones, Michael","Cooper, Robert",michael.jones@abcfoodmart.com,2023-01-19,ABC Foodmart - DUMBO,2024-04-03 00:00,2024-04-03 00:00,dry goods,12.78
"Brown, Lisa","David, Mr.",lisa.brown@abcfoodmart.com,2022-08-18,ABC Foodmart - Tribeca,2024-01-18 00:00,2024-01-18 00:00,deli,17.74
"Jackson, Michael","Williams, Gina",michael.jackson@abcfoodmart.com,2022-10-31,ABC Foodmart - Bay Ridge,2024-03-18 00:00,2024-03-18 00:00,dry goods,17.38
"Campbell, Bethany","Waller, Chad",bethany.campbell@abcfoodmart.com,2023-10-07,ABC Foodmart - Tribeca,2024-12-27 00:00,2024-12-27 00:00,deli,14.06
"Kerr, Jason","Cooper, Robert",jason.kerr@abcfoodmart.com,2022-11-21,ABC Foodmart - Bay Ridge,2024-07-15 00:00,2024-07-15 00:00,customer service,14.19
"Conrad, Frederick","Moran, John",frederick.conrad@abcfoodmart.com,2023-11-24,ABC Foodmart - DUMBO,2025-10-19 00:00,2025-10-19 00:00,frozen foods,14.76
"Carroll, Eric","David, Mr.",eric.carroll@abcfoodmart.com,2022-12-26,ABC Foodmart - Staten Island,2025-01-22 00:00,2025-01-22 00:00,floral,12.46
"Jackson, Michael","Ellis, Grant",michael.jackson@abcfoodmart.com,2022-10-31,ABC Foodmart - Bay Ridge,2024-04-09 00:00,2024-04-09 00:00,cashier,12.64
"Mckenzie, William","Cooper, Robert",william.mckenzie@abcfoodmart.com,2023-01-04,ABC Foodmart - Tribeca,2024-08-14 00:00,2024-08-14 00:00,frozen foods,18.26
"Mckinney, Marcus","Moran, John",marcus.mckinney@abcfoodmart.com,2022-08-14,ABC Foodmart - DUMBO,2024-07-17 00:00,2024-07-17 00:00,deli,17.20
"Brooks, Renee","Flores, Angela",renee.brooks@abcfoodmart.com,2023-07-15,ABC Foodmart - Staten Island,2025-01-20 00:00,2025-01-20 00:00,floral,17.18
"Meyer, James","Johnston, William",james.meyer@abcfoodmart.com,2022-05-02,ABC Foodmart - DUMBO,2024-07-21 00:00,2024-07-21 00:00,bakery,12.12
"Moon, James","Cooper, Robert",james.moon@abcfoodmart.com,2023-10-20,ABC Foodmart - DUMBO,2025-05-08 00:00,2025-05-08 00:00,deli,13.83
"Gardner, Laura","Moran, John",laura.gardner@abcfoodmart.com,2023-09-04,ABC Foodmart - Tribeca,2025-05-29 00:00,2025-05-29 00:00,dairy,17.25
"Johnson, Samantha","Cooper, Robert",samantha.johnson@abcfoodmart.com,2023-01-16,ABC Foodmart - Tribeca,2025-02-03 00:00,2025-02-03 00:00,meats,16.79
"Day, Natasha","Cooper, Robert",natasha.day@abcfoodmart.com,2023-08-02,ABC Foodmart - DUMBO,2025-01-01 00:00,2025-01-01 00:00,seafood,18.87
"Perry, Andrea","Carter, Karen",andrea.perry@abcfoodmart.com,2023-05-05,ABC Foodmart - Bay Ridge,2024-12-16 00:00,2024-12-16 00:00,customer service,13.53
"Harrell, Angie","Carter, Karen",angie.harrell@abcfoodmart.com,2023-06-01,ABC Foodmart - Tribeca,2025-03-05 00:00,2025-03-05 00:00,bakery,14.39
"Church, Joshua","Flores, Angela",joshua.church@abcfoodmart.com,2024-03-03,ABC Foodmart - Staten Island,2025-11-03 00:00,2025-11-03 00:00,dry goods,18.41
"Conrad, Frederick","Compton, Jeffrey",frederick.conrad@abcfoodmart.com,2023-11-24,ABC Foodmart - Bay Ridge,2025-11-17 00:00,2025-11-17 00:00,dairy,16.37
"Randolph, Emily","Cooper, Robert",emily.randolph@abcfoodmart.com,2023-03-09,ABC Foodmart - Tribeca,2024-09-09 00:00,2024-09-09 00:00,dairy,12.70
"Hughes, Christopher","David, Mr.",christopher.hughes@abcfoodmart.com,2022-09-01,ABC Foodmart - DUMBO,2024-06-13 00:00,2024-06-13 00:00,cashier,15.01
"Love, Thomas","Compton, Jeffrey",thomas.love@abcfoodmart.com,2024-02-18,ABC Foodmart - Bay Ridge,2026-03-02 00:00,2026-03-02 00:00,fresh produce,12.33
"Jackson, Michael","Cooper, Robert",michael.jackson@abcfoodmart.com,2022-10-31,ABC Foodmart - DUMBO,2024-04-30 00:00,2024-04-30 00:00,fresh produce,19.20
"Perry, Andrea","Johnston, William",andrea.perry@abcfoodmart.com,2023-05-05,ABC Foodmart - Bay Ridge,2024-12-18 00:00,2024-12-18 00:00,fresh produce,13.33
"Mckenzie, William","Williams, Gina",william.mckenzie@abcfoodmart.com,2023-01-04,ABC Foodmart - Bay Ridge,2024-08-17 00:00,2024-08-17 00:00,cashier,15.28
"Torres, Steven","Carter, Karen",steven.torres@abcfoodmart.com,2023-05-10,ABC Foodmart - Tribeca,2024-11-26 00:00,2024-11-26 00:00,frozen foods,15.05
"Moore, Jason","Carter, Karen",jason.moore@abcfoodmart.com,2023-07-11,ABC Foodmart - Staten Island,2025-04-01 00:00,2025-04-01 00:00,seafood,13.11
"Galvan, Lori","Williams, Gina",lori.galvan@abcfoodmart.com,2022-05-24,ABC Foodmart - DUMBO,2023-10-01 00:00,2023-10-01 00:00,cashier,14.24
"Owens, Jeffrey","Compton, Jeffrey",jeffrey.owens@abcfoodmart.com,2022-05-03,ABC Foodmart - Staten Island,2023-08-27 00:00,2023-08-27 00:00,frozen foods,15.58
"Terri, Mrs.","Compton, Jeffrey",mrs..terri@abcfoodmart.com,2022-09-23,ABC Foodmart - Bay Ridge,2024-06-22 00:00,2024-06-22 00:00,frozen foods,15.58
"Nichols, Mitchell","Cooper, Robert",mitchell.nichols@abcfoodmart.com,2022-09-30,ABC Foodmart - Tribeca,2023-11-24 00:00,2023-11-24 00:00,frozen foods,12.80
"Jones, Christopher","Hoffman, Tina",christopher.jones@abcfoodmart.com,2022-05-19,ABC Foodmart - Staten Island,2024-01-30 00:00,2024-01-30 00:00,cashier,16.73
"Frederick, Evan","Ellis, Grant",evan.frederick@abcfoodmart.com,2023-02-24,ABC Foodmart - Whitestone,2024-04-10 00:00,2024-04-10 00:00,floral,13.10
"Gardner, Laura","Compton, Jeffrey",laura.gardner@abcfoodmart.com,2023-09-04,ABC Foodmart - Whitestone,2025-06-07 00:00,2025-06-07 00:00,seafood,15.31
"Church, Joshua","David, Mr.",joshua.church@abcfoodmart.com,2024-03-03,ABC Foodmart - Whitestone,2025-11-28 00:00,2025-11-28 00:00,fresh produce,16.72
"Meyer, James","Compton, Jeffrey",james.meyer@abcfoodmart.com,2022-05-02,ABC Foodmart - DUMBO,2024-08-08 00:00,2024-08-08 00:00,fresh produce,14.49
"Chen, Kathleen","Johnston, William",kathleen.chen@abcfoodmart.com,2024-02-03,ABC Foodmart - Staten Island,2025-05-31 00:00,2025-05-31 00:00,deli,13.23
"Thompson, Andrea","Carter, Karen",andrea.thompson@abcfoodmart.com,2023-01-06,ABC Foodmart - Bay Ridge,2024-07-26 00:00,2024-07-26 00:00,fresh produce,19.30
"Galvan, Lori","Flores, Angela",lori.galvan@abcfoodmart.com,2022-05-24,ABC Foodmart - Tribeca,2023-10-30 00:00,2023-10-30 00:00,customer service,19.92
"Chen, Kathleen","Williams, Gina",kathleen.chen@abcfoodmart.com,2024-02-03,ABC Foodmart - Tribeca,2025-06-11 00:00,2025-06-11 00:00,frozen foods,19.76
"Jones, Evelyn","Moran, John",evelyn.jones@abcfoodmart.com,2024-02-25,ABC Foodmart - Staten Island,2025-10-22 00:00,2025-10-22 00:00,pharmacy,19.96
"Waters, Julie","Moran, John",julie.waters@abcfoodmart.com,2023-05-20,ABC Foodmart - Bay Ridge,2024-12-28 00:00,2024-12-28 00:00,dry goods,17.40
"Horton, Ashley","Compton, Jeffrey",ashley.horton@abcfoodmart.com,2024-01-24,ABC Foodmart - Whitestone,2025-11-02 00:00,2025-11-02 00:00,cashier,17.27
"Davis, Jennifer","Williams, Gina",jennifer.davis@abcfoodmart.com,2023-11-03,ABC Foodmart - DUMBO,2025-09-24 00:00,2025-09-24 00:00,customer service,19.93
"Frederick, Evan","Compton, Jeffrey",evan.frederick@abcfoodmart.com,2023-02-24,ABC Foodmart - Tribeca,2024-05-01 00:00,2024-05-01 00:00,deli,19.92
"Martin, Monica","Hoffman, Tina",monica.martin@abcfoodmart.com,2023-11-23,ABC Foodmart - Whitestone,2026-02-23 00:00,2026-02-23 00:00,seafood,12.04
"Long, Kirsten","Moran, John",kirsten.long@abcfoodmart.com,2024-02-24,ABC Foodmart - DUMBO,2026-01-01 00:00,2026-01-01 00:00,deli,13.20
"Colon, Lindsey","Johnston, William",lindsey.colon@abcfoodmart.com,2023-02-16,ABC Foodmart - Staten Island,2025-01-04 00:00,2025-01-04 00:00,deli,13.09
"Marquez, Jeffrey","Hoffman, Tina",jeffrey.marquez@abcfoodmart.com,2023-02-19,ABC Foodmart - Staten Island,2024-09-29 00:00,2024-09-29 00:00,floral,13.35
"Marquez, Jeffrey","Flores, Angela",jeffrey.marquez@abcfoodmart.com,2023-02-19,ABC Foodmart - Whitestone,2024-10-01 00:00,2024-10-01 00:00,customer service,16.70
"Spears, Erin","Hoffman, Tina",erin.spears@abcfoodmart.com,2023-07-30,ABC Foodmart - DUMBO,2025-06-09 00:00,2025-06-09 00:00,customer service,14.75
"Smith, Diana","Carter, Karen",diana.smith@abcfoodmart.com,2023-05-31,ABC Foodmart - Whitestone,2025-01-21 00:00,2025-01-21 00:00,bakery,13.04
"Church, Joshua","David, Mr.",joshua.church@abcfoodmart.com,2024-03-03,ABC Foodmart - Staten Island,2025-12-16 00:00,2025-12-16 00:00,pharmacy,13.78
"Wilson, Jill","Ellis, Grant",jill.wilson@abcfoodmart.com,2022-12-06,ABC Foodmart - Whitestone,2024-09-16 00:00,2024-09-16 00:00,cashier,16.35
"Bennett, Alec","David, Mr.",alec.bennett@abcfoodmart.com,2023-10-03,ABC Foodmart - Tribeca,2025-02-13 00:00,2025-02-13 00:00,meats,14.95
"Werner, Kara","Moran, John",kara.werner@abcfoodmart.com,2023-10-12,ABC Foodmart - Bay Ridge,2025-09-04 00:00,2025-09-04 00:00,cashier,17.86
"Jackson, Michael","Williams, Gina",michael.jackson@abcfoodmart.com,2022-10-31,ABC Foodmart - DUMBO,2024-05-16 00:00,2024-05-16 00:00,customer service,19.49
"Chambers, Jeffrey","Compton, Jeffrey",jeffrey.chambers@abcfoodmart.com,2022-09-29,ABC Foodmart - Staten Island,2024-03-23 00:00,2024-03-23 00:00,dairy,18.32
"Warren, Timothy","Williams, Gina",timothy.warren@abcfoodmart.com,2022-12-27,ABC Foodmart - Whitestone,2025-01-14 00:00,2025-01-14 00:00,bakery,18.11
"Burns, Kendra","Cooper, Robert",kendra.burns@abcfoodmart.com,2022-12-13,ABC Foodmart - Bay Ridge,2024-11-04 00:00,2024-11-04 00:00,cashier,14.15
"Kramer, Veronica","Farrell, Christopher",veronica.kramer@abcfoodmart.com,2023-03-28,ABC Foodmart - Bay Ridge,2024-12-22 00:00,2024-12-22 00:00,frozen foods,13.82
"Horton, Ashley","Farrell, Christopher",ashley.horton@abcfoodmart.com,2024-01-24,ABC Foodmart - Bay Ridge,2025-11-19 00:00,2025-11-19 00:00,meats,15.90
"Herrera, Spencer","Flores, Angela",spencer.herrera@abcfoodmart.com,2023-01-16,ABC Foodmart - Bay Ridge,2024-05-13 00:00,2024-05-13 00:00,deli,12.47
"Bennett, Alec","David, Mr.",alec.bennett@abcfoodmart.com,2023-10-03,ABC Foodmart - Tribeca,2025-03-09 00:00,2025-03-09 00:00,fresh produce,16.42
"Kramer, Veronica","Carter, Karen",veronica.kramer@abcfoodmart.com,2023-03-28,ABC Foodmart - Staten Island,2025-01-20 00:00,2025-01-20 00:00,bakery,19.43
"Bennett, Alec","Compton, Jeffrey",alec.bennett@abcfoodmart.com,2023-10-03,ABC Foodmart - DUMBO,2025-04-01 00:00,2025-04-01 00:00,dry goods,16.23
"Myers, Gary","David, Mr.",gary.myers@abcfoodmart.com,2023-10-13,ABC Foodmart - Tribeca,2024-11-02 00:00,2024-11-02 00:00,frozen foods,17.99
"Brooks, Renee","Johnston, William",renee.brooks@abcfoodmart.com,2023-07-15,ABC Foodmart - Bay Ridge,2025-01-24 00:00,2025-01-24 00:00,frozen foods,17.68
"Jessica, Ms.","Johnston, William",ms..jessica@abcfoodmart.com,2022-06-10,ABC Foodmart - Whitestone,2024-01-25 00:00,2024-01-25 00:00,pharmacy,14.08
"Bennett, Alec","Carter, Karen",alec.bennett@abcfoodmart.com,2023-10-03,ABC Foodmart - DUMBO,2025-04-12 00:00,2025-04-12 00:00,bakery,16.24
"Myers, Gary","Ellis, Grant",gary.myers@abcfoodmart.com,2023-10-13,ABC Foodmart - DUMBO,2024-11-03 00:00,2024-11-03 00:00,fresh produce,19.22
"Durham, Denise","Waller, Chad",denise.durham@abcfoodmart.com,2022-10-24,ABC Foodmart - Tribeca,2024-04-03 00:00,2024-04-03 00:00,floral,15.40
"Williams, Michael","Hoffman, Tina",michael.williams@abcfoodmart.com,2023-06-11,ABC Foodmart - DUMBO,2024-11-08 00:00,2024-11-08 00:00,seafood,13.12
"Nichols, Brandon","Waller, Chad",brandon.nichols@abcfoodmart.com,2024-02-28,ABC Foodmart - Whitestone,2025-10-18 00:00,2025-10-18 00:00,meats,14.05
"Hayes, Brandon","Compton, Jeffrey",brandon.hayes@abcfoodmart.com,2022-09-28,ABC Foodmart - Whitestone,2024-04-11 00:00,2024-04-11 00:00,fresh produce,13.14
"Eric, Mr.","Johnston, William",mr..eric@abcfoodmart.com,2022-09-02,ABC Foodmart - Whitestone,2023-12-01 00:00,2023-12-01 00:00,meats,12.01
"Hayes, Brandon","Flores, Angela",brandon.hayes@abcfoodmart.com,2022-09-28,ABC Foodmart - Tribeca,2024-05-07 00:00,2024-05-07 00:00,floral,16.60
"Long, Kirsten","Cooper, Robert",kirsten.long@abcfoodmart.com,2024-02-24,ABC Foodmart - Tribeca,2026-01-02 00:00,2026-01-02 00:00,fresh produce,13.25
"Harrell, Angie","Waller, Chad",angie.harrell@abcfoodmart.com,2023-06-01,ABC Foodmart - Tribeca,2025-04-01 00:00,2025-04-01 00:00,floral,16.36
"Durham, Denise","Ellis, Grant",denise.durham@abcfoodmart.com,2022-10-24,ABC Foodmart - DUMBO,2024-04-20 00:00,2024-04-20 00:00,fresh produce,16.72
"Campbell, Brittany","David, Mr.",brittany.campbell@abcfoodmart.com,2023-03-25,ABC Foodmart - Whitestone,2024-11-05 00:00,2024-11-05 00:00,frozen foods,13.44
"Perry, Andrea","Hoffman, Tina",andrea.perry@abcfoodmart.com,2023-05-05,ABC Foodmart - Bay Ridge,2024-12-20 00:00,2024-12-20 00:00,dairy,18.55
"Williams, Michael","Moran, John",michael.williams@abcfoodmart.com,2023-06-11,ABC Foodmart - Tribeca,2024-11-24 00:00,2024-11-24 00:00,fresh produce,18.41
"Jones, Christopher","Moran, John",christopher.jones@abcfoodmart.com,2022-05-19,ABC Foodmart - DUMBO,2024-02-11 00:00,2024-02-11 00:00,dry goods,17.44
"Church, Joshua","Compton, Jeffrey",joshua.church@abcfoodmart.com,2024-03-03,ABC Foodmart - Bay Ridge,2026-01-12 00:00,2026-01-12 00:00,frozen foods,12.57
"Glover, Michelle","Carter, Karen",michelle.glover@abcfoodmart.com,2022-08-25,ABC Foodmart - Tribeca,2024-08-16 00:00,2024-08-16 00:00,dry goods,14.74
"Mckenzie, William","Cooper, Robert",william.mckenzie@abcfoodmart.com,2023-01-04,ABC Foodmart - Tribeca,2024-08-21 00:00,2024-08-21 00:00,bakery,12.10
"Chambers, Jeffrey","Waller, Chad",jeffrey.chambers@abcfoodmart.com,2022-09-29,ABC Foodmart - Bay Ridge,2024-03-27 00:00,2024-03-27 00:00,bakery,15.89
"Perry, Andrea","Compton, Jeffrey",andrea.perry@abcfoodmart.com,2023-05-05,ABC Foodmart - DUMBO,2025-01-11 00:00,2025-01-11 00:00,meats,12.34
"Myers, Gary","Hoffman, Tina",gary.myers@abcfoodmart.com,2023-10-13,ABC Foodmart - DUMBO,2024-11-24 00:00,2024-11-24 00:00,customer service,14.69
"Mckenzie, William","Farrell, Christopher",william.mckenzie@abcfoodmart.com,2023-01-04,ABC Foodmart - DUMBO,2024-09-04 00:00,2024-09-04 00:00,floral,12.98
"Riley, Ashley","Ellis, Grant",ashley.riley@abcfoodmart.com,2022-08-17,ABC Foodmart - Tribeca,2024-09-06 00:00,2024-09-06 00:00,deli,19.48
"Bradley, Rita","Cooper, Robert",rita.bradley@abcfoodmart.com,2023-08-06,ABC Foodmart - Whitestone,2025-02-23 00:00,2025-02-23 00:00,meats,18.18
"Love, Thomas","Hoffman, Tina",thomas.love@abcfoodmart.com,2024-02-18,ABC Foodmart - Tribeca,2026-03-23 00:00,2026-03-23 00:00,fresh produce,16.49
"Hernandez, Michael","Waller, Chad",michael.hernandez@abcfoodmart.com,2022-05-24,ABC Foodmart - Whitestone,2024-04-02 00:00,2024-04-02 00:00,pharmacy,17.39
"Rogers, Mark","Carter, Karen",mark.rogers@abcfoodmart.com,2023-05-08,ABC Foodmart - Tribeca,2024-05-04 00:00,2024-05-04 00:00,pharmacy,18.98
"Moyer, Steven","Flores, Angela",steven.moyer@abcfoodmart.com,2022-12-26,ABC Foodmart - Tribeca,2023-11-25 00:00,2023-11-25 00:00,dry goods,19.18
"Roach, Christine","Ellis, Grant",christine.roach@abcfoodmart.com,2023-10-15,ABC Foodmart - DUMBO,2025-05-30 00:00,2025-05-30 00:00,meats,16.27
"Waters, Julie","Hoffman, Tina",julie.waters@abcfoodmart.com,2023-05-20,ABC Foodmart - DUMBO,2025-01-20 00:00,2025-01-20 00:00,frozen foods,19.15
"Jones, Evelyn","Johnston, William",evelyn.jones@abcfoodmart.com,2024-02-25,ABC Foodmart - Whitestone,2025-11-09 00:00,2025-11-09 00:00,deli,17.21
"Conrad, Frederick","Waller, Chad",frederick.conrad@abcfoodmart.com,2023-11-24,ABC Foodmart - Tribeca,2025-12-13 00:00,2025-12-13 00:00,dry goods,17.39
"Burns, Kendra","Johnston, William",kendra.burns@abcfoodmart.com,2022-12-13,ABC Foodmart - Tribeca,2024-11-14 00:00,2024-11-14 00:00,cashier,18.43
"Woods, Marcus","Cooper, Robert",marcus.woods@abcfoodmart.com,2024-04-01,ABC Foodmart - Bay Ridge,2025-07-17 00:00,2025-07-17 00:00,customer service,16.32
"Pena, Johnathan","Carter, Karen",johnathan.pena@abcfoodmart.com,2023-02-22,ABC Foodmart - Tribeca,2024-09-01 00:00,2024-09-01 00:00,pharmacy,16.45
"Torres, Steven","Johnston, William",steven.torres@abcfoodmart.com,2023-05-10,ABC Foodmart - Whitestone,2024-12-13 00:00,2024-12-13 00:00,pharmacy,16.06
"Mckenzie, William","David, Mr.",william.mckenzie@abcfoodmart.com,2023-01-04,ABC Foodmart - Staten Island,2024-09-15 00:00,2024-09-15 00:00,frozen foods,19.54
"Smith, Brandy","Williams, Gina",brandy.smith@abcfoodmart.com,2023-12-26,ABC Foodmart - Staten Island,2025-12-15 00:00,2025-12-15 00:00,floral,17.30
"Marquez, Jeffrey","Flores, Angela",jeffrey.marquez@abcfoodmart.com,2023-02-19,ABC Foodmart - Bay Ridge,2024-10-24 00:00,2024-10-24 00:00,dry goods,12.99
"Moore, Jason","Waller, Chad",jason.moore@abcfoodmart.com,2023-07-11,ABC Foodmart - DUMBO,2025-04-09 00:00,2025-04-09 00:00,seafood,16.05
"Tate, Harry","Moran, John",harry.tate@abcfoodmart.com,2022-09-18,ABC Foodmart - Whitestone,2024-04-20 00:00,2024-04-20 00:00,customer service,13.13
"Hayes, Brandon","Carter, Karen",brandon.hayes@abcfoodmart.com,2022-09-28,ABC Foodmart - Bay Ridge,2024-06-05 00:00,2024-06-05 00:00,cashier,19.15
"Sean, Mr.","David, Mr.",mr..sean@abcfoodmart.com,2023-03-25,ABC Foodmart - DUMBO,2024-09-08 00:00,2024-09-08 00:00,seafood,14.76
"Herrera, Spencer","David, Mr.",spencer.herrera@abcfoodmart.com,2023-01-16,ABC Foodmart - Whitestone,2024-05-19 00:00,2024-05-19 00:00,customer service,13.85
"Mckenzie, William","Johnston, William",william.mckenzie@abcfoodmart.com,2023-01-04,ABC Foodmart - Staten Island,2024-10-10 00:00,2024-10-10 00:00,meats,19.42
"Warren, Timothy","Carter, Karen",timothy.warren@abcfoodmart.com,2022-12-27,ABC Foodmart - Bay Ridge,2025-02-02 00:00,2025-02-02 00:00,pharmacy,12.37
"Mckinney, Marcus","Johnston, William",marcus.mckinney@abcfoodmart.com,2022-08-14,ABC Foodmart - Tribeca,2024-07-27 00:00,2024-07-27 00:00,meats,14.29
"Moon, James","Hoffman, Tina",james.moon@abcfoodmart.com,2023-10-20,ABC Foodmart - Tribeca,2025-05-10 00:00,2025-05-10 00:00,cashier,16.10
"Hughes, Christopher","Waller, Chad",christopher.hughes@abcfoodmart.com,2022-09-01,ABC Foodmart - Staten Island,2024-06-16 00:00,2024-06-16 00:00,dry goods,12.25
"Glover, Michelle","Farrell, Christopher",michelle.glover@abcfoodmart.com,2022-08-25,ABC Foodmart - Bay Ridge,2024-09-09 00:00,2024-09-09 00:00,bakery,17.26
"Foster, Kenneth","Moran, John",kenneth.foster@abcfoodmart.com,2023-04-23,ABC Foodmart - DUMBO,2024-12-07 00:00,2024-12-07 00:00,cashier,13.16
"Dodson, Courtney","Compton, Jeffrey",courtney.dodson@abcfoodmart.com,2023-01-10,ABC Foodmart - Bay Ridge,2024-08-30 00:00,2024-08-30 00:00,pharmacy,17.31
"Sosa, David","Compton, Jeffrey",david.sosa@abcfoodmart.com,2023-07-27,ABC Foodmart - Bay Ridge,2025-04-22 00:00,2025-04-22 00:00,dry goods,14.81
"Atkinson, Gary","Williams, Gina",gary.atkinson@abcfoodmart.com,2022-05-24,ABC Foodmart - Whitestone,2024-02-17 00:00,2024-02-17 00:00,floral,12.66
"Sean, Mr.","Williams, Gina",mr..sean@abcfoodmart.com,2023-03-25,ABC Foodmart - Whitestone,2024-09-13 00:00,2024-09-13 00:00,meats,13.06
"Roach, Christine","Cooper, Robert",christine.roach@abcfoodmart.com,2023-10-15,ABC Foodmart - Tribeca,2025-05-31 00:00,2025-05-31 00:00,pharmacy,13.26
"Day, Natasha","Hoffman, Tina",natasha.day@abcfoodmart.com,2023-08-02,ABC Foodmart - Whitestone,2025-01-10 00:00,2025-01-10 00:00,deli,16.47
"Love, Thomas","Moran, John",thomas.love@abcfoodmart.com,2024-02-18,ABC Foodmart - DUMBO,2026-04-03 00:00,2026-04-03 00:00,fresh produce,14.45
"Roach, Christine","Johnston, William",christine.roach@abcfoodmart.com,2023-10-15,ABC Foodmart - Whitestone,2025-06-24 00:00,2025-06-24 00:00,pharmacy,16.32
"Nguyen, Richard","Williams, Gina",richard.nguyen@abcfoodmart.com,2022-09-27,ABC Foodmart - Tribeca,2024-07-07 00:00,2024-07-07 00:00,bakery,13.08
"Walls, Kristen","Moran, John",kristen.walls@abcfoodmart.com,2023-02-10,ABC Foodmart - Whitestone,2024-06-26 00:00,2024-06-26 00:00,cashier,18.93
"Spears, Erin","Ellis, Grant",erin.spears@abcfoodmart.com,2023-07-30,ABC Foodmart - Tribeca,2025-06-13 00:00,2025-06-13 00:00,customer service,15.57
"Campbell, Bethany","Moran, John",bethany.campbell@abcfoodmart.com,2023-10-07,ABC Foodmart - Whitestone,2025-01-19 00:00,2025-01-19 00:00,meats,16.78
"Chen, Kathleen","Carter, Karen",kathleen.chen@abcfoodmart.com,2024-02-03,ABC Foodmart - Whitestone,2025-07-09 00:00,2025-07-09 00:00,cashier,14.80
"Pena, Johnathan","Flores, Angela",johnathan.pena@abcfoodmart.com,2023-02-22,ABC Foodmart - Bay Ridge,2024-09-29 00:00,2024-09-29 00:00,floral,14.18
"Perry, Andrea","Ellis, Grant",andrea.perry@abcfoodmart.com,2023-05-05,ABC Foodmart - DUMBO,2025-01-27 00:00,2025-01-27 00:00,seafood,17.67
"Jones, Evelyn","Ellis, Grant",evelyn.jones@abcfoodmart.com,2024-02-25,ABC Foodmart - Tribeca,2025-12-04 00:00,2025-12-04 00:00,fresh produce,15.50
"Thomas, Robert","Moran, John",robert.thomas@abcfoodmart.com,2022-05-18,ABC Foodmart - Staten Island,2024-05-16 00:00,2024-05-16 00:00,frozen foods,13.11
"Myers, Gary","Flores, Angela",gary.myers@abcfoodmart.com,2023-10-13,ABC Foodmart - Staten Island,2024-12-16 00:00,2024-12-16 00:00,pharmacy,17.15
"Hernandez, Michael","Carter, Karen",michael.hernandez@abcfoodmart.com,2022-05-24,ABC Foodmart - Whitestone,2024-04-14 00:00,2024-04-14 00:00,deli,18.63
"Woods, Marcus","Waller, Chad",marcus.woods@abcfoodmart.com,2024-04-01,ABC Foodmart - Staten Island,2025-07-31 00:00,2025-07-31 00:00,fresh produce,14.01
"Martin, Monica","Ellis, Grant",monica.martin@abcfoodmart.com,2023-11-23,ABC Foodmart - Whitestone,2026-03-12 00:00,2026-03-12 00:00,fresh produce,13.94
"Jones, Christopher","David, Mr.",christopher.jones@abcfoodmart.com,2022-05-19,ABC Foodmart - Bay Ridge,2024-03-06 00:00,2024-03-06 00:00,meats,19.59
"Waters, Julie","David, Mr.",julie.waters@abcfoodmart.com,2023-05-20,ABC Foodmart - Staten Island,2025-01-24 00:00,2025-01-24 00:00,cashier,12.85
"Hughes, Christopher","Hoffman, Tina",christopher.hughes@abcfoodmart.com,2022-09-01,ABC Foodmart - DUMBO,2024-07-03 00:00,2024-07-03 00:00,bakery,16.99
"Foster, Kenneth","Carter, Karen",kenneth.foster@abcfoodmart.com,2023-04-23,ABC Foodmart - Whitestone,2024-12-16 00:00,2024-12-16 00:00,dairy,17.38
"Love, Thomas","Cooper, Robert",thomas.love@abcfoodmart.com,2024-02-18,ABC Foodmart - Tribeca,2026-04-26 00:00,2026-04-26 00:00,pharmacy,16.59
"Hull, Shane","Farrell, Christopher",shane.hull@abcfoodmart.com,2024-01-09,ABC Foodmart - Bay Ridge,2025-09-28 00:00,2025-09-28 00:00,frozen foods,15.13
"Williams, Michael","David, Mr.",michael.williams@abcfoodmart.com,2023-06-11,ABC Foodmart - Tribeca,2024-11-25 00:00,2024-11-25 00:00,frozen foods,13.19
"Jessica, Ms.","Carter, Karen",ms..jessica@abcfoodmart.com,2022-06-10,ABC Foodmart - Bay Ridge,2024-02-11 00:00,2024-02-11 00:00,fresh produce,19.16
"Glover, Michelle","Williams, Gina",michelle.glover@abcfoodmart.com,2022-08-25,ABC Foodmart - DUMBO,2024-09-22 00:00,2024-09-22 00:00,pharmacy,19.70
"Tate, Harry","Hoffman, Tina",harry.tate@abcfoodmart.com,2022-09-18,ABC Foodmart - Bay Ridge,2024-05-11 00:00,2024-05-11 00:00,seafood,19.80
"Carroll, Eric","Moran, John",eric.carroll@abcfoodmart.com,2022-12-26,ABC Foodmart - Tribeca,2025-01-31 00:00,2025-01-31 00:00,customer service,12.18
"Colon, Lindsey","Cooper, Robert",lindsey.colon@abcfoodmart.com,2023-02-16,ABC Foodmart - Bay Ridge,2025-01-15 00:00,2025-01-15 00:00,customer service,14.71
"Torres, Steven","Compton, Jeffrey",steven.torres@abcfoodmart.com,2023-05-10,ABC Foodmart - DUMBO,2024-12-31 00:00,2024-12-31 00:00,cashier,18.84
"Love, Thomas","Cooper, Robert",thomas.love@abcfoodmart.com,2024-02-18,ABC Foodmart - Tribeca,2026-04-27 00:00,2026-04-27 00:00,dairy,15.51
"Hull, Shane","Johnston, William",shane.hull@abcfoodmart.com,2024-01-09,ABC Foodmart - Tribeca,2025-10-23 00:00,2025-10-23 00:00,cashier,18.44
"Long, Kirsten","Farrell, Christopher",kirsten.long@abcfoodmart.com,2024-02-24,ABC Foodmart - Staten Island,2026-01-25 00:00,2026-01-25 00:00,dry goods,15.91
"Wood, Joshua","Johnston, William",joshua.wood@abcfoodmart.com,2022-11-26,ABC Foodmart - DUMBO,2024-12-31 00:00,2024-12-31 00:00,seafood,17.18
"Roach, Christine","Cooper, Robert",christine.roach@abcfoodmart.com,2023-10-15,ABC Foodmart - DUMBO,2025-07-03 00:00,2025-07-03 00:00,frozen foods,14.10
"Thompson, Andrea","Carter, Karen",andrea.thompson@abcfoodmart.com,2023-01-06,ABC Foodmart - Staten Island,2024-08-04 00:00,2024-08-04 00:00,cashier,12.34
"Eric, Mr.","Moran, John",mr..eric@abcfoodmart.com,2022-09-02,ABC Foodmart - Whitestone,2023-12-03 00:00,2023-12-03 00:00,dairy,14.22
"Foster, Kenneth","Hoffman, Tina",kenneth.foster@abcfoodmart.com,2023-04-23,ABC Foodmart - Bay Ridge,2024-12-23 00:00,2024-12-23 00:00,seafood,19.62
"Durham, Denise","Hoffman, Tina",denise.durham@abcfoodmart.com,2022-10-24,ABC Foodmart - Staten Island,2024-05-02 00:00,2024-05-02 00:00,dry goods,13.84
"Gardner, Laura","David, Mr.",laura.gardner@abcfoodmart.com,2023-09-04,ABC Foodmart - Bay Ridge,2025-06-13 00:00,2025-06-13 00:00,seafood,19.35
"Torres, Steven","Moran, John",steven.torres@abcfoodmart.com,2023-05-10,ABC Foodmart - Whitestone,2025-01-28 00:00,2025-01-28 00:00,floral,13.19
"Warren, Timothy","Hoffman, Tina",timothy.warren@abcfoodmart.com,2022-12-27,ABC Foodmart - Staten Island,2025-02-20 00:00,2025-02-20 00:00,fresh produce,13.15
"Riley, Ashley","Compton, Jeffrey",ashley.riley@abcfoodmart.com,2022-08-17,ABC Foodmart - Bay Ridge,2024-09-19 00:00,2024-09-19 00:00,dry goods,13.50
"Church, Joshua","Ellis, Grant",joshua.church@abcfoodmart.com,2024-03-03,ABC Foodmart - DUMBO,2026-02-03 00:00,2026-02-03 00:00,seafood,12.12
"Johnson, Samantha","Cooper, Robert",samantha.johnson@abcfoodmart.com,2023-01-16,ABC Foodmart - DUMBO,2025-03-02 00:00,2025-03-02 00:00,dry goods,12.20
"Henderson, Nancy","Cooper, Robert",nancy.henderson@abcfoodmart.com,2023-12-30,ABC Foodmart - Bay Ridge,2025-02-10 00:00,2025-02-10 00:00,bakery,14.14
"Gross, Andrew","Farrell, Christopher",andrew.gross@abcfoodmart.com,2022-04-30,ABC Foodmart - Tribeca,2023-09-07 00:00,2023-09-07 00:00,customer service,17.93
"Rogers, Mark","Williams, Gina",mark.rogers@abcfoodmart.com,2023-05-08,ABC Foodmart - Tribeca,2024-05-18 00:00,2024-05-18 00:00,dry goods,16.32
"Chambers, Jeffrey","Waller, Chad",jeffrey.chambers@abcfoodmart.com,2022-09-29,ABC Foodmart - Bay Ridge,2024-03-28 00:00,2024-03-28 00:00,floral,13.67
"Manning, Maria","Moran, John",maria.manning@abcfoodmart.com,2022-11-16,ABC Foodmart - Tribeca,2024-09-10 00:00,2024-09-10 00:00,frozen foods,13.31
"Conrad, Frederick","Carter, Karen",frederick.conrad@abcfoodmart.com,2023-11-24,ABC Foodmart - Bay Ridge,2025-12-23 00:00,2025-12-23 00:00,seafood,19.16
"Marquez, Jeffrey","Cooper, Robert",jeffrey.marquez@abcfoodmart.com,2023-02-19,ABC Foodmart - Staten Island,2024-11-03 00:00,2024-11-03 00:00,dairy,14.43
"Thompson, Matthew","Williams, Gina",matthew.thompson@abcfoodmart.com,2022-04-22,ABC Foodmart - Whitestone,2023-09-23 00:00,2023-09-23 00:00,dairy,18.83
"Golden, Laurie","David, Mr.",laurie.golden@abcfoodmart.com,2023-12-23,ABC Foodmart - Staten Island,2025-01-09 00:00,2025-01-09 00:00,fresh produce,12.78
"Alvarez, Brenda","Carter, Karen",brenda.alvarez@abcfoodmart.com,2023-11-16,ABC Foodmart - Tribeca,2025-08-24 00:00,2025-08-24 00:00,meats,12.91
"Payne, Samantha","Farrell, Christopher",samantha.payne@abcfoodmart.com,2024-04-06,ABC Foodmart - Tribeca,2025-11-10 00:00,2025-11-10 00:00,frozen foods,19.99
"Golden, Laurie","Moran, John",laurie.golden@abcfoodmart.com,2023-12-23,ABC Foodmart - DUMBO,2025-02-07 00:00,2025-02-07 00:00,floral,12.96
"Walls, Kristen","Williams, Gina",kristen.walls@abcfoodmart.com,2023-02-10,ABC Foodmart - Whitestone,2024-07-17 00:00,2024-07-17 00:00,bakery,18.91
"Pena, Johnathan","Ellis, Grant",johnathan.pena@abcfoodmart.com,2023-02-22,ABC Foodmart - Whitestone,2024-10-10 00:00,2024-10-10 00:00,dry goods,15.93
"Wells, Monica","Carter, Karen",monica.wells@abcfoodmart.com,2024-03-12,ABC Foodmart - Bay Ridge,2025-09-24 00:00,2025-09-24 00:00,bakery,15.00
"Long, Kirsten","Moran, John",kirsten.long@abcfoodmart.com,2024-02-24,ABC Foodmart - Tribeca,2026-02-19 00:00,2026-02-19 00:00,customer service,12.71
"Alvarez, Brenda","Ellis, Grant",brenda.alvarez@abcfoodmart.com,2023-11-16,ABC Foodmart - Staten Island,2025-09-12 00:00,2025-09-12 00:00,dry goods,15.99
"Bradley, Rita","Ellis, Grant",rita.bradley@abcfoodmart.com,2023-08-06,ABC Foodmart - Staten Island,2025-03-03 00:00,2025-03-03 00:00,customer service,19.26
"Sean, Mr.","Moran, John",mr..sean@abcfoodmart.com,2023-03-25,ABC Foodmart - Tribeca,2024-09-24 00:00,2024-09-24 00:00,dry goods,16.64
"Torres, Steven","Cooper, Robert",steven.torres@abcfoodmart.com,2023-05-10,ABC Foodmart - Whitestone,2025-02-04 00:00,2025-02-04 00:00,seafood,16.79
"Nichols, Mitchell","Johnston, William",mitchell.nichols@abcfoodmart.com,2022-09-30,ABC Foodmart - Whitestone,2023-12-10 00:00,2023-12-10 00:00,seafood,12.31
"Sean, Mr.","Waller, Chad",mr..sean@abcfoodmart.com,2023-03-25,ABC Foodmart - Bay Ridge,2024-10-12 00:00,2024-10-12 00:00,dairy,14.12
"Day, Natasha","Flores, Angela",natasha.day@abcfoodmart.com,2023-08-02,ABC Foodmart - Tribeca,2025-01-13 00:00,2025-01-13 00:00,dry goods,16.99
"Campbell, Bethany","Cooper, Robert",bethany.campbell@abcfoodmart.com,2023-10-07,ABC Foodmart - Staten Island,2025-02-13 00:00,2025-02-13 00:00,deli,12.97
"Woods, Marcus","Williams, Gina",marcus.woods@abcfoodmart.com,2024-04-01,ABC Foodmart - Tribeca,2025-08-18 00:00,2025-08-18 00:00,dry goods,16.86
"Hayes, Brandon","Ellis, Grant",brandon.hayes@abcfoodmart.com,2022-09-28,ABC Foodmart - DUMBO,2024-06-24 00:00,2024-06-24 00:00,dairy,16.06
"Nichols, Brandon","Ellis, Grant",brandon.nichols@abcfoodmart.com,2024-02-28,ABC Foodmart - DUMBO,2025-11-14 00:00,2025-11-14 00:00,pharmacy,13.14
"Walls, Kristen","Moran, John",kristen.walls@abcfoodmart.com,2023-02-10,ABC Foodmart - Staten Island,2024-07-18 00:00,2024-07-18 00:00,seafood,16.54
"Mckinney, Marcus","Farrell, Christopher",marcus.mckinney@abcfoodmart.com,2022-08-14,ABC Foodmart - DUMBO,2024-08-02 00:00,2024-08-02 00:00,meats,14.69
"Meyer, James","Moran, John",james.meyer@abcfoodmart.com,2022-05-02,ABC Foodmart - Whitestone,2024-08-10 00:00,2024-08-10 00:00,cashier,16.81
"Gardner, Laura","Williams, Gina",laura.gardner@abcfoodmart.com,2023-09-04,ABC Foodmart - Bay Ridge,2025-06-26 00:00,2025-06-26 00:00,frozen foods,14.08
"Garcia, Sarah","Johnston, William",sarah.garcia@abcfoodmart.com,2022-12-14,ABC Foodmart - Whitestone,2024-08-02 00:00,2024-08-02 00:00,floral,12.03
"Campbell, Brittany","Flores, Angela",brittany.campbell@abcfoodmart.com,2023-03-25,ABC Foodmart - Tribeca,2024-11-13 00:00,2024-11-13 00:00,frozen foods,14.74
"Foster, Jennifer","Hoffman, Tina",jennifer.foster@abcfoodmart.com,2023-06-15,ABC Foodmart - Bay Ridge,2025-03-27 00:00,2025-03-27 00:00,deli,12.49
"Meyer, James","Johnston, William",james.meyer@abcfoodmart.com,2022-05-02,ABC Foodmart - Staten Island,2024-08-25 00:00,2024-08-25 00:00,dry goods,19.68
"Thomas, Robert","Cooper, Robert",robert.thomas@abcfoodmart.com,2022-05-18,ABC Foodmart - Whitestone,2024-06-03 00:00,2024-06-03 00:00,bakery,16.16
"Jordan, Carla","Waller, Chad",carla.jordan@abcfoodmart.com,2023-12-17,ABC Foodmart - Bay Ridge,2025-04-12 00:00,2025-04-12 00:00,customer service,19.68
"Davis, Jennifer","Farrell, Christopher",jennifer.davis@abcfoodmart.com,2023-11-03,ABC Foodmart - Whitestone,2025-10-03 00:00,2025-10-03 00:00,deli,17.46
"Shah, Amanda","Farrell, Christopher",amanda.shah@abcfoodmart.com,2023-10-07,ABC Foodmart - DUMBO,2025-08-22 00:00,2025-08-22 00:00,dry goods,12.50
"Mckinney, Marcus","Cooper, Robert",marcus.mckinney@abcfoodmart.com,2022-08-14,ABC Foodmart - Tribeca,2024-08-24 00:00,2024-08-24 00:00,customer service,14.92
"Vasquez, Peter","Cooper, Robert",peter.vasquez@abcfoodmart.com,2023-01-05,ABC Foodmart - DUMBO,2024-07-03 00:00,2024-07-03 00:00,deli,19.09
"Sosa, David","Cooper, Robert",david.sosa@abcfoodmart.com,2023-07-27,ABC Foodmart - Whitestone,2025-05-19 00:00,2025-05-19 00:00,cashier,19.36
"Thomas, Robert","Flores, Angela",robert.thomas@abcfoodmart.com,2022-05-18,ABC Foodmart - Tribeca,2024-06-10 00:00,2024-06-10 00:00,dairy,18.26
"Riley, Ashley","Waller, Chad",ashley.riley@abcfoodmart.com,2022-08-17,ABC Foodmart - Bay Ridge,2024-10-05 00:00,2024-10-05 00:00,dairy,19.20
"Myers, Gary","Williams, Gina",gary.myers@abcfoodmart.com,2023-10-13,ABC Foodmart - Bay Ridge,2024-12-17 00:00,2024-12-17 00:00,frozen foods,18.77
"Colon, Lindsey","Williams, Gina",lindsey.colon@abcfoodmart.com,2023-02-16,ABC Foodmart - DUMBO,2025-02-08 00:00,2025-02-08 00:00,seafood,12.60
"Atkinson, Gary","Compton, Jeffrey",gary.atkinson@abcfoodmart.com,2022-05-24,ABC Foodmart - Bay Ridge,2024-03-14 00:00,2024-03-14 00:00,customer service,19.24
"Myers, Gary","Carter, Karen",gary.myers@abcfoodmart.com,2023-10-13,ABC Foodmart - Bay Ridge,2024-12-30 00:00,2024-12-30 00:00,dry goods,18.02
"Vasquez, Peter","Carter, Karen",peter.vasquez@abcfoodmart.com,2023-01-05,ABC Foodmart - DUMBO,2024-07-19 00:00,2024-07-19 00:00,seafood,12.97
"Jones, Christopher","Flores, Angela",christopher.jones@abcfoodmart.com,2022-05-19,ABC Foodmart - Bay Ridge,2024-03-31 00:00,2024-03-31 00:00,cashier,16.47
"Kerr, Jason","Waller, Chad",jason.kerr@abcfoodmart.com,2022-11-21,ABC Foodmart - Bay Ridge,2024-07-29 00:00,2024-07-29 00:00,pharmacy,15.73
"Tate, Harry","Cooper, Robert",harry.tate@abcfoodmart.com,2022-09-18,ABC Foodmart - Tribeca,2024-05-24 00:00,2024-05-24 00:00,fresh produce,18.18
"Vasquez, Peter","Carter, Karen",peter.vasquez@abcfoodmart.com,2023-01-05,ABC Foodmart - Staten Island,2024-08-05 00:00,2024-08-05 00:00,cashier,17.79
"Jacobs, Brenda","Ellis, Grant",brenda.jacobs@abcfoodmart.com,2024-02-09,ABC Foodmart - Bay Ridge,2025-07-11 00:00,2025-07-11 00:00,dry goods,12.25
"Nichols, Brandon","David, Mr.",brandon.nichols@abcfoodmart.com,2024-02-28,ABC Foodmart - DUMBO,2025-11-17 00:00,2025-11-17 00:00,frozen foods,13.71
"Roach, Christine","Farrell, Christopher",christine.roach@abcfoodmart.com,2023-10-15,ABC Foodmart - Bay Ridge,2025-07-13 00:00,2025-07-13 00:00,dairy,15.96
"Jessica, Ms.","Cooper, Robert",ms..jessica@abcfoodmart.com,2022-06-10,ABC Foodmart - Tribeca,2024-02-15 00:00,2024-02-15 00:00,floral,13.36
"Nguyen, Richard","Carter, Karen",richard.nguyen@abcfoodmart.com,2022-09-27,ABC Foodmart - Bay Ridge,2024-07-29 00:00,2024-07-29 00:00,dairy,14.85
"Sean, Mr.","Farrell, Christopher",mr..sean@abcfoodmart.com,2023-03-25,ABC Foodmart - Bay Ridge,2024-10-31 00:00,2024-10-31 00:00,dry goods,15.89
"White, Kenneth","Cooper, Robert",kenneth.white@abcfoodmart.com,2023-01-22,ABC Foodmart - Staten Island,2025-03-29 00:00,2025-03-29 00:00,cashier,12.17
"Moyer, Steven","Johnston, William",steven.moyer@abcfoodmart.com,2022-12-26,ABC Foodmart - Whitestone,2023-11-30 00:00,2023-11-30 00:00,deli,18.47
"Meyer, James","Compton, Jeffrey",james.meyer@abcfoodmart.com,2022-05-02,ABC Foodmart - Staten Island,2024-09-02 00:00,2024-09-02 00:00,dry goods,19.88
"Foster, Jennifer","Waller, Chad",jennifer.foster@abcfoodmart.com,2023-06-15,ABC Foodmart - Staten Island,2025-04-20 00:00,2025-04-20 00:00,cashier,17.94
"Eric, Mr.","Moran, John",mr..eric@abcfoodmart.com,2022-09-02,ABC Foodmart - Tribeca,2023-12-11 00:00,2023-12-11 00:00,bakery,19.43
"Love, Thomas","Hoffman, Tina",thomas.love@abcfoodmart.com,2024-02-18,ABC Foodmart - Bay Ridge,2026-05-13 00:00,2026-05-13 00:00,dry goods,18.55
"Jessica, Ms.","Carter, Karen",ms..jessica@abcfoodmart.com,2022-06-10,ABC Foodmart - Bay Ridge,2024-03-13 00:00,2024-03-13 00:00,meats,19.99
"Woods, Marcus","Farrell, Christopher",marcus.woods@abcfoodmart.com,2024-04-01,ABC Foodmart - DUMBO,2025-08-20 00:00,2025-08-20 00:00,dairy,14.47
"Walls, Kristen","Ellis, Grant",kristen.walls@abcfoodmart.com,2023-02-10,ABC Foodmart - Bay Ridge,2024-08-11 00:00,2024-08-11 00:00,floral,19.44
"Kerr, Jason","Waller, Chad",jason.kerr@abcfoodmart.com,2022-11-21,ABC Foodmart - DUMBO,2024-07-30 00:00,2024-07-30 00:00,deli,12.30
"Day, Natasha","Compton, Jeffrey",natasha.day@abcfoodmart.com,2023-08-02,ABC Foodmart - Tribeca,2025-02-09 00:00,2025-02-09 00:00,cashier,17.87
"Golden, Laurie","Farrell, Christopher",laurie.golden@abcfoodmart.com,2023-12-23,ABC Foodmart - Whitestone,2025-03-04 00:00,2025-03-04 00:00,cashier,12.14
"Thompson, Andrea","Farrell, Christopher",andrea.thompson@abcfoodmart.com,2023-01-06,ABC Foodmart - Whitestone,2024-08-05 00:00,2024-08-05 00:00,customer service,18.66
"Wood, Joshua","Moran, John",joshua.wood@abcfoodmart.com,2022-11-26,ABC Foodmart - Whitestone,2025-01-01 00:00,2025-01-01 00:00,deli,13.36
"Carroll, Eric","Waller, Chad",eric.carroll@abcfoodmart.com,2022-12-26,ABC Foodmart - Whitestone,2025-02-16 00:00,2025-02-16 00:00,frozen foods,19.15
"Jones, Evelyn","Cooper, Robert",evelyn.jones@abcfoodmart.com,2024-02-25,ABC Foodmart - Tribeca,2025-12-10 00:00,2025-12-10 00:00,frozen foods,19.41
"Roach, Christine","Farrell, Christopher",christine.roach@abcfoodmart.com,2023-10-15,ABC Foodmart - Whitestone,2025-08-05 00:00,2025-08-05 00:00,seafood,18.63
"Rogers, Mark","Flores, Angela",mark.rogers@abcfoodmart.com,2023-05-08,ABC Foodmart - Tribeca,2024-05-20 00:00,2024-05-20 00:00,pharmacy,12.85
"Sean, Mr.","Hoffman, Tina",mr..sean@abcfoodmart.com,2023-03-25,ABC Foodmart - Tribeca,2024-11-22 00:00,2024-11-22 00:00,dry goods,18.81
"Hernandez, Michael","Johnston, William",michael.hernandez@abcfoodmart.com,2022-05-24,ABC Foodmart - Staten Island,2024-05-07 00:00,2024-05-07 00:00,meats,14.14
"Dodson, Courtney","David, Mr.",courtney.dodson@abcfoodmart.com,2023-01-10,ABC Foodmart - Whitestone,2024-09-07 00:00,2024-09-07 00:00,bakery,19.72
"Riley, Ashley","Ellis, Grant",ashley.riley@abcfoodmart.com,2022-08-17,ABC Foodmart - Whitestone,2024-10-31 00:00,2024-10-31 00:00,cashier,19.66
"Payne, Samantha","Carter, Karen",samantha.payne@abcfoodmart.com,2024-04-06,ABC Foodmart - Staten Island,2025-11-15 00:00,2025-11-15 00:00,frozen foods,17.69
"Bradley, Rita","Moran, John",rita.bradley@abcfoodmart.com,2023-08-06,ABC Foodmart - Staten Island,2025-03-18 00:00,2025-03-18 00:00,bakery,14.82
"Love, Thomas","Compton, Jeffrey",thomas.love@abcfoodmart.com,2024-02-18,ABC Foodmart - DUMBO,2026-06-03 00:00,2026-06-03 00:00,dairy,13.35
"Meyer, James","Hoffman, Tina",james.meyer@abcfoodmart.com,2022-05-02,ABC Foodmart - Whitestone,2024-09-09 00:00,2024-09-09 00:00,customer service,12.72
"Thomas, Robert","Carter, Karen",robert.thomas@abcfoodmart.com,2022-05-18,ABC Foodmart - DUMBO,2024-07-09 00:00,2024-07-09 00:00,cashier,17.61
"Myers, Gary","Compton, Jeffrey",gary.myers@abcfoodmart.com,2023-10-13,ABC Foodmart - Whitestone,2025-01-04 00:00,2025-01-04 00:00,deli,13.82
"Myers, Gary","Cooper, Robert",gary.myers@abcfoodmart.com,2023-10-13,ABC Foodmart - Tribeca,2025-01-28 00:00,2025-01-28 00:00,dairy,19.71
"Walls, Kristen","Williams, Gina",kristen.walls@abcfoodmart.com,2023-02-10,ABC Foodmart - Tribeca,2024-08-18 00:00,2024-08-18 00:00,frozen foods,12.96
"Dodson, Courtney","Flores, Angela",courtney.dodson@abcfoodmart.com,2023-01-10,ABC Foodmart - DUMBO,2024-09-10 00:00,2024-09-10 00:00,deli,17.25
"Woods, Marcus","Waller, Chad",marcus.woods@abcfoodmart.com,2024-04-01,ABC Foodmart - Staten Island,2025-09-02 00:00,2025-09-02 00:00,dry goods,16.72
"Jones, Christopher","David, Mr.",christopher.jones@abcfoodmart.com,2022-05-19,ABC Foodmart - Bay Ridge,2024-04-01 00:00,2024-04-01 00:00,fresh produce,19.75
"Moon, James","Flores, Angela",james.moon@abcfoodmart.com,2023-10-20,ABC Foodmart - Bay Ridge,2025-05-20 00:00,2025-05-20 00:00,deli,14.08
"Thompson, Matthew","Carter, Karen",matthew.thompson@abcfoodmart.com,2022-04-22,ABC Foodmart - Staten Island,2023-09-25 00:00,2023-09-25 00:00,floral,16.00
"Torres, Steven","Williams, Gina",steven.torres@abcfoodmart.com,2023-05-10,ABC Foodmart - Staten Island,2025-02-12 00:00,2025-02-12 00:00,frozen foods,14.02
"Alvarez, Brenda","David, Mr.",brenda.alvarez@abcfoodmart.com,2023-11-16,ABC Foodmart - Whitestone,2025-09-17 00:00,2025-09-17 00:00,deli,13.01
"Campbell, Brittany","Flores, Angela",brittany.campbell@abcfoodmart.com,2023-03-25,ABC Foodmart - Bay Ridge,2024-11-30 00:00,2024-11-30 00:00,floral,14.23
"Payne, Samantha","Farrell, Christopher",samantha.payne@abcfoodmart.com,2024-04-06,ABC Foodmart - Bay Ridge,2025-12-01 00:00,2025-12-01 00:00,cashier,13.43
"Meyer, James","Johnston, William",james.meyer@abcfoodmart.com,2022-05-02,ABC Foodmart - Tribeca,2024-10-06 00:00,2024-10-06 00:00,meats,16.01
"Colon, Lindsey","Moran, John",lindsey.colon@abcfoodmart.com,2023-02-16,ABC Foodmart - Bay Ridge,2025-02-11 00:00,2025-02-11 00:00,cashier,16.82
"Roach, Christine","Waller, Chad",christine.roach@abcfoodmart.com,2023-10-15,ABC Foodmart - Bay Ridge,2025-08-28 00:00,2025-08-28 00:00,dry goods,17.96
"Horton, Ashley","Williams, Gina",ashley.horton@abcfoodmart.com,2024-01-24,ABC Foodmart - Tribeca,2025-12-18 00:00,2025-12-18 00:00,meats,14.47
"Wells, Monica","Waller, Chad",monica.wells@abcfoodmart.com,2024-03-12,ABC Foodmart - DUMBO,2025-10-23 00:00,2025-10-23 00:00,fresh produce,12.11
"Thompson, Andrea","Waller, Chad",andrea.thompson@abcfoodmart.com,2023-01-06,ABC Foodmart - Tribeca,2024-09-03 00:00,2024-09-03 00:00,bakery,17.45
"Marquez, Jeffrey","Farrell, Christopher",jeffrey.marquez@abcfoodmart.com,2023-02-19,ABC Foodmart - Tribeca,2024-11-18 00:00,2024-11-18 00:00,meats,14.53
"Jessica, Ms.","Cooper, Robert",ms..jessica@abcfoodmart.com,2022-06-10,ABC Foodmart - Bay Ridge,2024-03-30 00:00,2024-03-30 00:00,frozen foods,13.34
"Werner, Kara","Hoffman, Tina",kara.werner@abcfoodmart.com,2023-10-12,ABC Foodmart - Staten Island,2025-09-18 00:00,2025-09-18 00:00,bakery,15.62
"Tate, Harry","Ellis, Grant",harry.tate@abcfoodmart.com,2022-09-18,ABC Foodmart - DUMBO,2024-05-29 00:00,2024-05-29 00:00,floral,18.40
"Carroll, Eric","David, Mr.",eric.carroll@abcfoodmart.com,2022-12-26,ABC Foodmart - DUMBO,2025-02-22 00:00,2025-02-22 00:00,pharmacy,19.24
"Payne, Samantha","Williams, Gina",samantha.payne@abcfoodmart.com,2024-04-06,ABC Foodmart - Whitestone,2025-12-10 00:00,2025-12-10 00:00,deli,17.65
"Campbell, Brittany","Compton, Jeffrey",brittany.campbell@abcfoodmart.com,2023-03-25,ABC Foodmart - DUMBO,2024-12-16 00:00,2024-12-16 00:00,bakery,12.63
"Tate, Harry","David, Mr.",harry.tate@abcfoodmart.com,2022-09-18,ABC Foodmart - DUMBO,2024-05-31 00:00,2024-05-31 00:00,dry goods,18.08
"Wells, Monica","Ellis, Grant",monica.wells@abcfoodmart.com,2024-03-12,ABC Foodmart - Staten Island,2025-11-11 00:00,2025-11-11 00:00,pharmacy,15.95
"Nichols, Mitchell","Ellis, Grant",mitchell.nichols@abcfoodmart.com,2022-09-30,ABC Foodmart - Tribeca,2023-12-28 00:00,2023-12-28 00:00,frozen foods,15.63
"Rogers, Mark","Cooper, Robert",mark.rogers@abcfoodmart.com,2023-05-08,ABC Foodmart - Tribeca,2024-05-24 00:00,2024-05-24 00:00,meats,19.32
"Warren, Timothy","Compton, Jeffrey",timothy.warren@abcfoodmart.com,2022-12-27,ABC Foodmart - Bay Ridge,2025-02-21 00:00,2025-02-21 00:00,seafood,12.82
"Martin, Monica","Waller, Chad",monica.martin@abcfoodmart.com,2023-11-23,ABC Foodmart - Tribeca,2026-03-14 00:00,2026-03-14 00:00,floral,14.84
"Jessica, Ms.","Ellis, Grant",ms..jessica@abcfoodmart.com,2022-06-10,ABC Foodmart - Whitestone,2024-04-16 00:00,2024-04-16 00:00,seafood,18.64
"Davis, Jennifer","Hoffman, Tina",jennifer.davis@abcfoodmart.com,2023-11-03,ABC Foodmart - Staten Island,2025-10-15 00:00,2025-10-15 00:00,seafood,18.40
"Church, Joshua","Waller, Chad",joshua.church@abcfoodmart.com,2024-03-03,ABC Foodmart - Bay Ridge,2026-02-16 00:00,2026-02-16 00:00,frozen foods,16.45
"Martin, Monica","Williams, Gina",monica.martin@abcfoodmart.com,2023-11-23,ABC Foodmart - Tribeca,2026-03-31 00:00,2026-03-31 00:00,floral,13.50
"Warren, Timothy","Johnston, William",timothy.warren@abcfoodmart.com,2022-12-27,ABC Foodmart - Tribeca,2025-03-01 00:00,2025-03-01 00:00,fresh produce,18.76
"Bryan, Mr.","Johnston, William",mr..bryan@abcfoodmart.com,2023-08-26,ABC Foodmart - Whitestone,2025-05-12 00:00,2025-05-12 00:00,frozen foods,16.18
"Nichols, Mitchell","Cooper, Robert",mitchell.nichols@abcfoodmart.com,2022-09-30,ABC Foodmart - Staten Island,2024-01-14 00:00,2024-01-14 00:00,bakery,18.99
"Love, Thomas","Moran, John",thomas.love@abcfoodmart.com,2024-02-18,ABC Foodmart - Tribeca,2026-06-05 00:00,2026-06-05 00:00,pharmacy,16.90
"Conrad, Frederick","Ellis, Grant",frederick.conrad@abcfoodmart.com,2023-11-24,ABC Foodmart - Bay Ridge,2025-12-28 00:00,2025-12-28 00:00,floral,18.62
"Frederick, Evan","Cooper, Robert",evan.frederick@abcfoodmart.com,2023-02-24,ABC Foodmart - Tribeca,2024-05-04 00:00,2024-05-04 00:00,deli,13.96
"Jacobs, Brenda","David, Mr.",brenda.jacobs@abcfoodmart.com,2024-02-09,ABC Foodmart - Tribeca,2025-08-01 00:00,2025-08-01 00:00,dairy,15.65
"Johnson, Samantha","Williams, Gina",samantha.johnson@abcfoodmart.com,2023-01-16,ABC Foodmart - Bay Ridge,2025-03-05 00:00,2025-03-05 00:00,seafood,19.78
"Nichols, Brandon","Hoffman, Tina",brandon.nichols@abcfoodmart.com,2024-02-28,ABC Foodmart - DUMBO,2025-12-01 00:00,2025-12-01 00:00,customer service,18.17
"Pena, Johnathan","Moran, John",johnathan.pena@abcfoodmart.com,2023-02-22,ABC Foodmart - Whitestone,2024-10-23 00:00,2024-10-23 00:00,dairy,17.10
"Jackson, Michael","Hoffman, Tina",michael.jackson@abcfoodmart.com,2022-10-31,ABC Foodmart - Staten Island,2024-05-23 00:00,2024-05-23 00:00,customer service,14.33
"Smith, Brandy","Cooper, Robert",brandy.smith@abcfoodmart.com,2023-12-26,ABC Foodmart - Bay Ridge,2025-12-23 00:00,2025-12-23 00:00,meats,14.05
"Blanchard, Ricky","Waller, Chad",ricky.blanchard@abcfoodmart.com,2023-05-23,ABC Foodmart - Bay Ridge,2025-01-10 00:00,2025-01-10 00:00,customer service,15.94
"Dodson, Courtney","Johnston, William",courtney.dodson@abcfoodmart.com,2023-01-10,ABC Foodmart - DUMBO,2024-09-26 00:00,2024-09-26 00:00,fresh produce,17.92
"Randolph, Emily","Cooper, Robert",emily.randolph@abcfoodmart.com,2023-03-09,ABC Foodmart - Tribeca,2024-10-08 00:00,2024-10-08 00:00,frozen foods,12.48
"Walters, Jay","Moran, John",jay.walters@abcfoodmart.com,2023-12-17,ABC Foodmart - DUMBO,2026-05-05 00:00,2026-05-05 00:00,customer service,14.52
"Spears, Erin","Flores, Angela",erin.spears@abcfoodmart.com,2023-07-30,ABC Foodmart - Staten Island,2025-06-26 00:00,2025-06-26 00:00,cashier,15.37
"Kramer, Veronica","Moran, John",veronica.kramer@abcfoodmart.com,2023-03-28,ABC Foodmart - Staten Island,2025-01-25 00:00,2025-01-25 00:00,customer service,16.13
"Nichols, Brandon","Hoffman, Tina",brandon.nichols@abcfoodmart.com,2024-02-28,ABC Foodmart - Bay Ridge,2025-12-08 00:00,2025-12-08 00:00,fresh produce,18.45
"Walls, Kristen","Johnston, William",kristen.walls@abcfoodmart.com,2023-02-10,ABC Foodmart - Whitestone,2024-08-20 00:00,2024-08-20 00:00,frozen foods,17.14
"Moon, James","Moran, John",james.moon@abcfoodmart.com,2023-10-20,ABC Foodmart - Whitestone,2025-06-15 00:00,2025-06-15 00:00,bakery,13.25
"Gonzalez, Michele","Hoffman, Tina",michele.gonzalez@abcfoodmart.com,2023-09-23,ABC Foodmart - Whitestone,2025-03-10 00:00,2025-03-10 00:00,meats,13.79
"Harrell, Angie","David, Mr.",angie.harrell@abcfoodmart.com,2023-06-01,ABC Foodmart - Tribeca,2025-04-03 00:00,2025-04-03 00:00,seafood,16.30
"Davis, Jennifer","Moran, John",jennifer.davis@abcfoodmart.com,2023-11-03,ABC Foodmart - Whitestone,2025-10-21 00:00,2025-10-21 00:00,dry goods,13.39
"Colon, Lindsey","Moran, John",lindsey.colon@abcfoodmart.com,2023-02-16,ABC Foodmart - DUMBO,2025-03-09 00:00,2025-03-09 00:00,floral,19.83
"Terri, Mrs.","Farrell, Christopher",mrs..terri@abcfoodmart.com,2022-09-23,ABC Foodmart - Tribeca,2024-07-07 00:00,2024-07-07 00:00,pharmacy,19.69
"Jackson, Gary","Waller, Chad",gary.jackson@abcfoodmart.com,2022-09-08,ABC Foodmart - Tribeca,2024-01-30 00:00,2024-01-30 00:00,dry goods,17.06
"Brooks, Renee","Carter, Karen",renee.brooks@abcfoodmart.com,2023-07-15,ABC Foodmart - Staten Island,2025-02-09 00:00,2025-02-09 00:00,fresh produce,12.25
"Kramer, Veronica","Moran, John",veronica.kramer@abcfoodmart.com,2023-03-28,ABC Foodmart - Whitestone,2025-02-01 00:00,2025-02-01 00:00,cashier,14.61
"Jessica, Ms.","Flores, Angela",ms..jessica@abcfoodmart.com,2022-06-10,ABC Foodmart - Bay Ridge,2024-05-15 00:00,2024-05-15 00:00,floral,14.39
"Smith, Brandy","Moran, John",brandy.smith@abcfoodmart.com,2023-12-26,ABC Foodmart - Staten Island,2025-12-30 00:00,2025-12-30 00:00,fresh produce,17.03
"Sean, Mr.","Moran, John",mr..sean@abcfoodmart.com,2023-03-25,ABC Foodmart - Bay Ridge,2024-11-28 00:00,2024-11-28 00:00,fresh produce,16.14
"Colon, Lindsey","Hoffman, Tina",lindsey.colon@abcfoodmart.com,2023-02-16,ABC Foodmart - Bay Ridge,2025-04-05 00:00,2025-04-05 00:00,deli,13.98
"Pena, Johnathan","Farrell, Christopher",johnathan.pena@abcfoodmart.com,2023-02-22,ABC Foodmart - DUMBO,2024-11-14 00:00,2024-11-14 00:00,fresh produce,17.85
"Jacobs, Brenda","Compton, Jeffrey",brenda.jacobs@abcfoodmart.com,2024-02-09,ABC Foodmart - Staten Island,2025-08-13 00:00,2025-08-13 00:00,meats,16.83
"Torres, Steven","David, Mr.",steven.torres@abcfoodmart.com,2023-05-10,ABC Foodmart - DUMBO,2025-03-07 00:00,2025-03-07 00:00,fresh produce,13.41
"Payne, Samantha","Flores, Angela",samantha.payne@abcfoodmart.com,2024-04-06,ABC Foodmart - Bay Ridge,2025-12-12 00:00,2025-12-12 00:00,meats,19.42
"Brooks, Renee","Ellis, Grant",renee.brooks@abcfoodmart.com,2023-07-15,ABC Foodmart - Tribeca,2025-03-08 00:00,2025-03-08 00:00,customer service,18.16
"Dodson, Courtney","Carter, Karen",courtney.dodson@abcfoodmart.com,2023-01-10,ABC Foodmart - DUMBO,2024-10-14 00:00,2024-10-14 00:00,seafood,18.23
"Moore, Jason","Compton, Jeffrey",jason.moore@abcfoodmart.com,2023-07-11,ABC Foodmart - Tribeca,2025-04-30 00:00,2025-04-30 00:00,floral,17.02
"Jones, Christopher","Carter, Karen",christopher.jones@abcfoodmart.com,2022-05-19,ABC Foodmart - Bay Ridge,2024-04-18 00:00,2024-04-18 00:00,frozen foods,15.60
"Nichols, Brandon","Moran, John",brandon.nichols@abcfoodmart.com,2024-02-28,ABC Foodmart - Bay Ridge,2025-12-31 00:00,2025-12-31 00:00,bakery,18.04
"Foster, Kenneth","Flores, Angela",kenneth.foster@abcfoodmart.com,2023-04-23,ABC Foodmart - DUMBO,2025-01-01 00:00,2025-01-01 00:00,seafood,12.14
"Ellis, Lauren","Williams, Gina",lauren.ellis@abcfoodmart.com,2022-10-22,ABC Foodmart - Bay Ridge,2024-08-07 00:00,2024-08-07 00:00,seafood,16.18
"Meyer, James","Cooper, Robert",james.meyer@abcfoodmart.com,2022-05-02,ABC Foodmart - DUMBO,2024-10-28 00:00,2024-10-28 00:00,customer service,16.09
"Long, Kirsten","Moran, John",kirsten.long@abcfoodmart.com,2024-02-24,ABC Foodmart - DUMBO,2026-02-27 00:00,2026-02-27 00:00,cashier,19.59
"Thompson, Matthew","Williams, Gina",matthew.thompson@abcfoodmart.com,2022-04-22,ABC Foodmart - Staten Island,2023-10-12 00:00,2023-10-12 00:00,fresh produce,12.57
"Foster, Kenneth","Farrell, Christopher",kenneth.foster@abcfoodmart.com,2023-04-23,ABC Foodmart - Tribeca,2025-01-24 00:00,2025-01-24 00:00,dairy,12.84
"Perry, Andrea","Waller, Chad",andrea.perry@abcfoodmart.com,2023-05-05,ABC Foodmart - Staten Island,2025-02-14 00:00,2025-02-14 00:00,meats,15.64
"Hayes, Brandon","David, Mr.",brandon.hayes@abcfoodmart.com,2022-09-28,ABC Foodmart - Bay Ridge,2024-07-10 00:00,2024-07-10 00:00,customer service,13.73
"Sosa, David","Farrell, Christopher",david.sosa@abcfoodmart.com,2023-07-27,ABC Foodmart - Staten Island,2025-05-31 00:00,2025-05-31 00:00,deli,14.26
"Mckinney, Marcus","Flores, Angela",marcus.mckinney@abcfoodmart.com,2022-08-14,ABC Foodmart - Whitestone,2024-08-27 00:00,2024-08-27 00:00,cashier,16.90
"Spears, Erin","David, Mr.",erin.spears@abcfoodmart.com,2023-07-30,ABC Foodmart - Staten Island,2025-07-10 00:00,2025-07-10 00:00,floral,15.99
"Hull, Shane","Flores, Angela",shane.hull@abcfoodmart.com,2024-01-09,ABC Foodmart - Tribeca,2025-11-06 00:00,2025-11-06 00:00,bakery,16.13
"Golden, Laurie","Carter, Karen",laurie.golden@abcfoodmart.com,2023-12-23,ABC Foodmart - Whitestone,2025-03-10 00:00,2025-03-10 00:00,deli,13.59
"Waters, Julie","Flores, Angela",julie.waters@abcfoodmart.com,2023-05-20,ABC Foodmart - Staten Island,2025-02-14 00:00,2025-02-14 00:00,bakery,18.79
"Bradley, Rita","Moran, John",rita.bradley@abcfoodmart.com,2023-08-06,ABC Foodmart - Bay Ridge,2025-03-28 00:00,2025-03-28 00:00,cashier,16.92
"Brooks, Renee","Flores, Angela",renee.brooks@abcfoodmart.com,2023-07-15,ABC Foodmart - Staten Island,2025-03-27 00:00,2025-03-27 00:00,frozen foods,19.44
"Bryan, Mr.","Compton, Jeffrey",mr..bryan@abcfoodmart.com,2023-08-26,ABC Foodmart - Tribeca,2025-06-04 00:00,2025-06-04 00:00,pharmacy,15.76
"Jackson, Gary","Farrell, Christopher",gary.jackson@abcfoodmart.com,2022-09-08,ABC Foodmart - Bay Ridge,2024-02-02 00:00,2024-02-02 00:00,seafood,13.58
"Myers, Gary","Farrell, Christopher",gary.myers@abcfoodmart.com,2023-10-13,ABC Foodmart - Bay Ridge,2025-02-10 00:00,2025-02-10 00:00,cashier,16.85
"Bryan, Mr.","Carter, Karen",mr..bryan@abcfoodmart.com,2023-08-26,ABC Foodmart - Bay Ridge,2025-06-20 00:00,2025-06-20 00:00,dairy,17.95
"Carroll, Eric","Flores, Angela",eric.carroll@abcfoodmart.com,2022-12-26,ABC Foodmart - Staten Island,2025-02-27 00:00,2025-02-27 00:00,frozen foods,16.77
"Foster, Jennifer","Compton, Jeffrey",jennifer.foster@abcfoodmart.com,2023-06-15,ABC Foodmart - Staten Island,2025-04-22 00:00,2025-04-22 00:00,dairy,16.98
"Spears, Erin","Compton, Jeffrey",erin.spears@abcfoodmart.com,2023-07-30,ABC Foodmart - Bay Ridge,2025-07-22 00:00,2025-07-22 00:00,pharmacy,15.63
"Woods, Marcus","Flores, Angela",marcus.woods@abcfoodmart.com,2024-04-01,ABC Foodmart - Staten Island,2025-09-16 00:00,2025-09-16 00:00,bakery,14.83
"Owens, Jeffrey","Carter, Karen",jeffrey.owens@abcfoodmart.com,2022-05-03,ABC Foodmart - DUMBO,2023-09-20 00:00,2023-09-20 00:00,dairy,19.39
"Meyer, James","Cooper, Robert",james.meyer@abcfoodmart.com,2022-05-02,ABC Foodmart - Whitestone,2024-11-22 00:00,2024-11-22 00:00,fresh produce,12.22
"Campbell, Brittany","Hoffman, Tina",brittany.campbell@abcfoodmart.com,2023-03-25,ABC Foodmart - Whitestone,2025-01-14 00:00,2025-01-14 00:00,fresh produce,13.77
"Moyer, Steven","Cooper, Robert",steven.moyer@abcfoodmart.com,2022-12-26,ABC Foodmart - Bay Ridge,2023-12-03 00:00,2023-12-03 00:00,pharmacy,13.03
"Love, Thomas","Flores, Angela",thomas.love@abcfoodmart.com,2024-02-18,ABC Foodmart - DUMBO,2026-06-18 00:00,2026-06-18 00:00,floral,16.94
"Wilson, Jill","David, Mr.",jill.wilson@abcfoodmart.com,2022-12-06,ABC Foodmart - Bay Ridge,2024-09-22 00:00,2024-09-22 00:00,meats,12.74
"Horton, Mark","Cooper, Robert",mark.horton@abcfoodmart.com,2023-02-14,ABC Foodmart - Whitestone,2024-03-26 00:00,2024-03-26 00:00,frozen foods,17.22
"Davis, Jennifer","Hoffman, Tina",jennifer.davis@abcfoodmart.com,2023-11-03,ABC Foodmart - Whitestone,2025-11-05 00:00,2025-11-05 00:00,seafood,16.12
"Hernandez, Michael","Farrell, Christopher",michael.hernandez@abcfoodmart.com,2022-05-24,ABC Foodmart - DUMBO,2024-06-02 00:00,2024-06-02 00:00,dairy,12.49
"Garcia, Sarah","Compton, Jeffrey",sarah.garcia@abcfoodmart.com,2022-12-14,ABC Foodmart - Tribeca,2024-08-18 00:00,2024-08-18 00:00,cashier,17.26
"Golden, Laurie","Cooper, Robert",laurie.golden@abcfoodmart.com,2023-12-23,ABC Foodmart - Bay Ridge,2025-03-15 00:00,2025-03-15 00:00,dairy,18.59
"Waters, Julie","David, Mr.",julie.waters@abcfoodmart.com,2023-05-20,ABC Foodmart - Whitestone,2025-03-05 00:00,2025-03-05 00:00,customer service,18.90
"Owens, Jeffrey","Cooper, Robert",jeffrey.owens@abcfoodmart.com,2022-05-03,ABC Foodmart - Staten Island,2023-10-11 00:00,2023-10-11 00:00,frozen foods,19.56
"Terri, Mrs.","Ellis, Grant",mrs..terri@abcfoodmart.com,2022-09-23,ABC Foodmart - Tribeca,2024-07-30 00:00,2024-07-30 00:00,cashier,15.82
"Bryan, Mr.","Johnston, William",mr..bryan@abcfoodmart.com,2023-08-26,ABC Foodmart - Bay Ridge,2025-06-28 00:00,2025-06-28 00:00,dry goods,17.98
"Martin, Monica","Compton, Jeffrey",monica.martin@abcfoodmart.com,2023-11-23,ABC Foodmart - Tribeca,2026-04-20 00:00,2026-04-20 00:00,dry goods,18.88
"Henderson, Nancy","Carter, Karen",nancy.henderson@abcfoodmart.com,2023-12-30,ABC Foodmart - Tribeca,2025-02-12 00:00,2025-02-12 00:00,pharmacy,17.00
"Waters, Julie","Compton, Jeffrey",julie.waters@abcfoodmart.com,2023-05-20,ABC Foodmart - Whitestone,2025-03-10 00:00,2025-03-10 00:00,seafood,15.10
"Owens, Jeffrey","Hoffman, Tina",jeffrey.owens@abcfoodmart.com,2022-05-03,ABC Foodmart - Staten Island,2023-10-22 00:00,2023-10-22 00:00,customer service,16.92
"Walters, Jay","Moran, John",jay.walters@abcfoodmart.com,2023-12-17,ABC Foodmart - Tribeca,2026-05-31 00:00,2026-05-31 00:00,customer service,15.51
"Woods, Marcus","Waller, Chad",marcus.woods@abcfoodmart.com,2024-04-01,ABC Foodmart - DUMBO,2025-10-15 00:00,2025-10-15 00:00,seafood,15.33
"Walters, Jay","Compton, Jeffrey",jay.walters@abcfoodmart.com,2023-12-17,ABC Foodmart - Staten Island,2026-06-16 00:00,2026-06-16 00:00,dairy,19.99
"Wood, Joshua","Waller, Chad",joshua.wood@abcfoodmart.com,2022-11-26,ABC Foodmart - Bay Ridge,2025-01-16 00:00,2025-01-16 00:00,pharmacy,13.16
"Johnson, Samantha","Compton, Jeffrey",samantha.johnson@abcfoodmart.com,2023-01-16,ABC Foodmart - Whitestone,2025-03-06 00:00,2025-03-06 00:00,frozen foods,12.33
"Thompson, Andrea","Hoffman, Tina",andrea.thompson@abcfoodmart.com,2023-01-06,ABC Foodmart - Whitestone,2024-09-20 00:00,2024-09-20 00:00,bakery,16.07
"Johnson, Samantha","Cooper, Robert",samantha.johnson@abcfoodmart.com,2023-01-16,ABC Foodmart - Bay Ridge,2025-03-24 00:00,2025-03-24 00:00,cashier,12.57
"Bennett, Alec","Johnston, William",alec.bennett@abcfoodmart.com,2023-10-03,ABC Foodmart - Tribeca,2025-04-19 00:00,2025-04-19 00:00,deli,15.67
"Manning, Maria","Farrell, Christopher",maria.manning@abcfoodmart.com,2022-11-16,ABC Foodmart - Whitestone,2024-09-17 00:00,2024-09-17 00:00,fresh produce,12.45
"Golden, Laurie","Waller, Chad",laurie.golden@abcfoodmart.com,2023-12-23,ABC Foodmart - DUMBO,2025-04-09 00:00,2025-04-09 00:00,fresh produce,13.35
"Campbell, Brittany","Williams, Gina",brittany.campbell@abcfoodmart.com,2023-03-25,ABC Foodmart - Tribeca,2025-02-02 00:00,2025-02-02 00:00,customer service,12.74
"Davis, Jennifer","Waller, Chad",jennifer.davis@abcfoodmart.com,2023-11-03,ABC Foodmart - Whitestone,2025-11-22 00:00,2025-11-22 00:00,dry goods,19.26
"Woods, Marcus","Farrell, Christopher",marcus.woods@abcfoodmart.com,2024-04-01,ABC Foodmart - Whitestone,2025-11-11 00:00,2025-11-11 00:00,fresh produce,13.53
"Terri, Mrs.","Compton, Jeffrey",mrs..terri@abcfoodmart.com,2022-09-23,ABC Foodmart - Bay Ridge,2024-08-12 00:00,2024-08-12 00:00,pharmacy,14.49
"Campbell, Brittany","Williams, Gina",brittany.campbell@abcfoodmart.com,2023-03-25,ABC Foodmart - Tribeca,2025-02-11 00:00,2025-02-11 00:00,pharmacy,15.98
"Glover, Michelle","Johnston, William",michelle.glover@abcfoodmart.com,2022-08-25,ABC Foodmart - DUMBO,2024-10-21 00:00,2024-10-21 00:00,bakery,16.43
"Sosa, David","Moran, John",david.sosa@abcfoodmart.com,2023-07-27,ABC Foodmart - Tribeca,2025-06-13 00:00,2025-06-13 00:00,customer service,15.98
"Pena, Johnathan","Ellis, Grant",johnathan.pena@abcfoodmart.com,2023-02-22,ABC Foodmart - Staten Island,2024-11-23 00:00,2024-11-23 00:00,pharmacy,19.14
"Davis, Jennifer","Farrell, Christopher",jennifer.davis@abcfoodmart.com,2023-11-03,ABC Foodmart - Bay Ridge,2025-12-14 00:00,2025-12-14 00:00,meats,14.99
"Walters, Jay","Carter, Karen",jay.walters@abcfoodmart.com,2023-12-17,ABC Foodmart - Staten Island,2026-07-11 00:00,2026-07-11 00:00,fresh produce,16.71
"Golden, Laurie","Johnston, William",laurie.golden@abcfoodmart.com,2023-12-23,ABC Foodmart - Whitestone,2025-04-18 00:00,2025-04-18 00:00,meats,13.76
"Thomas, Robert","Cooper, Robert",robert.thomas@abcfoodmart.com,2022-05-18,ABC Foodmart - DUMBO,2024-07-31 00:00,2024-07-31 00:00,seafood,16.46
"Herrera, Spencer","Waller, Chad",spencer.herrera@abcfoodmart.com,2023-01-16,ABC Foodmart - Bay Ridge,2024-06-05 00:00,2024-06-05 00:00,frozen foods,15.04
"Shah, Amanda","David, Mr.",amanda.shah@abcfoodmart.com,2023-10-07,ABC Foodmart - Staten Island,2025-08-27 00:00,2025-08-27 00:00,dairy,19.04
"Alvarez, Brenda","Waller, Chad",brenda.alvarez@abcfoodmart.com,2023-11-16,ABC Foodmart - Whitestone,2025-10-01 00:00,2025-10-01 00:00,cashier,18.44
"Werner, Kara","Ellis, Grant",kara.werner@abcfoodmart.com,2023-10-12,ABC Foodmart - Bay Ridge,2025-10-15 00:00,2025-10-15 00:00,pharmacy,19.13
"Williams, Michael","Carter, Karen",michael.williams@abcfoodmart.com,2023-06-11,ABC Foodmart - Tribeca,2024-12-13 00:00,2024-12-13 00:00,dry goods,17.34
"Glover, Michelle","Flores, Angela",michelle.glover@abcfoodmart.com,2022-08-25,ABC Foodmart - Staten Island,2024-10-22 00:00,2024-10-22 00:00,dry goods,18.82
"Jackson, Michael","Compton, Jeffrey",michael.jackson@abcfoodmart.com,2022-10-31,ABC Foodmart - Tribeca,2024-06-11 00:00,2024-06-11 00:00,customer service,13.21
"Colon, Lindsey","Moran, John",lindsey.colon@abcfoodmart.com,2023-02-16,ABC Foodmart - Tribeca,2025-04-07 00:00,2025-04-07 00:00,floral,13.95
"White, Kenneth","David, Mr.",kenneth.white@abcfoodmart.com,2023-01-22,ABC Foodmart - Whitestone,2025-04-22 00:00,2025-04-22 00:00,deli,13.98
"Smith, Brandy","Hoffman, Tina",brandy.smith@abcfoodmart.com,2023-12-26,ABC Foodmart - Bay Ridge,2026-01-19 00:00,2026-01-19 00:00,floral,13.06
"Alvarez, Brenda","Flores, Angela",brenda.alvarez@abcfoodmart.com,2023-11-16,ABC Foodmart - Whitestone,2025-10-16 00:00,2025-10-16 00:00,meats,17.86
"Horton, Mark","Hoffman, Tina",mark.horton@abcfoodmart.com,2023-02-14,ABC Foodmart - Whitestone,2024-03-31 00:00,2024-03-31 00:00,seafood,16.04
"Wilson, Jill","Farrell, Christopher",jill.wilson@abcfoodmart.com,2022-12-06,ABC Foodmart - Whitestone,2024-10-13 00:00,2024-10-13 00:00,customer service,19.63
"Day, Natasha","Waller, Chad",natasha.day@abcfoodmart.com,2023-08-02,ABC Foodmart - DUMBO,2025-03-08 00:00,2025-03-08 00:00,cashier,19.87
"Foster, Kenneth","Cooper, Robert",kenneth.foster@abcfoodmart.com,2023-04-23,ABC Foodmart - Tribeca,2025-02-14 00:00,2025-02-14 00:00,dairy,16.23
"Jordan, Carla","Ellis, Grant",carla.jordan@abcfoodmart.com,2023-12-17,ABC Foodmart - Whitestone,2025-05-04 00:00,2025-05-04 00:00,floral,14.18
"Blanchard, Ricky","Cooper, Robert",ricky.blanchard@abcfoodmart.com,2023-05-23,ABC Foodmart - DUMBO,2025-01-24 00:00,2025-01-24 00:00,floral,17.15
"Woods, Marcus","David, Mr.",marcus.woods@abcfoodmart.com,2024-04-01,ABC Foodmart - Tribeca,2025-12-05 00:00,2025-12-05 00:00,dry goods,19.90
"Shah, Amanda","David, Mr.",amanda.shah@abcfoodmart.com,2023-10-07,ABC Foodmart - Bay Ridge,2025-09-02 00:00,2025-09-02 00:00,dairy,16.52
"Eric, Mr.","Compton, Jeffrey",mr..eric@abcfoodmart.com,2022-09-02,ABC Foodmart - Bay Ridge,2023-12-17 00:00,2023-12-17 00:00,customer service,15.96
"Jones, Michael","Waller, Chad",michael.jones@abcfoodmart.com,2023-01-19,ABC Foodmart - Bay Ridge,2024-04-20 00:00,2024-04-20 00:00,deli,19.33
"Brown, Lisa","David, Mr.",lisa.brown@abcfoodmart.com,2022-08-18,ABC Foodmart - Bay Ridge,2024-01-22 00:00,2024-01-22 00:00,fresh produce,17.46
"Jessica, Ms.","Williams, Gina",ms..jessica@abcfoodmart.com,2022-06-10,ABC Foodmart - Bay Ridge,2024-05-18 00:00,2024-05-18 00:00,dairy,13.94
"Wood, Joshua","Johnston, William",joshua.wood@abcfoodmart.com,2022-11-26,ABC Foodmart - Whitestone,2025-02-08 00:00,2025-02-08 00:00,seafood,12.72
"Henderson, Nancy","Williams, Gina",nancy.henderson@abcfoodmart.com,2023-12-30,ABC Foodmart - Bay Ridge,2025-03-04 00:00,2025-03-04 00:00,frozen foods,16.54
"Long, Kirsten","Flores, Angela",kirsten.long@abcfoodmart.com,2024-02-24,ABC Foodmart - DUMBO,2026-03-25 00:00,2026-03-25 00:00,dairy,18.85
"Nguyen, Richard","Johnston, William",richard.nguyen@abcfoodmart.com,2022-09-27,ABC Foodmart - Tribeca,2024-08-09 00:00,2024-08-09 00:00,fresh produce,13.52
"Martin, Monica","Cooper, Robert",monica.martin@abcfoodmart.com,2023-11-23,ABC Foodmart - DUMBO,2026-05-11 00:00,2026-05-11 00:00,bakery,19.00
"Dodson, Courtney","Carter, Karen",courtney.dodson@abcfoodmart.com,2023-01-10,ABC Foodmart - Staten Island,2024-11-06 00:00,2024-11-06 00:00,floral,13.31
"Jackson, Michael","Cooper, Robert",michael.jackson@abcfoodmart.com,2022-10-31,ABC Foodmart - DUMBO,2024-06-24 00:00,2024-06-24 00:00,dry goods,18.08
"Durham, Denise","Flores, Angela",denise.durham@abcfoodmart.com,2022-10-24,ABC Foodmart - Whitestone,2024-05-26 00:00,2024-05-26 00:00,dairy,18.71
"Glover, Michelle","Williams, Gina",michelle.glover@abcfoodmart.com,2022-08-25,ABC Foodmart - DUMBO,2024-11-06 00:00,2024-11-06 00:00,dairy,19.20
"Dodson, Courtney","Hoffman, Tina",courtney.dodson@abcfoodmart.com,2023-01-10,ABC Foodmart - DUMBO,2024-12-03 00:00,2024-12-03 00:00,deli,17.91
"Walls, Kristen","Moran, John",kristen.walls@abcfoodmart.com,2023-02-10,ABC Foodmart - DUMBO,2024-08-27 00:00,2024-08-27 00:00,pharmacy,13.43
"Long, Kirsten","Waller, Chad",kirsten.long@abcfoodmart.com,2024-02-24,ABC Foodmart - Staten Island,2026-04-09 00:00,2026-04-09 00:00,fresh produce,18.09
"Pena, Johnathan","David, Mr.",johnathan.pena@abcfoodmart.com,2023-02-22,ABC Foodmart - Bay Ridge,2024-12-09 00:00,2024-12-09 00:00,dairy,19.66
"Sean, Mr.","Hoffman, Tina",mr..sean@abcfoodmart.com,2023-03-25,ABC Foodmart - Staten Island,2024-12-26 00:00,2024-12-26 00:00,deli,12.53
"Wood, Joshua","Carter, Karen",joshua.wood@abcfoodmart.com,2022-11-26,ABC Foodmart - Whitestone,2025-03-05 00:00,2025-03-05 00:00,pharmacy,18.23
"Mckenzie, William","Carter, Karen",william.mckenzie@abcfoodmart.com,2023-01-04,ABC Foodmart - Tribeca,2024-10-19 00:00,2024-10-19 00:00,dairy,16.73
"Pena, Johnathan","Farrell, Christopher",johnathan.pena@abcfoodmart.com,2023-02-22,ABC Foodmart - Whitestone,2024-12-17 00:00,2024-12-17 00:00,dry goods,15.03
"Brooks, Renee","Johnston, William",renee.brooks@abcfoodmart.com,2023-07-15,ABC Foodmart - Whitestone,2025-04-15 00:00,2025-04-15 00:00,frozen foods,17.84
"Torres, Steven","Hoffman, Tina",steven.torres@abcfoodmart.com,2023-05-10,ABC Foodmart - Bay Ridge,2025-03-27 00:00,2025-03-27 00:00,fresh produce,15.68
"Jones, Christopher","Farrell, Christopher",christopher.jones@abcfoodmart.com,2022-05-19,ABC Foodmart - Bay Ridge,2024-05-14 00:00,2024-05-14 00:00,seafood,14.33
"Love, Thomas","Moran, John",thomas.love@abcfoodmart.com,2024-02-18,ABC Foodmart - Tribeca,2026-06-26 00:00,2026-06-26 00:00,dairy,17.62
"Atkinson, Gary","Flores, Angela",gary.atkinson@abcfoodmart.com,2022-05-24,ABC Foodmart - Bay Ridge,2024-04-11 00:00,2024-04-11 00:00,seafood,14.97
"Jordan, Carla","Ellis, Grant",carla.jordan@abcfoodmart.com,2023-12-17,ABC Foodmart - Staten Island,2025-05-10 00:00,2025-05-10 00:00,bakery,16.43
"Roach, Christine","Johnston, William",christine.roach@abcfoodmart.com,2023-10-15,ABC Foodmart - Staten Island,2025-09-19 00:00,2025-09-19 00:00,fresh produce,12.03
"Payne, Samantha","David, Mr.",samantha.payne@abcfoodmart.com,2024-04-06,ABC Foodmart - Bay Ridge,2026-01-02 00:00,2026-01-02 00:00,deli,17.64
"Moyer, Steven","Carter, Karen",steven.moyer@abcfoodmart.com,2022-12-26,ABC Foodmart - Tribeca,2023-12-23 00:00,2023-12-23 00:00,cashier,19.23
"Sosa, David","Waller, Chad",david.sosa@abcfoodmart.com,2023-07-27,ABC Foodmart - Staten Island,2025-06-20 00:00,2025-06-20 00:00,meats,14.77
"Shah, Amanda","Johnston, William",amanda.shah@abcfoodmart.com,2023-10-07,ABC Foodmart - DUMBO,2025-09-18 00:00,2025-09-18 00:00,deli,18.56
"Wood, Joshua","Moran, John",joshua.wood@abcfoodmart.com,2022-11-26,ABC Foodmart - Whitestone,2025-03-15 00:00,2025-03-15 00:00,pharmacy,17.94
"Woods, Marcus","Williams, Gina",marcus.woods@abcfoodmart.com,2024-04-01,ABC Foodmart - DUMBO,2025-12-30 00:00,2025-12-30 00:00,dairy,15.44
"Hughes, Christopher","Cooper, Robert",christopher.hughes@abcfoodmart.com,2022-09-01,ABC Foodmart - Tribeca,2024-07-20 00:00,2024-07-20 00:00,deli,15.42
"Nichols, Brandon","Compton, Jeffrey",brandon.nichols@abcfoodmart.com,2024-02-28,ABC Foodmart - Tribeca,2026-01-18 00:00,2026-01-18 00:00,customer service,18.35
"Chen, Kathleen","Farrell, Christopher",kathleen.chen@abcfoodmart.com,2024-02-03,ABC Foodmart - Whitestone,2025-07-25 00:00,2025-07-25 00:00,dairy,16.60
"Hughes, Christopher","Waller, Chad",christopher.hughes@abcfoodmart.com,2022-09-01,ABC Foodmart - Tribeca,2024-08-18 00:00,2024-08-18 00:00,frozen foods,17.47
"Spears, Erin","Cooper, Robert",erin.spears@abcfoodmart.com,2023-07-30,ABC Foodmart - Staten Island,2025-07-23 00:00,2025-07-23 00:00,deli,17.44
"Thompson, Andrea","Moran, John",andrea.thompson@abcfoodmart.com,2023-01-06,ABC Foodmart - DUMBO,2024-10-16 00:00,2024-10-16 00:00,fresh produce,19.80
"Colon, Lindsey","Johnston, William",lindsey.colon@abcfoodmart.com,2023-02-16,ABC Foodmart - Tribeca,2025-05-01 00:00,2025-05-01 00:00,cashier,14.99
"Riley, Ashley","Hoffman, Tina",ashley.riley@abcfoodmart.com,2022-08-17,ABC Foodmart - Whitestone,2024-11-03 00:00,2024-11-03 00:00,seafood,16.67
"Terri, Mrs.","Flores, Angela",mrs..terri@abcfoodmart.com,2022-09-23,ABC Foodmart - DUMBO,2024-08-18 00:00,2024-08-18 00:00,dairy,19.16
"Pena, Johnathan","Farrell, Christopher",johnathan.pena@abcfoodmart.com,2023-02-22,ABC Foodmart - Bay Ridge,2025-01-10 00:00,2025-01-10 00:00,seafood,15.84
"Pena, Johnathan","Williams, Gina",johnathan.pena@abcfoodmart.com,2023-02-22,ABC Foodmart - Bay Ridge,2025-01-14 00:00,2025-01-14 00:00,floral,15.06
"Myers, Gary","Flores, Angela",gary.myers@abcfoodmart.com,2023-10-13,ABC Foodmart - Tribeca,2025-03-07 00:00,2025-03-07 00:00,floral,16.10
"Davis, Jennifer","Carter, Karen",jennifer.davis@abcfoodmart.com,2023-11-03,ABC Foodmart - Staten Island,2025-12-29 00:00,2025-12-29 00:00,deli,14.55
"Bennett, Alec","Johnston, William",alec.bennett@abcfoodmart.com,2023-10-03,ABC Foodmart - Bay Ridge,2025-05-13 00:00,2025-05-13 00:00,meats,14.58
"Church, Joshua","Williams, Gina",joshua.church@abcfoodmart.com,2024-03-03,ABC Foodmart - Tribeca,2026-02-23 00:00,2026-02-23 00:00,bakery,16.00
"Mckinney, Marcus","Cooper, Robert",marcus.mckinney@abcfoodmart.com,2022-08-14,ABC Foodmart - Bay Ridge,2024-09-20 00:00,2024-09-20 00:00,cashier,16.92
"Wells, Monica","Compton, Jeffrey",monica.wells@abcfoodmart.com,2024-03-12,ABC Foodmart - Tribeca,2025-12-09 00:00,2025-12-09 00:00,floral,18.87
"Jones, Christopher","Compton, Jeffrey",christopher.jones@abcfoodmart.com,2022-05-19,ABC Foodmart - Whitestone,2024-05-30 00:00,2024-05-30 00:00,pharmacy,16.91
"Smith, Brandy","Johnston, William",brandy.smith@abcfoodmart.com,2023-12-26,ABC Foodmart - Tribeca,2026-02-16 00:00,2026-02-16 00:00,pharmacy,19.08
"Meyer, James","Farrell, Christopher",james.meyer@abcfoodmart.com,2022-05-02,ABC Foodmart - Tribeca,2024-11-30 00:00,2024-11-30 00:00,dairy,18.64
"Manning, Maria","Cooper, Robert",maria.manning@abcfoodmart.com,2022-11-16,ABC Foodmart - Whitestone,2024-10-02 00:00,2024-10-02 00:00,fresh produce,14.46
"Jones, Evelyn","Flores, Angela",evelyn.jones@abcfoodmart.com,2024-02-25,ABC Foodmart - DUMBO,2025-12-28 00:00,2025-12-28 00:00,floral,19.15
"Church, Joshua","David, Mr.",joshua.church@abcfoodmart.com,2024-03-03,ABC Foodmart - Tribeca,2026-02-26 00:00,2026-02-26 00:00,customer service,18.46
"Smith, Brandy","Cooper, Robert",brandy.smith@abcfoodmart.com,2023-12-26,ABC Foodmart - DUMBO,2026-02-28 00:00,2026-02-28 00:00,customer service,17.17
"Johnson, Samantha","Cooper, Robert",samantha.johnson@abcfoodmart.com,2023-01-16,ABC Foodmart - DUMBO,2025-04-09 00:00,2025-04-09 00:00,deli,17.18
"Roach, Christine","Ellis, Grant",christine.roach@abcfoodmart.com,2023-10-15,ABC Foodmart - Tribeca,2025-10-03 00:00,2025-10-03 00:00,seafood,15.31
"Gonzalez, Michele","Hoffman, Tina",michele.gonzalez@abcfoodmart.com,2023-09-23,ABC Foodmart - Whitestone,2025-03-17 00:00,2025-03-17 00:00,cashier,17.24
"Herrera, Spencer","Carter, Karen",spencer.herrera@abcfoodmart.com,2023-01-16,ABC Foodmart - Whitestone,2024-06-17 00:00,2024-06-17 00:00,fresh produce,17.25
"Nichols, Mitchell","Johnston, William",mitchell.nichols@abcfoodmart.com,2022-09-30,ABC Foodmart - Bay Ridge,2024-02-05 00:00,2024-02-05 00:00,customer service,14.12
"Thompson, Andrea","Carter, Karen",andrea.thompson@abcfoodmart.com,2023-01-06,ABC Foodmart - Whitestone,2024-10-18 00:00,2024-10-18 00:00,cashier,14.42
"Pena, Johnathan","Farrell, Christopher",johnathan.pena@abcfoodmart.com,2023-02-22,ABC Foodmart - DUMBO,2025-01-22 00:00,2025-01-22 00:00,dry goods,14.66
"Moyer, Steven","Farrell, Christopher",steven.moyer@abcfoodmart.com,2022-12-26,ABC Foodmart - Staten Island,2024-01-03 00:00,2024-01-03 00:00,bakery,15.86
"Terri, Mrs.","Ellis, Grant",mrs..terri@abcfoodmart.com,2022-09-23,ABC Foodmart - Bay Ridge,2024-08-29 00:00,2024-08-29 00:00,seafood,15.29
"Glover, Michelle","Hoffman, Tina",michelle.glover@abcfoodmart.com,2022-08-25,ABC Foodmart - DUMBO,2024-12-02 00:00,2024-12-02 00:00,bakery,12.33
"Wood, Joshua","Hoffman, Tina",joshua.wood@abcfoodmart.com,2022-11-26,ABC Foodmart - Bay Ridge,2025-04-13 00:00,2025-04-13 00:00,bakery,14.14
"Sean, Mr.","Johnston, William",mr..sean@abcfoodmart.com,2023-03-25,ABC Foodmart - Staten Island,2025-01-23 00:00,2025-01-23 00:00,deli,14.74
"Brown, Lisa","Williams, Gina",lisa.brown@abcfoodmart.com,2022-08-18,ABC Foodmart - Tribeca,2024-01-25 00:00,2024-01-25 00:00,deli,17.13
"Moyer, Steven","Compton, Jeffrey",steven.moyer@abcfoodmart.com,2022-12-26,ABC Foodmart - Whitestone,2024-01-26 00:00,2024-01-26 00:00,floral,14.12
"Durham, Denise","Flores, Angela",denise.durham@abcfoodmart.com,2022-10-24,ABC Foodmart - Tribeca,2024-06-24 00:00,2024-06-24 00:00,dairy,16.91
"Myers, Gary","Carter, Karen",gary.myers@abcfoodmart.com,2023-10-13,ABC Foodmart - Bay Ridge,2025-03-23 00:00,2025-03-23 00:00,floral,15.58
"Smith, Brandy","Moran, John",brandy.smith@abcfoodmart.com,2023-12-26,ABC Foodmart - Tribeca,2026-03-26 00:00,2026-03-26 00:00,meats,12.85
"Horton, Mark","Williams, Gina",mark.horton@abcfoodmart.com,2023-02-14,ABC Foodmart - Tribeca,2024-04-04 00:00,2024-04-04 00:00,meats,18.20
"Gross, Andrew","Waller, Chad",andrew.gross@abcfoodmart.com,2022-04-30,ABC Foodmart - Whitestone,2023-09-10 00:00,2023-09-10 00:00,cashier,16.68
"Horton, Ashley","Ellis, Grant",ashley.horton@abcfoodmart.com,2024-01-24,ABC Foodmart - Tribeca,2025-12-26 00:00,2025-12-26 00:00,pharmacy,12.13
"Smith, Diana","Moran, John",diana.smith@abcfoodmart.com,2023-05-31,ABC Foodmart - DUMBO,2025-02-14 00:00,2025-02-14 00:00,dairy,15.97
"Campbell, Brittany","Williams, Gina",brittany.campbell@abcfoodmart.com,2023-03-25,ABC Foodmart - Staten Island,2025-02-27 00:00,2025-02-27 00:00,frozen foods,16.97
"Woods, Marcus","Hoffman, Tina",marcus.woods@abcfoodmart.com,2024-04-01,ABC Foodmart - Tribeca,2026-01-25 00:00,2026-01-25 00:00,dairy,12.76
"Dodson, Courtney","Carter, Karen",courtney.dodson@abcfoodmart.com,2023-01-10,ABC Foodmart - Staten Island,2024-12-15 00:00,2024-12-15 00:00,dry goods,14.88
"Glover, Michelle","Compton, Jeffrey",michelle.glover@abcfoodmart.com,2022-08-25,ABC Foodmart - Bay Ridge,2024-12-19 00:00,2024-12-19 00:00,customer service,17.52
"Kramer, Veronica","Farrell, Christopher",veronica.kramer@abcfoodmart.com,2023-03-28,ABC Foodmart - DUMBO,2025-02-24 00:00,2025-02-24 00:00,cashier,18.57
"Nichols, Mitchell","Moran, John",mitchell.nichols@abcfoodmart.com,2022-09-30,ABC Foodmart - Tribeca,2024-02-15 00:00,2024-02-15 00:00,frozen foods,12.35
"Torres, Steven","Williams, Gina",steven.torres@abcfoodmart.com,2023-05-10,ABC Foodmart - Bay Ridge,2025-04-15 00:00,2025-04-15 00:00,dairy,16.67
"Harrell, Angie","Williams, Gina",angie.harrell@abcfoodmart.com,2023-06-01,ABC Foodmart - Staten Island,2025-05-01 00:00,2025-05-01 00:00,fresh produce,13.61
"Nichols, Mitchell","Moran, John",mitchell.nichols@abcfoodmart.com,2022-09-30,ABC Foodmart - DUMBO,2024-02-19 00:00,2024-02-19 00:00,dairy,15.06
"Jones, Michael","Waller, Chad",michael.jones@abcfoodmart.com,2023-01-19,ABC Foodmart - Staten Island,2024-04-21 00:00,2024-04-21 00:00,bakery,19.85
"Moore, Jason","Farrell, Christopher",jason.moore@abcfoodmart.com,2023-07-11,ABC Foodmart - Whitestone,2025-05-28 00:00,2025-05-28 00:00,dairy,17.95
"Thompson, Matthew","Compton, Jeffrey",matthew.thompson@abcfoodmart.com,2022-04-22,ABC Foodmart - Tribeca,2023-11-08 00:00,2023-11-08 00:00,dry goods,12.07
"Myers, Gary","Cooper, Robert",gary.myers@abcfoodmart.com,2023-10-13,ABC Foodmart - DUMBO,2025-04-19 00:00,2025-04-19 00:00,pharmacy,13.37
"Carroll, Eric","Johnston, William",eric.carroll@abcfoodmart.com,2022-12-26,ABC Foodmart - DUMBO,2025-03-15 00:00,2025-03-15 00:00,floral,15.79
"Jackson, Gary","Flores, Angela",gary.jackson@abcfoodmart.com,2022-09-08,ABC Foodmart - Whitestone,2024-02-24 00:00,2024-02-24 00:00,floral,14.15
"Day, Natasha","Williams, Gina",natasha.day@abcfoodmart.com,2023-08-02,ABC Foodmart - Tribeca,2025-03-25 00:00,2025-03-25 00:00,meats,19.13
"Thompson, Andrea","Carter, Karen",andrea.thompson@abcfoodmart.com,2023-01-06,ABC Foodmart - Tribeca,2024-10-21 00:00,2024-10-21 00:00,pharmacy,17.80
"Chen, Kathleen","David, Mr.",kathleen.chen@abcfoodmart.com,2024-02-03,ABC Foodmart - Whitestone,2025-08-09 00:00,2025-08-09 00:00,bakery,17.99
"Brown, Lisa","Compton, Jeffrey",lisa.brown@abcfoodmart.com,2022-08-18,ABC Foodmart - Tribeca,2024-02-09 00:00,2024-02-09 00:00,pharmacy,17.69
"Bradley, Rita","Johnston, William",rita.bradley@abcfoodmart.com,2023-08-06,ABC Foodmart - Bay Ridge,2025-04-12 00:00,2025-04-12 00:00,meats,13.03
"Campbell, Bethany","Compton, Jeffrey",bethany.campbell@abcfoodmart.com,2023-10-07,ABC Foodmart - Tribeca,2025-03-04 00:00,2025-03-04 00:00,deli,19.62
"Shah, Amanda","Cooper, Robert",amanda.shah@abcfoodmart.com,2023-10-07,ABC Foodmart - Staten Island,2025-10-08 00:00,2025-10-08 00:00,fresh produce,16.69
"Meyer, James","Waller, Chad",james.meyer@abcfoodmart.com,2022-05-02,ABC Foodmart - Staten Island,2024-12-21 00:00,2024-12-21 00:00,seafood,14.08
"Atkinson, Gary","Flores, Angela",gary.atkinson@abcfoodmart.com,2022-05-24,ABC Foodmart - Staten Island,2024-04-27 00:00,2024-04-27 00:00,customer service,14.02
"Jackson, Gary","Compton, Jeffrey",gary.jackson@abcfoodmart.com,2022-09-08,ABC Foodmart - Bay Ridge,2024-03-08 00:00,2024-03-08 00:00,floral,16.45
"Galvan, Lori","David, Mr.",lori.galvan@abcfoodmart.com,2022-05-24,ABC Foodmart - Whitestone,2023-11-03 00:00,2023-11-03 00:00,meats,17.33
"Durham, Denise","Hoffman, Tina",denise.durham@abcfoodmart.com,2022-10-24,ABC Foodmart - Whitestone,2024-07-23 00:00,2024-07-23 00:00,deli,19.59
"Campbell, Bethany","Carter, Karen",bethany.campbell@abcfoodmart.com,2023-10-07,ABC Foodmart - Whitestone,2025-03-10 00:00,2025-03-10 00:00,dry goods,19.77
"Glover, Michelle","Waller, Chad",michelle.glover@abcfoodmart.com,2022-08-25,ABC Foodmart - Tribeca,2025-01-11 00:00,2025-01-11 00:00,dairy,15.05
"Smith, Brandy","Hoffman, Tina",brandy.smith@abcfoodmart.com,2023-12-26,ABC Foodmart - Staten Island,2026-04-13 00:00,2026-04-13 00:00,dry goods,12.90
"Walters, Jay","Johnston, William",jay.walters@abcfoodmart.com,2023-12-17,ABC Foodmart - Tribeca,2026-07-20 00:00,2026-07-20 00:00,cashier,17.59
"Mckinney, Marcus","Johnston, William",marcus.mckinney@abcfoodmart.com,2022-08-14,ABC Foodmart - Staten Island,2024-10-13 00:00,2024-10-13 00:00,customer service,17.75
"Marquez, Jeffrey","Compton, Jeffrey",jeffrey.marquez@abcfoodmart.com,2023-02-19,ABC Foodmart - Whitestone,2024-12-17 00:00,2024-12-17 00:00,floral,12.44
"Brown, Lisa","Ellis, Grant",lisa.brown@abcfoodmart.com,2022-08-18,ABC Foodmart - DUMBO,2024-03-08 00:00,2024-03-08 00:00,pharmacy,17.38
"Horton, Mark","David, Mr.",mark.horton@abcfoodmart.com,2023-02-14,ABC Foodmart - DUMBO,2024-04-10 00:00,2024-04-10 00:00,floral,15.91
"Campbell, Bethany","Moran, John",bethany.campbell@abcfoodmart.com,2023-10-07,ABC Foodmart - Bay Ridge,2025-04-08 00:00,2025-04-08 00:00,floral,17.66
"Johnson, Samantha","David, Mr.",samantha.johnson@abcfoodmart.com,2023-01-16,ABC Foodmart - Tribeca,2025-05-03 00:00,2025-05-03 00:00,customer service,17.89
"Smith, Diana","Hoffman, Tina",diana.smith@abcfoodmart.com,2023-05-31,ABC Foodmart - Staten Island,2025-02-21 00:00,2025-02-21 00:00,dry goods,18.60
"Atkinson, Gary","Compton, Jeffrey",gary.atkinson@abcfoodmart.com,2022-05-24,ABC Foodmart - Staten Island,2024-05-07 00:00,2024-05-07 00:00,frozen foods,14.32
"Herrera, Spencer","Ellis, Grant",spencer.herrera@abcfoodmart.com,2023-01-16,ABC Foodmart - Tribeca,2024-06-30 00:00,2024-06-30 00:00,meats,15.87
"Randolph, Emily","Moran, John",emily.randolph@abcfoodmart.com,2023-03-09,ABC Foodmart - Bay Ridge,2024-10-26 00:00,2024-10-26 00:00,seafood,15.65
"Bryan, Mr.","Johnston, William",mr..bryan@abcfoodmart.com,2023-08-26,ABC Foodmart - Bay Ridge,2025-07-18 00:00,2025-07-18 00:00,customer service,12.14
"Kerr, Jason","Farrell, Christopher",jason.kerr@abcfoodmart.com,2022-11-21,ABC Foodmart - Staten Island,2024-08-07 00:00,2024-08-07 00:00,customer service,17.88
"Nichols, Brandon","Farrell, Christopher",brandon.nichols@abcfoodmart.com,2024-02-28,ABC Foodmart - Staten Island,2026-01-21 00:00,2026-01-21 00:00,fresh produce,15.31
"Pena, Johnathan","Ellis, Grant",johnathan.pena@abcfoodmart.com,2023-02-22,ABC Foodmart - DUMBO,2025-01-27 00:00,2025-01-27 00:00,floral,17.98
"Pena, Johnathan","Hoffman, Tina",johnathan.pena@abcfoodmart.com,2023-02-22,ABC Foodmart - Bay Ridge,2025-02-17 00:00,2025-02-17 00:00,dairy,15.84
"Jones, Evelyn","Hoffman, Tina",evelyn.jones@abcfoodmart.com,2024-02-25,ABC Foodmart - Whitestone,2026-01-02 00:00,2026-01-02 00:00,meats,14.92
"Jackson, Gary","Cooper, Robert",gary.jackson@abcfoodmart.com,2022-09-08,ABC Foodmart - Whitestone,2024-03-29 00:00,2024-03-29 00:00,pharmacy,12.73
"Randolph, Emily","Johnston, William",emily.randolph@abcfoodmart.com,2023-03-09,ABC Foodmart - Bay Ridge,2024-11-04 00:00,2024-11-04 00:00,dairy,13.36
"Terri, Mrs.","Waller, Chad",mrs..terri@abcfoodmart.com,2022-09-23,ABC Foodmart - DUMBO,2024-09-04 00:00,2024-09-04 00:00,dry goods,15.70
"Vasquez, Peter","Carter, Karen",peter.vasquez@abcfoodmart.com,2023-01-05,ABC Foodmart - Tribeca,2024-08-16 00:00,2024-08-16 00:00,pharmacy,15.56
"Church, Joshua","Williams, Gina",joshua.church@abcfoodmart.com,2024-03-03,ABC Foodmart - DUMBO,2026-03-05 00:00,2026-03-05 00:00,pharmacy,13.35
"Payne, Samantha","Johnston, William",samantha.payne@abcfoodmart.com,2024-04-06,ABC Foodmart - DUMBO,2026-01-07 00:00,2026-01-07 00:00,pharmacy,14.01
"Atkinson, Gary","Compton, Jeffrey",gary.atkinson@abcfoodmart.com,2022-05-24,ABC Foodmart - Staten Island,2024-06-03 00:00,2024-06-03 00:00,meats,13.17
"Brooks, Renee","Hoffman, Tina",renee.brooks@abcfoodmart.com,2023-07-15,ABC Foodmart - Staten Island,2025-05-09 00:00,2025-05-09 00:00,dairy,13.45
"Jordan, Carla","David, Mr.",carla.jordan@abcfoodmart.com,2023-12-17,ABC Foodmart - Tribeca,2025-05-12 00:00,2025-05-12 00:00,fresh produce,13.28
"Spears, Erin","Johnston, William",erin.spears@abcfoodmart.com,2023-07-30,ABC Foodmart - Bay Ridge,2025-08-01 00:00,2025-08-01 00:00,bakery,18.41
"Long, Kirsten","Compton, Jeffrey",kirsten.long@abcfoodmart.com,2024-02-24,ABC Foodmart - Bay Ridge,2026-04-11 00:00,2026-04-11 00:00,floral,14.58
"Brown, Lisa","Moran, John",lisa.brown@abcfoodmart.com,2022-08-18,ABC Foodmart - Bay Ridge,2024-03-20 00:00,2024-03-20 00:00,dry goods,12.26
"Owens, Jeffrey","Williams, Gina",jeffrey.owens@abcfoodmart.com,2022-05-03,ABC Foodmart - DUMBO,2023-10-29 00:00,2023-10-29 00:00,dairy,14.01
"Tate, Harry","Carter, Karen",harry.tate@abcfoodmart.com,2022-09-18,ABC Foodmart - Whitestone,2024-06-21 00:00,2024-06-21 00:00,dairy,19.13
"Thompson, Matthew","Johnston, William",matthew.thompson@abcfoodmart.com,2022-04-22,ABC Foodmart - Whitestone,2023-11-18 00:00,2023-11-18 00:00,bakery,18.10
"White, Kenneth","Flores, Angela",kenneth.white@abcfoodmart.com,2023-01-22,ABC Foodmart - DUMBO,2025-04-27 00:00,2025-04-27 00:00,floral,16.50
"Hughes, Christopher","Moran, John",christopher.hughes@abcfoodmart.com,2022-09-01,ABC Foodmart - DUMBO,2024-09-05 00:00,2024-09-05 00:00,fresh produce,16.06
"Nguyen, Richard","Ellis, Grant",richard.nguyen@abcfoodmart.com,2022-09-27,ABC Foodmart - DUMBO,2024-08-14 00:00,2024-08-14 00:00,fresh produce,15.99
"Waters, Julie","David, Mr.",julie.waters@abcfoodmart.com,2023-05-20,ABC Foodmart - DUMBO,2025-03-16 00:00,2025-03-16 00:00,bakery,13.73
"Horton, Ashley","Compton, Jeffrey",ashley.horton@abcfoodmart.com,2024-01-24,ABC Foodmart - Bay Ridge,2026-01-12 00:00,2026-01-12 00:00,deli,12.28
"Payne, Samantha","Compton, Jeffrey",samantha.payne@abcfoodmart.com,2024-04-06,ABC Foodmart - Bay Ridge,2026-01-16 00:00,2026-01-16 00:00,fresh produce,13.11
"Shah, Amanda","Ellis, Grant",amanda.shah@abcfoodmart.com,2023-10-07,ABC Foodmart - Tribeca,2025-10-28 00:00,2025-10-28 00:00,dairy,13.80
"Horton, Ashley","Williams, Gina",ashley.horton@abcfoodmart.com,2024-01-24,ABC Foodmart - DUMBO,2026-01-26 00:00,2026-01-26 00:00,deli,14.80
"Myers, Gary","Flores, Angela",gary.myers@abcfoodmart.com,2023-10-13,ABC Foodmart - Bay Ridge,2025-05-13 00:00,2025-05-13 00:00,dry goods,16.99
"Horton, Ashley","Farrell, Christopher",ashley.horton@abcfoodmart.com,2024-01-24,ABC Foodmart - Bay Ridge,2026-02-24 00:00,2026-02-24 00:00,dry goods,14.43
"Woods, Marcus","Ellis, Grant",marcus.woods@abcfoodmart.com,2024-04-01,ABC Foodmart - Whitestone,2026-02-02 00:00,2026-02-02 00:00,fresh produce,18.59
"Gonzalez, Michele","Hoffman, Tina",michele.gonzalez@abcfoodmart.com,2023-09-23,ABC Foodmart - Bay Ridge,2025-03-31 00:00,2025-03-31 00:00,fresh produce,14.77
"Marquez, Jeffrey","Hoffman, Tina",jeffrey.marquez@abcfoodmart.com,2023-02-19,ABC Foodmart - Bay Ridge,2025-01-13 00:00,2025-01-13 00:00,seafood,16.67
"Nichols, Brandon","Flores, Angela",brandon.nichols@abcfoodmart.com,2024-02-28,ABC Foodmart - Tribeca,2026-02-16 00:00,2026-02-16 00:00,bakery,15.93
"Vasquez, Peter","David, Mr.",peter.vasquez@abcfoodmart.com,2023-01-05,ABC Foodmart - DUMBO,2024-08-29 00:00,2024-08-29 00:00,bakery,18.98
"Church, Joshua","Waller, Chad",joshua.church@abcfoodmart.com,2024-03-03,ABC Foodmart - Whitestone,2026-03-26 00:00,2026-03-26 00:00,pharmacy,16.08
"Jackson, Michael","Williams, Gina",michael.jackson@abcfoodmart.com,2022-10-31,ABC Foodmart - Staten Island,2024-06-26 00:00,2024-06-26 00:00,pharmacy,17.80
"Perry, Andrea","Hoffman, Tina",andrea.perry@abcfoodmart.com,2023-05-05,ABC Foodmart - Whitestone,2025-02-23 00:00,2025-02-23 00:00,meats,14.44
"Roach, Christine","Hoffman, Tina",christine.roach@abcfoodmart.com,2023-10-15,ABC Foodmart - Tribeca,2025-10-15 00:00,2025-10-15 00:00,customer service,19.04
"Gardner, Laura","Ellis, Grant",laura.gardner@abcfoodmart.com,2023-09-04,ABC Foodmart - Bay Ridge,2025-07-13 00:00,2025-07-13 00:00,dairy,18.52
"Colon, Lindsey","Carter, Karen",lindsey.colon@abcfoodmart.com,2023-02-16,ABC Foodmart - Bay Ridge,2025-05-13 00:00,2025-05-13 00:00,pharmacy,19.57
"Burns, Kendra","Moran, John",kendra.burns@abcfoodmart.com,2022-12-13,ABC Foodmart - Tribeca,2024-11-22 00:00,2024-11-22 00:00,seafood,12.71
"Dodson, Courtney","Johnston, William",courtney.dodson@abcfoodmart.com,2023-01-10,ABC Foodmart - Bay Ridge,2025-01-06 00:00,2025-01-06 00:00,cashier,14.01
"Colon, Lindsey","Hoffman, Tina",lindsey.colon@abcfoodmart.com,2023-02-16,ABC Foodmart - Tribeca,2025-05-31 00:00,2025-05-31 00:00,fresh produce,15.54
"Golden, Laurie","Compton, Jeffrey",laurie.golden@abcfoodmart.com,2023-12-23,ABC Foodmart - DUMBO,2025-05-16 00:00,2025-05-16 00:00,deli,12.78
"Brooks, Renee","Hoffman, Tina",renee.brooks@abcfoodmart.com,2023-07-15,ABC Foodmart - Tribeca,2025-05-18 00:00,2025-05-18 00:00,customer service,16.11
"Moyer, Steven","Williams, Gina",steven.moyer@abcfoodmart.com,2022-12-26,ABC Foodmart - Tribeca,2024-02-12 00:00,2024-02-12 00:00,floral,13.50
"Galvan, Lori","Ellis, Grant",lori.galvan@abcfoodmart.com,2022-05-24,ABC Foodmart - Whitestone,2023-11-06 00:00,2023-11-06 00:00,customer service,14.09
"Moon, James","Waller, Chad",james.moon@abcfoodmart.com,2023-10-20,ABC Foodmart - Staten Island,2025-06-30 00:00,2025-06-30 00:00,customer service,17.10
"Bradley, Rita","Carter, Karen",rita.bradley@abcfoodmart.com,2023-08-06,ABC Foodmart - Tribeca,2025-04-27 00:00,2025-04-27 00:00,customer service,18.40
"Moon, James","Johnston, William",james.moon@abcfoodmart.com,2023-10-20,ABC Foodmart - Whitestone,2025-07-11 00:00,2025-07-11 00:00,frozen foods,15.92
"Galvan, Lori","Hoffman, Tina",lori.galvan@abcfoodmart.com,2022-05-24,ABC Foodmart - Bay Ridge,2023-11-07 00:00,2023-11-07 00:00,customer service,12.19
"Spears, Erin","Farrell, Christopher",erin.spears@abcfoodmart.com,2023-07-30,ABC Foodmart - Staten Island,2025-08-11 00:00,2025-08-11 00:00,bakery,15.08
"Smith, Diana","Williams, Gina",diana.smith@abcfoodmart.com,2023-05-31,ABC Foodmart - Whitestone,2025-02-27 00:00,2025-02-27 00:00,bakery,16.45
"Warren, Timothy","Compton, Jeffrey",timothy.warren@abcfoodmart.com,2022-12-27,ABC Foodmart - Bay Ridge,2025-03-25 00:00,2025-03-25 00:00,bakery,14.52
"Jacobs, Brenda","Flores, Angela",brenda.jacobs@abcfoodmart.com,2024-02-09,ABC Foodmart - DUMBO,2025-08-24 00:00,2025-08-24 00:00,dairy,18.72
"Tate, Harry","Carter, Karen",harry.tate@abcfoodmart.com,2022-09-18,ABC Foodmart - Staten Island,2024-06-30 00:00,2024-06-30 00:00,bakery,18.67
"Dodson, Courtney","Carter, Karen",courtney.dodson@abcfoodmart.com,2023-01-10,ABC Foodmart - DUMBO,2025-01-15 00:00,2025-01-15 00:00,customer service,19.18
"Davis, Jennifer","David, Mr.",jennifer.davis@abcfoodmart.com,2023-11-03,ABC Foodmart - Staten Island,2026-01-02 00:00,2026-01-02 00:00,seafood,18.61
"Horton, Mark","Moran, John",mark.horton@abcfoodmart.com,2023-02-14,ABC Foodmart - DUMBO,2024-04-30 00:00,2024-04-30 00:00,fresh produce,14.51
"Nichols, Mitchell","David, Mr.",mitchell.nichols@abcfoodmart.com,2022-09-30,ABC Foodmart - DUMBO,2024-03-09 00:00,2024-03-09 00:00,dairy,12.66
"Pena, Johnathan","Compton, Jeffrey",johnathan.pena@abcfoodmart.com,2023-02-22,ABC Foodmart - Tribeca,2025-02-25 00:00,2025-02-25 00:00,deli,18.40
"Harrell, Angie","David, Mr.",angie.harrell@abcfoodmart.com,2023-06-01,ABC Foodmart - Tribeca,2025-05-03 00:00,2025-05-03 00:00,fresh produce,15.25
"Moore, Jason","David, Mr.",jason.moore@abcfoodmart.com,2023-07-11,ABC Foodmart - Bay Ridge,2025-06-15 00:00,2025-06-15 00:00,bakery,15.01
"Hughes, Christopher","Carter, Karen",christopher.hughes@abcfoodmart.com,2022-09-01,ABC Foodmart - Bay Ridge,2024-09-08 00:00,2024-09-08 00:00,frozen foods,16.04
"Colon, Lindsey","Farrell, Christopher",lindsey.colon@abcfoodmart.com,2023-02-16,ABC Foodmart - Whitestone,2025-06-06 00:00,2025-06-06 00:00,cashier,15.53
"Mckinney, Marcus","Johnston, William",marcus.mckinney@abcfoodmart.com,2022-08-14,ABC Foodmart - Whitestone,2024-10-16 00:00,2024-10-16 00:00,bakery,14.51
"Foster, Kenneth","Flores, Angela",kenneth.foster@abcfoodmart.com,2023-04-23,ABC Foodmart - Tribeca,2025-03-14 00:00,2025-03-14 00:00,frozen foods,19.52
"Eric, Mr.","Compton, Jeffrey",mr..eric@abcfoodmart.com,2022-09-02,ABC Foodmart - Tribeca,2023-12-24 00:00,2023-12-24 00:00,seafood,14.26
"Foster, Jennifer","Ellis, Grant",jennifer.foster@abcfoodmart.com,2023-06-15,ABC Foodmart - Staten Island,2025-05-02 00:00,2025-05-02 00:00,deli,16.94
"Roach, Christine","Ellis, Grant",christine.roach@abcfoodmart.com,2023-10-15,ABC Foodmart - Bay Ridge,2025-10-29 00:00,2025-10-29 00:00,bakery,19.49
"Shah, Amanda","Moran, John",amanda.shah@abcfoodmart.com,2023-10-07,ABC Foodmart - Bay Ridge,2025-11-20 00:00,2025-11-20 00:00,bakery,15.74
"Jackson, Michael","Farrell, Christopher",michael.jackson@abcfoodmart.com,2022-10-31,ABC Foodmart - Bay Ridge,2024-07-21 00:00,2024-07-21 00:00,seafood,13.84
"Owens, Jeffrey","Carter, Karen",jeffrey.owens@abcfoodmart.com,2022-05-03,ABC Foodmart - Bay Ridge,2023-11-01 00:00,2023-11-01 00:00,meats,18.30
"Jordan, Carla","Flores, Angela",carla.jordan@abcfoodmart.com,2023-12-17,ABC Foodmart - Bay Ridge,2025-06-06 00:00,2025-06-06 00:00,pharmacy,14.99
"Frederick, Evan","Hoffman, Tina",evan.frederick@abcfoodmart.com,2023-02-24,ABC Foodmart - Whitestone,2024-05-27 00:00,2024-05-27 00:00,floral,18.40
"Atkinson, Gary","Compton, Jeffrey",gary.atkinson@abcfoodmart.com,2022-05-24,ABC Foodmart - Staten Island,2024-06-17 00:00,2024-06-17 00:00,pharmacy,19.12
"Dodson, Courtney","Cooper, Robert",courtney.dodson@abcfoodmart.com,2023-01-10,ABC Foodmart - Staten Island,2025-01-25 00:00,2025-01-25 00:00,deli,18.11
"Church, Joshua","Carter, Karen",joshua.church@abcfoodmart.com,2024-03-03,ABC Foodmart - Whitestone,2026-04-20 00:00,2026-04-20 00:00,pharmacy,13.65
"Sosa, David","David, Mr.",david.sosa@abcfoodmart.com,2023-07-27,ABC Foodmart - Staten Island,2025-06-28 00:00,2025-06-28 00:00,floral,17.22
"Smith, Diana","Cooper, Robert",diana.smith@abcfoodmart.com,2023-05-31,ABC Foodmart - Bay Ridge,2025-03-17 00:00,2025-03-17 00:00,pharmacy,12.93
"Jones, Christopher","David, Mr.",christopher.jones@abcfoodmart.com,2022-05-19,ABC Foodmart - Whitestone,2024-06-07 00:00,2024-06-07 00:00,dry goods,17.63
"Bennett, Alec","Ellis, Grant",alec.bennett@abcfoodmart.com,2023-10-03,ABC Foodmart - DUMBO,2025-06-04 00:00,2025-06-04 00:00,dairy,19.41
"Roach, Christine","Compton, Jeffrey",christine.roach@abcfoodmart.com,2023-10-15,ABC Foodmart - DUMBO,2025-11-22 00:00,2025-11-22 00:00,bakery,18.46
"Horton, Ashley","Moran, John",ashley.horton@abcfoodmart.com,2024-01-24,ABC Foodmart - Staten Island,2026-02-27 00:00,2026-02-27 00:00,fresh produce,15.21
"Bradley, Rita","Waller, Chad",rita.bradley@abcfoodmart.com,2023-08-06,ABC Foodmart - Bay Ridge,2025-05-21 00:00,2025-05-21 00:00,floral,12.03
"Foster, Kenneth","Carter, Karen",kenneth.foster@abcfoodmart.com,2023-04-23,ABC Foodmart - Whitestone,2025-03-30 00:00,2025-03-30 00:00,deli,13.14
"Ellis, Lauren","David, Mr.",lauren.ellis@abcfoodmart.com,2022-10-22,ABC Foodmart - Bay Ridge,2024-08-11 00:00,2024-08-11 00:00,bakery,18.53
"Nichols, Brandon","Hoffman, Tina",brandon.nichols@abcfoodmart.com,2024-02-28,ABC Foodmart - Bay Ridge,2026-03-17 00:00,2026-03-17 00:00,fresh produce,18.77
"Chen, Kathleen","Waller, Chad",kathleen.chen@abcfoodmart.com,2024-02-03,ABC Foodmart - Whitestone,2025-09-02 00:00,2025-09-02 00:00,customer service,15.78
"Bryan, Mr.","Moran, John",mr..bryan@abcfoodmart.com,2023-08-26,ABC Foodmart - Bay Ridge,2025-08-09 00:00,2025-08-09 00:00,bakery,13.28
"Nguyen, Richard","David, Mr.",richard.nguyen@abcfoodmart.com,2022-09-27,ABC Foodmart - Staten Island,2024-08-21 00:00,2024-08-21 00:00,meats,12.56
"Galvan, Lori","Waller, Chad",lori.galvan@abcfoodmart.com,2022-05-24,ABC Foodmart - DUMBO,2023-11-08 00:00,2023-11-08 00:00,dry goods,13.18
"Vasquez, Peter","Cooper, Robert",peter.vasquez@abcfoodmart.com,2023-01-05,ABC Foodmart - DUMBO,2024-09-11 00:00,2024-09-11 00:00,pharmacy,17.08
"Hull, Shane","David, Mr.",shane.hull@abcfoodmart.com,2024-01-09,ABC Foodmart - DUMBO,2025-11-19 00:00,2025-11-19 00:00,meats,14.95
"Sosa, David","Compton, Jeffrey",david.sosa@abcfoodmart.com,2023-07-27,ABC Foodmart - Staten Island,2025-06-29 00:00,2025-06-29 00:00,pharmacy,17.34
"Blanchard, Ricky","Ellis, Grant",ricky.blanchard@abcfoodmart.com,2023-05-23,ABC Foodmart - DUMBO,2025-01-27 00:00,2025-01-27 00:00,deli,18.78
"Werner, Kara","Ellis, Grant",kara.werner@abcfoodmart.com,2023-10-12,ABC Foodmart - Whitestone,2025-11-07 00:00,2025-11-07 00:00,bakery,16.40
"Williams, Michael","Johnston, William",michael.williams@abcfoodmart.com,2023-06-11,ABC Foodmart - Staten Island,2024-12-21 00:00,2024-12-21 00:00,dairy,17.88
"Davis, Jennifer","Ellis, Grant",jennifer.davis@abcfoodmart.com,2023-11-03,ABC Foodmart - Bay Ridge,2026-01-23 00:00,2026-01-23 00:00,dairy,12.80
"Jones, Christopher","Flores, Angela",christopher.jones@abcfoodmart.com,2022-05-19,ABC Foodmart - Staten Island,2024-06-19 00:00,2024-06-19 00:00,dry goods,13.73
"Smith, Diana","Waller, Chad",diana.smith@abcfoodmart.com,2023-05-31,ABC Foodmart - DUMBO,2025-03-29 00:00,2025-03-29 00:00,floral,15.41
"Martin, Monica","Flores, Angela",monica.martin@abcfoodmart.com,2023-11-23,ABC Foodmart - Bay Ridge,2026-05-29 00:00,2026-05-29 00:00,deli,13.61
"Pena, Johnathan","Waller, Chad",johnathan.pena@abcfoodmart.com,2023-02-22,ABC Foodmart - Tribeca,2025-03-08 00:00,2025-03-08 00:00,cashier,16.27
"Chen, Kathleen","Cooper, Robert",kathleen.chen@abcfoodmart.com,2024-02-03,ABC Foodmart - Staten Island,2025-09-25 00:00,2025-09-25 00:00,pharmacy,19.82
"Smith, Brandy","Waller, Chad",brandy.smith@abcfoodmart.com,2023-12-26,ABC Foodmart - DUMBO,2026-05-01 00:00,2026-05-01 00:00,customer service,17.24
"Atkinson, Gary","Cooper, Robert",gary.atkinson@abcfoodmart.com,2022-05-24,ABC Foodmart - Staten Island,2024-07-01 00:00,2024-07-01 00:00,pharmacy,12.42
"Spears, Erin","Moran, John",erin.spears@abcfoodmart.com,2023-07-30,ABC Foodmart - Tribeca,2025-09-08 00:00,2025-09-08 00:00,deli,18.27
"Hernandez, Michael","Carter, Karen",michael.hernandez@abcfoodmart.com,2022-05-24,ABC Foodmart - Whitestone,2024-06-03 00:00,2024-06-03 00:00,dairy,19.59
"Burns, Kendra","David, Mr.",kendra.burns@abcfoodmart.com,2022-12-13,ABC Foodmart - DUMBO,2024-12-21 00:00,2024-12-21 00:00,customer service,16.87
"Bryan, Mr.","Williams, Gina",mr..bryan@abcfoodmart.com,2023-08-26,ABC Foodmart - Staten Island,2025-08-22 00:00,2025-08-22 00:00,dry goods,13.18
"Foster, Jennifer","Waller, Chad",jennifer.foster@abcfoodmart.com,2023-06-15,ABC Foodmart - Whitestone,2025-05-13 00:00,2025-05-13 00:00,dairy,17.73
"Love, Thomas","Carter, Karen",thomas.love@abcfoodmart.com,2024-02-18,ABC Foodmart - Bay Ridge,2026-07-19 00:00,2026-07-19 00:00,pharmacy,13.89
"Horton, Mark","David, Mr.",mark.horton@abcfoodmart.com,2023-02-14,ABC Foodmart - Staten Island,2024-05-07 00:00,2024-05-07 00:00,floral,17.63
"Moore, Jason","Hoffman, Tina",jason.moore@abcfoodmart.com,2023-07-11,ABC Foodmart - Bay Ridge,2025-06-23 00:00,2025-06-23 00:00,bakery,18.37
"Chen, Kathleen","Moran, John",kathleen.chen@abcfoodmart.com,2024-02-03,ABC Foodmart - DUMBO,2025-10-18 00:00,2025-10-18 00:00,dry goods,13.82
"Walls, Kristen","Farrell, Christopher",kristen.walls@abcfoodmart.com,2023-02-10,ABC Foodmart - Bay Ridge,2024-09-11 00:00,2024-09-11 00:00,meats,17.15
"Riley, Ashley","Compton, Jeffrey",ashley.riley@abcfoodmart.com,2022-08-17,ABC Foodmart - Whitestone,2024-11-14 00:00,2024-11-14 00:00,dry goods,19.63
"Gonzalez, Michele","Cooper, Robert",michele.gonzalez@abcfoodmart.com,2023-09-23,ABC Foodmart - Whitestone,2025-04-26 00:00,2025-04-26 00:00,dry goods,15.58
"Foster, Jennifer","Waller, Chad",jennifer.foster@abcfoodmart.com,2023-06-15,ABC Foodmart - Bay Ridge,2025-05-31 00:00,2025-05-31 00:00,fresh produce,13.41
"Thompson, Matthew","Hoffman, Tina",matthew.thompson@abcfoodmart.com,2022-04-22,ABC Foodmart - DUMBO,2023-11-29 00:00,2023-11-29 00:00,deli,15.64
"Golden, Laurie","Moran, John",laurie.golden@abcfoodmart.com,2023-12-23,ABC Foodmart - Whitestone,2025-05-24 00:00,2025-05-24 00:00,fresh produce,19.51
"Burns, Kendra","Ellis, Grant",kendra.burns@abcfoodmart.com,2022-12-13,ABC Foodmart - Tribeca,2024-12-24 00:00,2024-12-24 00:00,frozen foods,18.76
"Horton, Mark","Johnston, William",mark.horton@abcfoodmart.com,2023-02-14,ABC Foodmart - DUMBO,2024-05-30 00:00,2024-05-30 00:00,dry goods,12.99
"Jordan, Carla","Ellis, Grant",carla.jordan@abcfoodmart.com,2023-12-17,ABC Foodmart - Staten Island,2025-06-21 00:00,2025-06-21 00:00,floral,15.96
"Bradley, Rita","Compton, Jeffrey",rita.bradley@abcfoodmart.com,2023-08-06,ABC Foodmart - DUMBO,2025-06-01 00:00,2025-06-01 00:00,seafood,16.37
"Vasquez, Peter","Moran, John",peter.vasquez@abcfoodmart.com,2023-01-05,ABC Foodmart - Whitestone,2024-10-07 00:00,2024-10-07 00:00,meats,15.52
"Hughes, Christopher","Cooper, Robert",christopher.hughes@abcfoodmart.com,2022-09-01,ABC Foodmart - Whitestone,2024-09-18 00:00,2024-09-18 00:00,seafood,13.04
"Moyer, Steven","Hoffman, Tina",steven.moyer@abcfoodmart.com,2022-12-26,ABC Foodmart - Staten Island,2024-02-28 00:00,2024-02-28 00:00,meats,18.57
"Jackson, Gary","David, Mr.",gary.jackson@abcfoodmart.com,2022-09-08,ABC Foodmart - Staten Island,2024-04-17 00:00,2024-04-17 00:00,seafood,19.52
"Conrad, Frederick","Compton, Jeffrey",frederick.conrad@abcfoodmart.com,2023-11-24,ABC Foodmart - Tribeca,2026-01-17 00:00,2026-01-17 00:00,seafood,16.59
"Bryan, Mr.","Moran, John",mr..bryan@abcfoodmart.com,2023-08-26,ABC Foodmart - Bay Ridge,2025-08-31 00:00,2025-08-31 00:00,floral,14.49
"Burns, Kendra","Moran, John",kendra.burns@abcfoodmart.com,2022-12-13,ABC Foodmart - Tribeca,2025-01-18 00:00,2025-01-18 00:00,frozen foods,16.04
"Myers, Gary","Ellis, Grant",gary.myers@abcfoodmart.com,2023-10-13,ABC Foodmart - Tribeca,2025-05-14 00:00,2025-05-14 00:00,seafood,16.13
"Dodson, Courtney","Cooper, Robert",courtney.dodson@abcfoodmart.com,2023-01-10,ABC Foodmart - Bay Ridge,2025-02-23 00:00,2025-02-23 00:00,fresh produce,18.75
"Ellis, Lauren","Waller, Chad",lauren.ellis@abcfoodmart.com,2022-10-22,ABC Foodmart - Staten Island,2024-08-30 00:00,2024-08-30 00:00,deli,15.22
"Chen, Kathleen","Ellis, Grant",kathleen.chen@abcfoodmart.com,2024-02-03,ABC Foodmart - Bay Ridge,2025-10-19 00:00,2025-10-19 00:00,customer service,16.86
"Spears, Erin","Johnston, William",erin.spears@abcfoodmart.com,2023-07-30,ABC Foodmart - DUMBO,2025-09-27 00:00,2025-09-27 00:00,meats,14.62
"Nichols, Mitchell","Carter, Karen",mitchell.nichols@abcfoodmart.com,2022-09-30,ABC Foodmart - DUMBO,2024-04-03 00:00,2024-04-03 00:00,frozen foods,13.14
"Campbell, Bethany","Williams, Gina",bethany.campbell@abcfoodmart.com,2023-10-07,ABC Foodmart - Whitestone,2025-05-03 00:00,2025-05-03 00:00,bakery,15.29
"Marquez, Jeffrey","Farrell, Christopher",jeffrey.marquez@abcfoodmart.com,2023-02-19,ABC Foodmart - Bay Ridge,2025-01-14 00:00,2025-01-14 00:00,deli,15.25
"Riley, Ashley","Hoffman, Tina",ashley.riley@abcfoodmart.com,2022-08-17,ABC Foodmart - Tribeca,2024-11-19 00:00,2024-11-19 00:00,meats,18.39
"Tate, Harry","David, Mr.",harry.tate@abcfoodmart.com,2022-09-18,ABC Foodmart - DUMBO,2024-07-26 00:00,2024-07-26 00:00,seafood,12.31
"Horton, Mark","Johnston, William",mark.horton@abcfoodmart.com,2023-02-14,ABC Foodmart - Staten Island,2024-06-05 00:00,2024-06-05 00:00,seafood,19.24
"Kerr, Jason","David, Mr.",jason.kerr@abcfoodmart.com,2022-11-21,ABC Foodmart - Bay Ridge,2024-09-04 00:00,2024-09-04 00:00,seafood,17.16
"Williams, Michael","Compton, Jeffrey",michael.williams@abcfoodmart.com,2023-06-11,ABC Foodmart - Bay Ridge,2025-01-10 00:00,2025-01-10 00:00,pharmacy,13.81
"Sosa, David","Compton, Jeffrey",david.sosa@abcfoodmart.com,2023-07-27,ABC Foodmart - Bay Ridge,2025-07-08 00:00,2025-07-08 00:00,deli,13.93
"Owens, Jeffrey","Compton, Jeffrey",jeffrey.owens@abcfoodmart.com,2022-05-03,ABC Foodmart - Whitestone,2023-11-11 00:00,2023-11-11 00:00,dry goods,18.46
"Durham, Denise","Williams, Gina",denise.durham@abcfoodmart.com,2022-10-24,ABC Foodmart - Whitestone,2024-07-24 00:00,2024-07-24 00:00,pharmacy,13.93
"Campbell, Brittany","David, Mr.",brittany.campbell@abcfoodmart.com,2023-03-25,ABC Foodmart - Bay Ridge,2025-03-24 00:00,2025-03-24 00:00,frozen foods,18.91
"Durham, Denise","Carter, Karen",denise.durham@abcfoodmart.com,2022-10-24,ABC Foodmart - Bay Ridge,2024-07-25 00:00,2024-07-25 00:00,pharmacy,14.31
"Meyer, James","Carter, Karen",james.meyer@abcfoodmart.com,2022-05-02,ABC Foodmart - Bay Ridge,2024-12-29 00:00,2024-12-29 00:00,dry goods,13.07
"Jackson, Michael","Carter, Karen",michael.jackson@abcfoodmart.com,2022-10-31,ABC Foodmart - Tribeca,2024-07-26 00:00,2024-07-26 00:00,dry goods,14.43
"Glover, Michelle","Farrell, Christopher",michelle.glover@abcfoodmart.com,2022-08-25,ABC Foodmart - Tribeca,2025-01-18 00:00,2025-01-18 00:00,frozen foods,14.47
"Church, Joshua","Williams, Gina",joshua.church@abcfoodmart.com,2024-03-03,ABC Foodmart - Tribeca,2026-05-10 00:00,2026-05-10 00:00,meats,19.86
"Galvan, Lori","Farrell, Christopher",lori.galvan@abcfoodmart.com,2022-05-24,ABC Foodmart - Staten Island,2023-11-20 00:00,2023-11-20 00:00,pharmacy,13.60
"Vasquez, Peter","Ellis, Grant",peter.vasquez@abcfoodmart.com,2023-01-05,ABC Foodmart - Whitestone,2024-10-14 00:00,2024-10-14 00:00,pharmacy,12.59
"Hughes, Christopher","Waller, Chad",christopher.hughes@abcfoodmart.com,2022-09-01,ABC Foodmart - Bay Ridge,2024-10-01 00:00,2024-10-01 00:00,bakery,16.26
"Horton, Mark","Cooper, Robert",mark.horton@abcfoodmart.com,2023-02-14,ABC Foodmart - Whitestone,2024-06-18 00:00,2024-06-18 00:00,customer service,16.59
"Smith, Brandy","Carter, Karen",brandy.smith@abcfoodmart.com,2023-12-26,ABC Foodmart - Bay Ridge,2026-05-08 00:00,2026-05-08 00:00,meats,16.61
"Colon, Lindsey","Johnston, William",lindsey.colon@abcfoodmart.com,2023-02-16,ABC Foodmart - Staten Island,2025-06-28 00:00,2025-06-28 00:00,deli,17.17
"Thompson, Matthew","Moran, John",matthew.thompson@abcfoodmart.com,2022-04-22,ABC Foodmart - DUMBO,2023-12-24 00:00,2023-12-24 00:00,dairy,16.54
"Jones, Michael","Williams, Gina",michael.jones@abcfoodmart.com,2023-01-19,ABC Foodmart - DUMBO,2024-04-28 00:00,2024-04-28 00:00,bakery,19.47
"Bradley, Rita","Compton, Jeffrey",rita.bradley@abcfoodmart.com,2023-08-06,ABC Foodmart - Bay Ridge,2025-06-06 00:00,2025-06-06 00:00,cashier,18.60
"Roach, Christine","Compton, Jeffrey",christine.roach@abcfoodmart.com,2023-10-15,ABC Foodmart - Bay Ridge,2025-11-24 00:00,2025-11-24 00:00,seafood,19.13
"Bennett, Alec","Moran, John",alec.bennett@abcfoodmart.com,2023-10-03,ABC Foodmart - DUMBO,2025-06-11 00:00,2025-06-11 00:00,floral,14.60
"Jones, Evelyn","David, Mr.",evelyn.jones@abcfoodmart.com,2024-02-25,ABC Foodmart - Tribeca,2026-01-16 00:00,2026-01-16 00:00,bakery,18.17
"Gardner, Laura","Hoffman, Tina",laura.gardner@abcfoodmart.com,2023-09-04,ABC Foodmart - Tribeca,2025-07-31 00:00,2025-07-31 00:00,meats,14.42
"Bradley, Rita","Ellis, Grant",rita.bradley@abcfoodmart.com,2023-08-06,ABC Foodmart - Bay Ridge,2025-06-24 00:00,2025-06-24 00:00,dairy,12.22
"Durham, Denise","Carter, Karen",denise.durham@abcfoodmart.com,2022-10-24,ABC Foodmart - DUMBO,2024-08-09 00:00,2024-08-09 00:00,floral,16.43
"Colon, Lindsey","Hoffman, Tina",lindsey.colon@abcfoodmart.com,2023-02-16,ABC Foodmart - DUMBO,2025-07-11 00:00,2025-07-11 00:00,meats,18.91
"Owens, Jeffrey","Williams, Gina",jeffrey.owens@abcfoodmart.com,2022-05-03,ABC Foodmart - Bay Ridge,2023-11-22 00:00,2023-11-22 00:00,frozen foods,12.55
"Nichols, Brandon","Cooper, Robert",brandon.nichols@abcfoodmart.com,2024-02-28,ABC Foodmart - Staten Island,2026-03-31 00:00,2026-03-31 00:00,frozen foods,12.24
"Martin, Monica","Cooper, Robert",monica.martin@abcfoodmart.com,2023-11-23,ABC Foodmart - Staten Island,2026-06-21 00:00,2026-06-21 00:00,dairy,18.40
"Campbell, Brittany","Hoffman, Tina",brittany.campbell@abcfoodmart.com,2023-03-25,ABC Foodmart - Bay Ridge,2025-04-12 00:00,2025-04-12 00:00,meats,17.40
"Chambers, Jeffrey","Williams, Gina",jeffrey.chambers@abcfoodmart.com,2022-09-29,ABC Foodmart - Whitestone,2024-04-23 00:00,2024-04-23 00:00,meats,14.46
"Long, Kirsten","Johnston, William",kirsten.long@abcfoodmart.com,2024-02-24,ABC Foodmart - Tribeca,2026-04-15 00:00,2026-04-15 00:00,dairy,16.72
"Jones, Christopher","Waller, Chad",christopher.jones@abcfoodmart.com,2022-05-19,ABC Foodmart - Tribeca,2024-07-11 00:00,2024-07-11 00:00,customer service,16.79
"Bennett, Alec","Johnston, William",alec.bennett@abcfoodmart.com,2023-10-03,ABC Foodmart - DUMBO,2025-07-06 00:00,2025-07-06 00:00,dry goods,17.29
"Terri, Mrs.","Hoffman, Tina",mrs..terri@abcfoodmart.com,2022-09-23,ABC Foodmart - DUMBO,2024-09-12 00:00,2024-09-12 00:00,meats,13.61
"Tate, Harry","Johnston, William",harry.tate@abcfoodmart.com,2022-09-18,ABC Foodmart - Staten Island,2024-08-14 00:00,2024-08-14 00:00,deli,12.82
"Jones, Michael","Carter, Karen",michael.jones@abcfoodmart.com,2023-01-19,ABC Foodmart - Bay Ridge,2024-05-03 00:00,2024-05-03 00:00,dairy,13.44
"Horton, Ashley","Hoffman, Tina",ashley.horton@abcfoodmart.com,2024-01-24,ABC Foodmart - Staten Island,2026-02-28 00:00,2026-02-28 00:00,seafood,17.02
"Mckinney, Marcus","Moran, John",marcus.mckinney@abcfoodmart.com,2022-08-14,ABC Foodmart - Staten Island,2024-11-02 00:00,2024-11-02 00:00,bakery,16.96
"Chen, Kathleen","Farrell, Christopher",kathleen.chen@abcfoodmart.com,2024-02-03,ABC Foodmart - Tribeca,2025-10-30 00:00,2025-10-30 00:00,frozen foods,16.00
"Mckinney, Marcus","David, Mr.",marcus.mckinney@abcfoodmart.com,2022-08-14,ABC Foodmart - DUMBO,2024-11-04 00:00,2024-11-04 00:00,frozen foods,19.47
"Dodson, Courtney","Farrell, Christopher",courtney.dodson@abcfoodmart.com,2023-01-10,ABC Foodmart - Tribeca,2025-02-28 00:00,2025-02-28 00:00,meats,18.32
"Meyer, James","Compton, Jeffrey",james.meyer@abcfoodmart.com,2022-05-02,ABC Foodmart - DUMBO,2025-01-06 00:00,2025-01-06 00:00,seafood,13.87
"Campbell, Brittany","David, Mr.",brittany.campbell@abcfoodmart.com,2023-03-25,ABC Foodmart - Whitestone,2025-05-05 00:00,2025-05-05 00:00,customer service,12.10
"Randolph, Emily","Compton, Jeffrey",emily.randolph@abcfoodmart.com,2023-03-09,ABC Foodmart - Bay Ridge,2024-11-07 00:00,2024-11-07 00:00,seafood,12.39
"Bryan, Mr.","Carter, Karen",mr..bryan@abcfoodmart.com,2023-08-26,ABC Foodmart - DUMBO,2025-09-23 00:00,2025-09-23 00:00,floral,18.53
"Mckenzie, William","Ellis, Grant",william.mckenzie@abcfoodmart.com,2023-01-04,ABC Foodmart - Bay Ridge,2024-10-31 00:00,2024-10-31 00:00,bakery,16.26
"Tate, Harry","Hoffman, Tina",harry.tate@abcfoodmart.com,2022-09-18,ABC Foodmart - Whitestone,2024-08-25 00:00,2024-08-25 00:00,meats,18.22
"Horton, Ashley","Waller, Chad",ashley.horton@abcfoodmart.com,2024-01-24,ABC Foodmart - Whitestone,2026-03-25 00:00,2026-03-25 00:00,dry goods,15.55
"Kerr, Jason","Cooper, Robert",jason.kerr@abcfoodmart.com,2022-11-21,ABC Foodmart - Bay Ridge,2024-09-14 00:00,2024-09-14 00:00,pharmacy,12.84
"Martin, Monica","Cooper, Robert",monica.martin@abcfoodmart.com,2023-11-23,ABC Foodmart - Staten Island,2026-07-13 00:00,2026-07-13 00:00,pharmacy,12.99
"Jackson, Gary","Carter, Karen",gary.jackson@abcfoodmart.com,2022-09-08,ABC Foodmart - Bay Ridge,2024-05-02 00:00,2024-05-02 00:00,floral,18.77
"Mckinney, Marcus","David, Mr.",marcus.mckinney@abcfoodmart.com,2022-08-14,ABC Foodmart - DUMBO,2024-11-19 00:00,2024-11-19 00:00,fresh produce,19.16
"Alvarez, Brenda","Johnston, William",brenda.alvarez@abcfoodmart.com,2023-11-16,ABC Foodmart - Bay Ridge,2025-11-10 00:00,2025-11-10 00:00,dairy,12.66
"Randolph, Emily","Farrell, Christopher",emily.randolph@abcfoodmart.com,2023-03-09,ABC Foodmart - Staten Island,2024-11-12 00:00,2024-11-12 00:00,dairy,17.48
"Foster, Kenneth","Moran, John",kenneth.foster@abcfoodmart.com,2023-04-23,ABC Foodmart - Staten Island,2025-04-26 00:00,2025-04-26 00:00,frozen foods,13.13
"Williams, Michael","Waller, Chad",michael.williams@abcfoodmart.com,2023-06-11,ABC Foodmart - Whitestone,2025-01-22 00:00,2025-01-22 00:00,customer service,13.65
"Burns, Kendra","Flores, Angela",kendra.burns@abcfoodmart.com,2022-12-13,ABC Foodmart - Bay Ridge,2025-01-21 00:00,2025-01-21 00:00,dairy,18.45
"Thompson, Andrea","David, Mr.",andrea.thompson@abcfoodmart.com,2023-01-06,ABC Foodmart - Bay Ridge,2024-11-14 00:00,2024-11-14 00:00,meats,12.99
"Myers, Gary","Flores, Angela",gary.myers@abcfoodmart.com,2023-10-13,ABC Foodmart - Whitestone,2025-06-06 00:00,2025-06-06 00:00,meats,14.10
"Mckenzie, William","Carter, Karen",william.mckenzie@abcfoodmart.com,2023-01-04,ABC Foodmart - DUMBO,2024-11-02 00:00,2024-11-02 00:00,floral,17.23
"Jones, Christopher","David, Mr.",christopher.jones@abcfoodmart.com,2022-05-19,ABC Foodmart - Staten Island,2024-08-02 00:00,2024-08-02 00:00,deli,15.47
"Burns, Kendra","Williams, Gina",kendra.burns@abcfoodmart.com,2022-12-13,ABC Foodmart - DUMBO,2025-01-28 00:00,2025-01-28 00:00,pharmacy,14.78
"Mckenzie, William","Farrell, Christopher",william.mckenzie@abcfoodmart.com,2023-01-04,ABC Foodmart - Staten Island,2024-11-11 00:00,2024-11-11 00:00,customer service,17.99
"Church, Joshua","Williams, Gina",joshua.church@abcfoodmart.com,2024-03-03,ABC Foodmart - Staten Island,2026-05-23 00:00,2026-05-23 00:00,dry goods,12.17
"Thompson, Andrea","Carter, Karen",andrea.thompson@abcfoodmart.com,2023-01-06,ABC Foodmart - DUMBO,2024-12-05 00:00,2024-12-05 00:00,frozen foods,15.08
"Meyer, James","Moran, John",james.meyer@abcfoodmart.com,2022-05-02,ABC Foodmart - Staten Island,2025-01-25 00:00,2025-01-25 00:00,fresh produce,19.43
"Atkinson, Gary","Hoffman, Tina",gary.atkinson@abcfoodmart.com,2022-05-24,ABC Foodmart - Whitestone,2024-07-27 00:00,2024-07-27 00:00,bakery,19.26
"Thompson, Andrea","Moran, John",andrea.thompson@abcfoodmart.com,2023-01-06,ABC Foodmart - Whitestone,2024-12-13 00:00,2024-12-13 00:00,floral,12.69
"Kerr, Jason","Moran, John",jason.kerr@abcfoodmart.com,2022-11-21,ABC Foodmart - Tribeca,2024-09-30 00:00,2024-09-30 00:00,dry goods,16.75
"Moore, Jason","Carter, Karen",jason.moore@abcfoodmart.com,2023-07-11,ABC Foodmart - Whitestone,2025-07-10 00:00,2025-07-10 00:00,seafood,13.79
"Marquez, Jeffrey","Johnston, William",jeffrey.marquez@abcfoodmart.com,2023-02-19,ABC Foodmart - Staten Island,2025-01-18 00:00,2025-01-18 00:00,dry goods,19.54
"Gardner, Laura","Hoffman, Tina",laura.gardner@abcfoodmart.com,2023-09-04,ABC Foodmart - DUMBO,2025-08-15 00:00,2025-08-15 00:00,seafood,12.83
"Jones, Christopher","David, Mr.",christopher.jones@abcfoodmart.com,2022-05-19,ABC Foodmart - DUMBO,2024-08-13 00:00,2024-08-13 00:00,dry goods,18.10
"Jones, Christopher","Hoffman, Tina",christopher.jones@abcfoodmart.com,2022-05-19,ABC Foodmart - Staten Island,2024-08-28 00:00,2024-08-28 00:00,frozen foods,19.67
"Nichols, Mitchell","David, Mr.",mitchell.nichols@abcfoodmart.com,2022-09-30,ABC Foodmart - DUMBO,2024-04-27 00:00,2024-04-27 00:00,customer service,15.18
"Thomas, Robert","Carter, Karen",robert.thomas@abcfoodmart.com,2022-05-18,ABC Foodmart - Staten Island,2024-08-15 00:00,2024-08-15 00:00,bakery,15.17
"Randolph, Emily","Cooper, Robert",emily.randolph@abcfoodmart.com,2023-03-09,ABC Foodmart - Tribeca,2024-12-07 00:00,2024-12-07 00:00,dry goods,14.02
"Horton, Mark","David, Mr.",mark.horton@abcfoodmart.com,2023-02-14,ABC Foodmart - Whitestone,2024-06-26 00:00,2024-06-26 00:00,cashier,15.05
"Brown, Lisa","Ellis, Grant",lisa.brown@abcfoodmart.com,2022-08-18,ABC Foodmart - DUMBO,2024-03-22 00:00,2024-03-22 00:00,seafood,12.11
"Thompson, Andrea","Moran, John",andrea.thompson@abcfoodmart.com,2023-01-06,ABC Foodmart - Staten Island,2024-12-18 00:00,2024-12-18 00:00,bakery,13.29
"Johnson, Samantha","Moran, John",samantha.johnson@abcfoodmart.com,2023-01-16,ABC Foodmart - Staten Island,2025-06-01 00:00,2025-06-01 00:00,seafood,15.02
"Jackson, Michael","Compton, Jeffrey",michael.jackson@abcfoodmart.com,2022-10-31,ABC Foodmart - DUMBO,2024-08-20 00:00,2024-08-20 00:00,bakery,13.53
"Terri, Mrs.","Carter, Karen",mrs..terri@abcfoodmart.com,2022-09-23,ABC Foodmart - Tribeca,2024-09-24 00:00,2024-09-24 00:00,pharmacy,17.33
"Davis, Jennifer","David, Mr.",jennifer.davis@abcfoodmart.com,2023-11-03,ABC Foodmart - Staten Island,2026-02-15 00:00,2026-02-15 00:00,fresh produce,17.93
"Walters, Jay","Ellis, Grant",jay.walters@abcfoodmart.com,2023-12-17,ABC Foodmart - DUMBO,2026-07-30 00:00,2026-07-30 00:00,cashier,18.46
"Conrad, Frederick","Carter, Karen",frederick.conrad@abcfoodmart.com,2023-11-24,ABC Foodmart - Tribeca,2026-01-22 00:00,2026-01-22 00:00,floral,17.44
"Nichols, Mitchell","Flores, Angela",mitchell.nichols@abcfoodmart.com,2022-09-30,ABC Foodmart - Staten Island,2024-05-20 00:00,2024-05-20 00:00,floral,14.35
"Gonzalez, Michele","Compton, Jeffrey",michele.gonzalez@abcfoodmart.com,2023-09-23,ABC Foodmart - Bay Ridge,2025-05-07 00:00,2025-05-07 00:00,pharmacy,14.04
"Alvarez, Brenda","Compton, Jeffrey",brenda.alvarez@abcfoodmart.com,2023-11-16,ABC Foodmart - DUMBO,2025-12-02 00:00,2025-12-02 00:00,floral,17.74
"Herrera, Spencer","Waller, Chad",spencer.herrera@abcfoodmart.com,2023-01-16,ABC Foodmart - Bay Ridge,2024-07-24 00:00,2024-07-24 00:00,dairy,15.52
"Conrad, Frederick","Waller, Chad",frederick.conrad@abcfoodmart.com,2023-11-24,ABC Foodmart - DUMBO,2026-01-27 00:00,2026-01-27 00:00,pharmacy,12.49
"Waters, Julie","Cooper, Robert",julie.waters@abcfoodmart.com,2023-05-20,ABC Foodmart - Whitestone,2025-04-09 00:00,2025-04-09 00:00,dry goods,15.98
"Mckenzie, William","Johnston, William",william.mckenzie@abcfoodmart.com,2023-01-04,ABC Foodmart - DUMBO,2024-11-16 00:00,2024-11-16 00:00,fresh produce,15.34
"Foster, Kenneth","David, Mr.",kenneth.foster@abcfoodmart.com,2023-04-23,ABC Foodmart - Tribeca,2025-05-19 00:00,2025-05-19 00:00,seafood,12.04
"Chen, Kathleen","Waller, Chad",kathleen.chen@abcfoodmart.com,2024-02-03,ABC Foodmart - Bay Ridge,2025-11-08 00:00,2025-11-08 00:00,seafood,18.40
"Campbell, Bethany","Cooper, Robert",bethany.campbell@abcfoodmart.com,2023-10-07,ABC Foodmart - Staten Island,2025-05-05 00:00,2025-05-05 00:00,floral,18.37
"Vasquez, Peter","Compton, Jeffrey",peter.vasquez@abcfoodmart.com,2023-01-05,ABC Foodmart - DUMBO,2024-10-29 00:00,2024-10-29 00:00,floral,15.81
"White, Kenneth","Waller, Chad",kenneth.white@abcfoodmart.com,2023-01-22,ABC Foodmart - Tribeca,2025-04-29 00:00,2025-04-29 00:00,pharmacy,13.58
"Brown, Lisa","Carter, Karen",lisa.brown@abcfoodmart.com,2022-08-18,ABC Foodmart - DUMBO,2024-03-31 00:00,2024-03-31 00:00,cashier,19.65
"Moore, Jason","Johnston, William",jason.moore@abcfoodmart.com,2023-07-11,ABC Foodmart - Staten Island,2025-07-30 00:00,2025-07-30 00:00,pharmacy,14.51
"Herrera, Spencer","Flores, Angela",spencer.herrera@abcfoodmart.com,2023-01-16,ABC Foodmart - Staten Island,2024-08-06 00:00,2024-08-06 00:00,seafood,18.18
"Jones, Michael","David, Mr.",michael.jones@abcfoodmart.com,2023-01-19,ABC Foodmart - Bay Ridge,2024-05-08 00:00,2024-05-08 00:00,deli,15.45
"Woods, Marcus","Carter, Karen",marcus.woods@abcfoodmart.com,2024-04-01,ABC Foodmart - Bay Ridge,2026-02-03 00:00,2026-02-03 00:00,dry goods,15.52
"Golden, Laurie","David, Mr.",laurie.golden@abcfoodmart.com,2023-12-23,ABC Foodmart - Bay Ridge,2025-06-04 00:00,2025-06-04 00:00,cashier,14.96
"Rogers, Mark","Johnston, William",mark.rogers@abcfoodmart.com,2023-05-08,ABC Foodmart - Whitestone,2024-06-10 00:00,2024-06-10 00:00,dry goods,17.83
"Manning, Maria","Waller, Chad",maria.manning@abcfoodmart.com,2022-11-16,ABC Foodmart - Tribeca,2024-10-19 00:00,2024-10-19 00:00,frozen foods,12.66
"Moon, James","Johnston, William",james.moon@abcfoodmart.com,2023-10-20,ABC Foodmart - Staten Island,2025-07-21 00:00,2025-07-21 00:00,seafood,15.43
"Jessica, Ms.","Johnston, William",ms..jessica@abcfoodmart.com,2022-06-10,ABC Foodmart - Staten Island,2024-06-06 00:00,2024-06-06 00:00,seafood,16.31
"Horton, Mark","Johnston, William",mark.horton@abcfoodmart.com,2023-02-14,ABC Foodmart - Tribeca,2024-07-06 00:00,2024-07-06 00:00,cashier,17.12
"Davis, Jennifer","Hoffman, Tina",jennifer.davis@abcfoodmart.com,2023-11-03,ABC Foodmart - Tribeca,2026-03-05 00:00,2026-03-05 00:00,meats,17.13
"Johnson, Samantha","Waller, Chad",samantha.johnson@abcfoodmart.com,2023-01-16,ABC Foodmart - Tribeca,2025-06-23 00:00,2025-06-23 00:00,floral,12.88
"Henderson, Nancy","Carter, Karen",nancy.henderson@abcfoodmart.com,2023-12-30,ABC Foodmart - Tribeca,2025-03-09 00:00,2025-03-09 00:00,cashier,18.06
"Werner, Kara","Moran, John",kara.werner@abcfoodmart.com,2023-10-12,ABC Foodmart - Bay Ridge,2025-11-21 00:00,2025-11-21 00:00,frozen foods,14.46
"Love, Thomas","Carter, Karen",thomas.love@abcfoodmart.com,2024-02-18,ABC Foodmart - DUMBO,2026-07-22 00:00,2026-07-22 00:00,bakery,17.10
"Werner, Kara","Ellis, Grant",kara.werner@abcfoodmart.com,2023-10-12,ABC Foodmart - Staten Island,2025-11-30 00:00,2025-11-30 00:00,meats,17.73
"Mckenzie, William","David, Mr.",william.mckenzie@abcfoodmart.com,2023-01-04,ABC Foodmart - Staten Island,2024-12-11 00:00,2024-12-11 00:00,cashier,12.56
"Pena, Johnathan","Farrell, Christopher",johnathan.pena@abcfoodmart.com,2023-02-22,ABC Foodmart - Whitestone,2025-04-04 00:00,2025-04-04 00:00,cashier,12.03
"Perry, Andrea","Williams, Gina",andrea.perry@abcfoodmart.com,2023-05-05,ABC Foodmart - Tribeca,2025-03-21 00:00,2025-03-21 00:00,dairy,14.30
"Jordan, Carla","Waller, Chad",carla.jordan@abcfoodmart.com,2023-12-17,ABC Foodmart - Whitestone,2025-07-18 00:00,2025-07-18 00:00,meats,17.27
"Smith, Brandy","Hoffman, Tina",brandy.smith@abcfoodmart.com,2023-12-26,ABC Foodmart - Bay Ridge,2026-05-20 00:00,2026-05-20 00:00,deli,18.68
"Brown, Lisa","David, Mr.",lisa.brown@abcfoodmart.com,2022-08-18,ABC Foodmart - DUMBO,2024-04-24 00:00,2024-04-24 00:00,pharmacy,13.05
"Perry, Andrea","Carter, Karen",andrea.perry@abcfoodmart.com,2023-05-05,ABC Foodmart - Bay Ridge,2025-03-30 00:00,2025-03-30 00:00,cashier,14.33
"Brooks, Renee","Williams, Gina",renee.brooks@abcfoodmart.com,2023-07-15,ABC Foodmart - DUMBO,2025-06-01 00:00,2025-06-01 00:00,cashier,18.18
"Thomas, Robert","David, Mr.",robert.thomas@abcfoodmart.com,2022-05-18,ABC Foodmart - DUMBO,2024-08-29 00:00,2024-08-29 00:00,frozen foods,17.75
"Perry, Andrea","Moran, John",andrea.perry@abcfoodmart.com,2023-05-05,ABC Foodmart - Bay Ridge,2025-04-06 00:00,2025-04-06 00:00,meats,16.41
"Woods, Marcus","Williams, Gina",marcus.woods@abcfoodmart.com,2024-04-01,ABC Foodmart - Bay Ridge,2026-02-19 00:00,2026-02-19 00:00,dry goods,13.46
"Johnson, Samantha","Moran, John",samantha.johnson@abcfoodmart.com,2023-01-16,ABC Foodmart - DUMBO,2025-06-29 00:00,2025-06-29 00:00,dairy,14.92
"Moore, Jason","Williams, Gina",jason.moore@abcfoodmart.com,2023-07-11,ABC Foodmart - Tribeca,2025-08-06 00:00,2025-08-06 00:00,dairy,19.48
"Brooks, Renee","Flores, Angela",renee.brooks@abcfoodmart.com,2023-07-15,ABC Foodmart - Staten Island,2025-06-27 00:00,2025-06-27 00:00,bakery,15.00
"Day, Natasha","Carter, Karen",natasha.day@abcfoodmart.com,2023-08-02,ABC Foodmart - DUMBO,2025-04-14 00:00,2025-04-14 00:00,dairy,18.79
"Bryan, Mr.","Cooper, Robert",mr..bryan@abcfoodmart.com,2023-08-26,ABC Foodmart - Bay Ridge,2025-10-18 00:00,2025-10-18 00:00,dairy,18.59
"Wells, Monica","Carter, Karen",monica.wells@abcfoodmart.com,2024-03-12,ABC Foodmart - Tribeca,2025-12-26 00:00,2025-12-26 00:00,deli,14.64
"Moyer, Steven","Ellis, Grant",steven.moyer@abcfoodmart.com,2022-12-26,ABC Foodmart - Tribeca,2024-03-04 00:00,2024-03-04 00:00,bakery,13.58
"Walls, Kristen","Flores, Angela",kristen.walls@abcfoodmart.com,2023-02-10,ABC Foodmart - Tribeca,2024-10-01 00:00,2024-10-01 00:00,dry goods,13.40
"Thomas, Robert","Carter, Karen",robert.thomas@abcfoodmart.com,2022-05-18,ABC Foodmart - DUMBO,2024-09-12 00:00,2024-09-12 00:00,meats,13.95
"Sean, Mr.","Hoffman, Tina",mr..sean@abcfoodmart.com,2023-03-25,ABC Foodmart - Tribeca,2025-02-03 00:00,2025-02-03 00:00,bakery,13.58
"Galvan, Lori","Flores, Angela",lori.galvan@abcfoodmart.com,2022-05-24,ABC Foodmart - DUMBO,2023-11-25 00:00,2023-11-25 00:00,seafood,13.27
"Blanchard, Ricky","Hoffman, Tina",ricky.blanchard@abcfoodmart.com,2023-05-23,ABC Foodmart - Bay Ridge,2025-02-04 00:00,2025-02-04 00:00,dairy,16.68
"Jackson, Michael","Hoffman, Tina",michael.jackson@abcfoodmart.com,2022-10-31,ABC Foodmart - DUMBO,2024-09-02 00:00,2024-09-02 00:00,frozen foods,17.03
"Mckinney, Marcus","Cooper, Robert",marcus.mckinney@abcfoodmart.com,2022-08-14,ABC Foodmart - Tribeca,2024-12-05 00:00,2024-12-05 00:00,fresh produce,13.38
"Warren, Timothy","Farrell, Christopher",timothy.warren@abcfoodmart.com,2022-12-27,ABC Foodmart - DUMBO,2025-04-01 00:00,2025-04-01 00:00,fresh produce,16.55
"Sean, Mr.","Cooper, Robert",mr..sean@abcfoodmart.com,2023-03-25,ABC Foodmart - Whitestone,2025-02-05 00:00,2025-02-05 00:00,seafood,19.53
"Foster, Kenneth","Williams, Gina",kenneth.foster@abcfoodmart.com,2023-04-23,ABC Foodmart - Tribeca,2025-06-07 00:00,2025-06-07 00:00,dry goods,15.15
"Woods, Marcus","Johnston, William",marcus.woods@abcfoodmart.com,2024-04-01,ABC Foodmart - Staten Island,2026-02-26 00:00,2026-02-26 00:00,customer service,15.51
"Chambers, Jeffrey","Johnston, William",jeffrey.chambers@abcfoodmart.com,2022-09-29,ABC Foodmart - Staten Island,2024-05-20 00:00,2024-05-20 00:00,fresh produce,17.32
"Werner, Kara","Johnston, William",kara.werner@abcfoodmart.com,2023-10-12,ABC Foodmart - Tribeca,2025-12-11 00:00,2025-12-11 00:00,cashier,12.67
"Church, Joshua","Carter, Karen",joshua.church@abcfoodmart.com,2024-03-03,ABC Foodmart - DUMBO,2026-06-04 00:00,2026-06-04 00:00,deli,17.82
"Jones, Evelyn","Cooper, Robert",evelyn.jones@abcfoodmart.com,2024-02-25,ABC Foodmart - Bay Ridge,2026-02-14 00:00,2026-02-14 00:00,dairy,12.04
"Ellis, Lauren","Waller, Chad",lauren.ellis@abcfoodmart.com,2022-10-22,ABC Foodmart - Tribeca,2024-09-10 00:00,2024-09-10 00:00,dairy,17.02
"Manning, Maria","Waller, Chad",maria.manning@abcfoodmart.com,2022-11-16,ABC Foodmart - Staten Island,2024-10-22 00:00,2024-10-22 00:00,dry goods,15.08
"Smith, Diana","Carter, Karen",diana.smith@abcfoodmart.com,2023-05-31,ABC Foodmart - Bay Ridge,2025-04-22 00:00,2025-04-22 00:00,customer service,14.97
"Campbell, Bethany","Hoffman, Tina",bethany.campbell@abcfoodmart.com,2023-10-07,ABC Foodmart - Tribeca,2025-05-30 00:00,2025-05-30 00:00,fresh produce,18.95
"Marquez, Jeffrey","David, Mr.",jeffrey.marquez@abcfoodmart.com,2023-02-19,ABC Foodmart - Bay Ridge,2025-01-30 00:00,2025-01-30 00:00,dry goods,18.39
"Wells, Monica","Williams, Gina",monica.wells@abcfoodmart.com,2024-03-12,ABC Foodmart - Whitestone,2026-01-21 00:00,2026-01-21 00:00,seafood,14.30
"Horton, Ashley","Compton, Jeffrey",ashley.horton@abcfoodmart.com,2024-01-24,ABC Foodmart - Bay Ridge,2026-04-03 00:00,2026-04-03 00:00,customer service,12.79
"Jones, Michael","David, Mr.",michael.jones@abcfoodmart.com,2023-01-19,ABC Foodmart - Staten Island,2024-05-11 00:00,2024-05-11 00:00,frozen foods,15.55
"Sosa, David","David, Mr.",david.sosa@abcfoodmart.com,2023-07-27,ABC Foodmart - Staten Island,2025-07-09 00:00,2025-07-09 00:00,dairy,16.99
"Riley, Ashley","Waller, Chad",ashley.riley@abcfoodmart.com,2022-08-17,ABC Foodmart - DUMBO,2024-12-02 00:00,2024-12-02 00:00,customer service,17.90
"Smith, Brandy","Farrell, Christopher",brandy.smith@abcfoodmart.com,2023-12-26,ABC Foodmart - Whitestone,2026-05-24 00:00,2026-05-24 00:00,seafood,12.01
"Myers, Gary","Waller, Chad",gary.myers@abcfoodmart.com,2023-10-13,ABC Foodmart - Staten Island,2025-06-20 00:00,2025-06-20 00:00,floral,14.36
"Hernandez, Michael","David, Mr.",michael.hernandez@abcfoodmart.com,2022-05-24,ABC Foodmart - Staten Island,2024-07-01 00:00,2024-07-01 00:00,floral,17.59
"Wells, Monica","Compton, Jeffrey",monica.wells@abcfoodmart.com,2024-03-12,ABC Foodmart - Bay Ridge,2026-01-28 00:00,2026-01-28 00:00,dry goods,14.14
"Thomas, Robert","Hoffman, Tina",robert.thomas@abcfoodmart.com,2022-05-18,ABC Foodmart - DUMBO,2024-10-07 00:00,2024-10-07 00:00,dry goods,15.41
"Roach, Christine","Carter, Karen",christine.roach@abcfoodmart.com,2023-10-15,ABC Foodmart - Whitestone,2025-11-28 00:00,2025-11-28 00:00,frozen foods,15.98
"Horton, Mark","Johnston, William",mark.horton@abcfoodmart.com,2023-02-14,ABC Foodmart - DUMBO,2024-08-01 00:00,2024-08-01 00:00,fresh produce,17.41
"Brown, Lisa","Cooper, Robert",lisa.brown@abcfoodmart.com,2022-08-18,ABC Foodmart - Tribeca,2024-05-01 00:00,2024-05-01 00:00,frozen foods,14.01
"Conrad, Frederick","Compton, Jeffrey",frederick.conrad@abcfoodmart.com,2023-11-24,ABC Foodmart - Tribeca,2026-02-13 00:00,2026-02-13 00:00,seafood,14.30
"Jones, Evelyn","Carter, Karen",evelyn.jones@abcfoodmart.com,2024-02-25,ABC Foodmart - Whitestone,2026-03-05 00:00,2026-03-05 00:00,meats,12.59
"Pena, Johnathan","Flores, Angela",johnathan.pena@abcfoodmart.com,2023-02-22,ABC Foodmart - Tribeca,2025-05-03 00:00,2025-05-03 00:00,pharmacy,19.82
"Bennett, Alec","Carter, Karen",alec.bennett@abcfoodmart.com,2023-10-03,ABC Foodmart - Tribeca,2025-07-29 00:00,2025-07-29 00:00,cashier,15.25
"Foster, Jennifer","Johnston, William",jennifer.foster@abcfoodmart.com,2023-06-15,ABC Foodmart - Staten Island,2025-06-12 00:00,2025-06-12 00:00,customer service,12.85
"Jones, Michael","David, Mr.",michael.jones@abcfoodmart.com,2023-01-19,ABC Foodmart - DUMBO,2024-06-07 00:00,2024-06-07 00:00,dry goods,14.33
"Garcia, Sarah","Compton, Jeffrey",sarah.garcia@abcfoodmart.com,2022-12-14,ABC Foodmart - Bay Ridge,2024-09-04 00:00,2024-09-04 00:00,dairy,15.02
"Ellis, Lauren","Hoffman, Tina",lauren.ellis@abcfoodmart.com,2022-10-22,ABC Foodmart - Tribeca,2024-10-08 00:00,2024-10-08 00:00,fresh produce,18.31
"Herrera, Spencer","Moran, John",spencer.herrera@abcfoodmart.com,2023-01-16,ABC Foodmart - Whitestone,2024-09-04 00:00,2024-09-04 00:00,pharmacy,15.83
"Terri, Mrs.","David, Mr.",mrs..terri@abcfoodmart.com,2022-09-23,ABC Foodmart - Staten Island,2024-10-09 00:00,2024-10-09 00:00,floral,17.70
"Nichols, Mitchell","Compton, Jeffrey",mitchell.nichols@abcfoodmart.com,2022-09-30,ABC Foodmart - Staten Island,2024-06-10 00:00,2024-06-10 00:00,cashier,16.75
"Sosa, David","Waller, Chad",david.sosa@abcfoodmart.com,2023-07-27,ABC Foodmart - DUMBO,2025-07-29 00:00,2025-07-29 00:00,pharmacy,12.05
"Hayes, Brandon","Johnston, William",brandon.hayes@abcfoodmart.com,2022-09-28,ABC Foodmart - DUMBO,2024-08-06 00:00,2024-08-06 00:00,pharmacy,14.34
"Thompson, Matthew","Ellis, Grant",matthew.thompson@abcfoodmart.com,2022-04-22,ABC Foodmart - Bay Ridge,2024-01-06 00:00,2024-01-06 00:00,cashier,15.53
"Payne, Samantha","Cooper, Robert",samantha.payne@abcfoodmart.com,2024-04-06,ABC Foodmart - Tribeca,2026-02-01 00:00,2026-02-01 00:00,pharmacy,17.88
"Henderson, Nancy","David, Mr.",nancy.henderson@abcfoodmart.com,2023-12-30,ABC Foodmart - Bay Ridge,2025-03-28 00:00,2025-03-28 00:00,bakery,16.07
"Bradley, Rita","Flores, Angela",rita.bradley@abcfoodmart.com,2023-08-06,ABC Foodmart - Whitestone,2025-07-18 00:00,2025-07-18 00:00,pharmacy,13.39
"Spears, Erin","Williams, Gina",erin.spears@abcfoodmart.com,2023-07-30,ABC Foodmart - Bay Ridge,2025-09-30 00:00,2025-09-30 00:00,pharmacy,14.60
"Thomas, Robert","Cooper, Robert",robert.thomas@abcfoodmart.com,2022-05-18,ABC Foodmart - Whitestone,2024-10-24 00:00,2024-10-24 00:00,dairy,17.87
"Gardner, Laura","Williams, Gina",laura.gardner@abcfoodmart.com,2023-09-04,ABC Foodmart - Tribeca,2025-09-01 00:00,2025-09-01 00:00,floral,15.72
"Golden, Laurie","Williams, Gina",laurie.golden@abcfoodmart.com,2023-12-23,ABC Foodmart - Whitestone,2025-06-30 00:00,2025-06-30 00:00,floral,16.14
"Atkinson, Gary","Carter, Karen",gary.atkinson@abcfoodmart.com,2022-05-24,ABC Foodmart - Whitestone,2024-08-06 00:00,2024-08-06 00:00,pharmacy,14.97
"Conrad, Frederick","Moran, John",frederick.conrad@abcfoodmart.com,2023-11-24,ABC Foodmart - Bay Ridge,2026-02-17 00:00,2026-02-17 00:00,frozen foods,19.06
"Wells, Monica","Waller, Chad",monica.wells@abcfoodmart.com,2024-03-12,ABC Foodmart - DUMBO,2026-02-01 00:00,2026-02-01 00:00,dry goods,17.80
"Rogers, Mark","Hoffman, Tina",mark.rogers@abcfoodmart.com,2023-05-08,ABC Foodmart - Whitestone,2024-06-29 00:00,2024-06-29 00:00,pharmacy,17.53
"Alvarez, Brenda","Farrell, Christopher",brenda.alvarez@abcfoodmart.com,2023-11-16,ABC Foodmart - Staten Island,2025-12-27 00:00,2025-12-27 00:00,deli,15.42
"Torres, Steven","Hoffman, Tina",steven.torres@abcfoodmart.com,2023-05-10,ABC Foodmart - DUMBO,2025-05-04 00:00,2025-05-04 00:00,meats,18.63
"Martin, Monica","Williams, Gina",monica.martin@abcfoodmart.com,2023-11-23,ABC Foodmart - Staten Island,2026-07-18 00:00,2026-07-18 00:00,frozen foods,17.59
"Jones, Michael","Williams, Gina",michael.jones@abcfoodmart.com,2023-01-19,ABC Foodmart - Bay Ridge,2024-06-17 00:00,2024-06-17 00:00,meats,16.92
"Kerr, Jason","Cooper, Robert",jason.kerr@abcfoodmart.com,2022-11-21,ABC Foodmart - Bay Ridge,2024-10-12 00:00,2024-10-12 00:00,dry goods,16.62
"Myers, Gary","Moran, John",gary.myers@abcfoodmart.com,2023-10-13,ABC Foodmart - Tribeca,2025-07-02 00:00,2025-07-02 00:00,dry goods,16.14
"Smith, Diana","Waller, Chad",diana.smith@abcfoodmart.com,2023-05-31,ABC Foodmart - Tribeca,2025-05-09 00:00,2025-05-09 00:00,cashier,15.69
"Vasquez, Peter","Moran, John",peter.vasquez@abcfoodmart.com,2023-01-05,ABC Foodmart - Whitestone,2024-11-23 00:00,2024-11-23 00:00,cashier,13.36
"Horton, Mark","Flores, Angela",mark.horton@abcfoodmart.com,2023-02-14,ABC Foodmart - DUMBO,2024-08-24 00:00,2024-08-24 00:00,customer service,13.99
"Gonzalez, Michele","Compton, Jeffrey",michele.gonzalez@abcfoodmart.com,2023-09-23,ABC Foodmart - Tribeca,2025-05-21 00:00,2025-05-21 00:00,deli,16.67
"Jordan, Carla","Compton, Jeffrey",carla.jordan@abcfoodmart.com,2023-12-17,ABC Foodmart - Whitestone,2025-08-15 00:00,2025-08-15 00:00,seafood,19.42
"Jordan, Carla","Cooper, Robert",carla.jordan@abcfoodmart.com,2023-12-17,ABC Foodmart - DUMBO,2025-08-25 00:00,2025-08-25 00:00,meats,12.66
"Blanchard, Ricky","Johnston, William",ricky.blanchard@abcfoodmart.com,2023-05-23,ABC Foodmart - DUMBO,2025-02-07 00:00,2025-02-07 00:00,customer service,16.67
"Kerr, Jason","Johnston, William",jason.kerr@abcfoodmart.com,2022-11-21,ABC Foodmart - Bay Ridge,2024-10-19 00:00,2024-10-19 00:00,floral,17.26
"Terri, Mrs.","Waller, Chad",mrs..terri@abcfoodmart.com,2022-09-23,ABC Foodmart - Whitestone,2024-10-29 00:00,2024-10-29 00:00,seafood,19.99
"Sean, Mr.","Moran, John",mr..sean@abcfoodmart.com,2023-03-25,ABC Foodmart - Bay Ridge,2025-02-13 00:00,2025-02-13 00:00,fresh produce,14.24
"Wells, Monica","Flores, Angela",monica.wells@abcfoodmart.com,2024-03-12,ABC Foodmart - Tribeca,2026-02-09 00:00,2026-02-09 00:00,bakery,14.40
"Frederick, Evan","Compton, Jeffrey",evan.frederick@abcfoodmart.com,2023-02-24,ABC Foodmart - Bay Ridge,2024-05-29 00:00,2024-05-29 00:00,bakery,16.28
"Eric, Mr.","Hoffman, Tina",mr..eric@abcfoodmart.com,2022-09-02,ABC Foodmart - Bay Ridge,2024-01-12 00:00,2024-01-12 00:00,meats,19.97
"Vasquez, Peter","Hoffman, Tina",peter.vasquez@abcfoodmart.com,2023-01-05,ABC Foodmart - DUMBO,2024-11-27 00:00,2024-11-27 00:00,dairy,14.52
"Bradley, Rita","Waller, Chad",rita.bradley@abcfoodmart.com,2023-08-06,ABC Foodmart - Whitestone,2025-07-25 00:00,2025-07-25 00:00,meats,12.16
"Sosa, David","David, Mr.",david.sosa@abcfoodmart.com,2023-07-27,ABC Foodmart - DUMBO,2025-08-12 00:00,2025-08-12 00:00,cashier,12.33
"Jones, Evelyn","David, Mr.",evelyn.jones@abcfoodmart.com,2024-02-25,ABC Foodmart - Staten Island,2026-03-09 00:00,2026-03-09 00:00,pharmacy,13.22
"Mckinney, Marcus","Carter, Karen",marcus.mckinney@abcfoodmart.com,2022-08-14,ABC Foodmart - Whitestone,2025-01-01 00:00,2025-01-01 00:00,meats,18.07
"Dodson, Courtney","Ellis, Grant",courtney.dodson@abcfoodmart.com,2023-01-10,ABC Foodmart - DUMBO,2025-03-09 00:00,2025-03-09 00:00,bakery,12.47
"Brooks, Renee","Flores, Angela",renee.brooks@abcfoodmart.com,2023-07-15,ABC Foodmart - Tribeca,2025-06-29 00:00,2025-06-29 00:00,bakery,15.76
"Perry, Andrea","Farrell, Christopher",andrea.perry@abcfoodmart.com,2023-05-05,ABC Foodmart - DUMBO,2025-04-21 00:00,2025-04-21 00:00,cashier,16.56
"Myers, Gary","Compton, Jeffrey",gary.myers@abcfoodmart.com,2023-10-13,ABC Foodmart - Tribeca,2025-07-14 00:00,2025-07-14 00:00,dry goods,14.13
"Jacobs, Brenda","Moran, John",brenda.jacobs@abcfoodmart.com,2024-02-09,ABC Foodmart - Whitestone,2025-09-03 00:00,2025-09-03 00:00,meats,15.97
"Thompson, Andrea","Waller, Chad",andrea.thompson@abcfoodmart.com,2023-01-06,ABC Foodmart - Staten Island,2025-01-06 00:00,2025-01-06 00:00,seafood,18.90
"Gonzalez, Michele","Hoffman, Tina",michele.gonzalez@abcfoodmart.com,2023-09-23,ABC Foodmart - DUMBO,2025-05-29 00:00,2025-05-29 00:00,bakery,12.41
"Smith, Diana","David, Mr.",diana.smith@abcfoodmart.com,2023-05-31,ABC Foodmart - Whitestone,2025-06-04 00:00,2025-06-04 00:00,dairy,18.14
"Werner, Kara","Ellis, Grant",kara.werner@abcfoodmart.com,2023-10-12,ABC Foodmart - Tribeca,2025-12-13 00:00,2025-12-13 00:00,frozen foods,13.87
"Gonzalez, Michele","Hoffman, Tina",michele.gonzalez@abcfoodmart.com,2023-09-23,ABC Foodmart - Whitestone,2025-06-25 00:00,2025-06-25 00:00,deli,19.12
"Williams, Michael","Carter, Karen",michael.williams@abcfoodmart.com,2023-06-11,ABC Foodmart - Staten Island,2025-02-16 00:00,2025-02-16 00:00,floral,15.31
"Garcia, Sarah","Flores, Angela",sarah.garcia@abcfoodmart.com,2022-12-14,ABC Foodmart - Staten Island,2024-09-23 00:00,2024-09-23 00:00,frozen foods,13.23
"Roach, Christine","Williams, Gina",christine.roach@abcfoodmart.com,2023-10-15,ABC Foodmart - Tribeca,2025-12-13 00:00,2025-12-13 00:00,dry goods,18.99
"Woods, Marcus","Waller, Chad",marcus.woods@abcfoodmart.com,2024-04-01,ABC Foodmart - Bay Ridge,2026-03-22 00:00,2026-03-22 00:00,customer service,13.28
"Warren, Timothy","Moran, John",timothy.warren@abcfoodmart.com,2022-12-27,ABC Foodmart - DUMBO,2025-04-07 00:00,2025-04-07 00:00,frozen foods,16.24
"Thompson, Matthew","Flores, Angela",matthew.thompson@abcfoodmart.com,2022-04-22,ABC Foodmart - Whitestone,2024-01-12 00:00,2024-01-12 00:00,fresh produce,19.68
"Woods, Marcus","Cooper, Robert",marcus.woods@abcfoodmart.com,2024-04-01,ABC Foodmart - DUMBO,2026-03-23 00:00,2026-03-23 00:00,dairy,13.36
"Sosa, David","Johnston, William",david.sosa@abcfoodmart.com,2023-07-27,ABC Foodmart - Staten Island,2025-09-07 00:00,2025-09-07 00:00,dairy,14.99
"Gardner, Laura","Moran, John",laura.gardner@abcfoodmart.com,2023-09-04,ABC Foodmart - Whitestone,2025-09-17 00:00,2025-09-17 00:00,fresh produce,14.60
"Terri, Mrs.","Williams, Gina",mrs..terri@abcfoodmart.com,2022-09-23,ABC Foodmart - Whitestone,2024-11-25 00:00,2024-11-25 00:00,dry goods,18.13
"Dodson, Courtney","David, Mr.",courtney.dodson@abcfoodmart.com,2023-01-10,ABC Foodmart - Tribeca,2025-04-07 00:00,2025-04-07 00:00,dry goods,13.98
"Jones, Evelyn","Compton, Jeffrey",evelyn.jones@abcfoodmart.com,2024-02-25,ABC Foodmart - Whitestone,2026-03-28 00:00,2026-03-28 00:00,seafood,14.19
"Kerr, Jason","Hoffman, Tina",jason.kerr@abcfoodmart.com,2022-11-21,ABC Foodmart - DUMBO,2024-11-01 00:00,2024-11-01 00:00,dairy,14.24
"Terri, Mrs.","Ellis, Grant",mrs..terri@abcfoodmart.com,2022-09-23,ABC Foodmart - Bay Ridge,2024-12-03 00:00,2024-12-03 00:00,dairy,16.90
"Horton, Mark","Flores, Angela",mark.horton@abcfoodmart.com,2023-02-14,ABC Foodmart - DUMBO,2024-09-16 00:00,2024-09-16 00:00,floral,19.76
"Horton, Mark","Moran, John",mark.horton@abcfoodmart.com,2023-02-14,ABC Foodmart - DUMBO,2024-10-07 00:00,2024-10-07 00:00,cashier,18.41
"Hernandez, Michael","Carter, Karen",michael.hernandez@abcfoodmart.com,2022-05-24,ABC Foodmart - DUMBO,2024-07-02 00:00,2024-07-02 00:00,cashier,18.25
"Chen, Kathleen","Compton, Jeffrey",kathleen.chen@abcfoodmart.com,2024-02-03,ABC Foodmart - Staten Island,2025-11-29 00:00,2025-11-29 00:00,dairy,15.66
"Carroll, Eric","Waller, Chad",eric.carroll@abcfoodmart.com,2022-12-26,ABC Foodmart - Tribeca,2025-04-12 00:00,2025-04-12 00:00,pharmacy,19.76
"Moyer, Steven","Compton, Jeffrey",steven.moyer@abcfoodmart.com,2022-12-26,ABC Foodmart - Bay Ridge,2024-03-15 00:00,2024-03-15 00:00,seafood,14.00
"Smith, Brandy","Cooper, Robert",brandy.smith@abcfoodmart.com,2023-12-26,ABC Foodmart - Tribeca,2026-05-26 00:00,2026-05-26 00:00,floral,19.37
"Gonzalez, Michele","Ellis, Grant",michele.gonzalez@abcfoodmart.com,2023-09-23,ABC Foodmart - Whitestone,2025-07-22 00:00,2025-07-22 00:00,meats,16.01
"Foster, Kenneth","Hoffman, Tina",kenneth.foster@abcfoodmart.com,2023-04-23,ABC Foodmart - DUMBO,2025-06-29 00:00,2025-06-29 00:00,meats,14.18
"Bryan, Mr.","Farrell, Christopher",mr..bryan@abcfoodmart.com,2023-08-26,ABC Foodmart - Whitestone,2025-11-10 00:00,2025-11-10 00:00,dry goods,16.35
"Smith, Brandy","Farrell, Christopher",brandy.smith@abcfoodmart.com,2023-12-26,ABC Foodmart - Whitestone,2026-06-01 00:00,2026-06-01 00:00,fresh produce,18.36
"Terri, Mrs.","Waller, Chad",mrs..terri@abcfoodmart.com,2022-09-23,ABC Foodmart - Bay Ridge,2024-12-15 00:00,2024-12-15 00:00,dairy,19.88
"Durham, Denise","Waller, Chad",denise.durham@abcfoodmart.com,2022-10-24,ABC Foodmart - Staten Island,2024-08-10 00:00,2024-08-10 00:00,seafood,14.97
"Nichols, Brandon","Waller, Chad",brandon.nichols@abcfoodmart.com,2024-02-28,ABC Foodmart - Staten Island,2026-04-05 00:00,2026-04-05 00:00,pharmacy,17.18
"Nichols, Brandon","Flores, Angela",brandon.nichols@abcfoodmart.com,2024-02-28,ABC Foodmart - Staten Island,2026-04-25 00:00,2026-04-25 00:00,seafood,16.67
"Hayes, Brandon","Moran, John",brandon.hayes@abcfoodmart.com,2022-09-28,ABC Foodmart - Staten Island,2024-08-07 00:00,2024-08-07 00:00,cashier,12.78
"Gross, Andrew","Flores, Angela",andrew.gross@abcfoodmart.com,2022-04-30,ABC Foodmart - Bay Ridge,2023-10-09 00:00,2023-10-09 00:00,meats,18.53
"Thompson, Andrea","Carter, Karen",andrea.thompson@abcfoodmart.com,2023-01-06,ABC Foodmart - Staten Island,2025-02-04 00:00,2025-02-04 00:00,frozen foods,14.43
"Jones, Michael","Compton, Jeffrey",michael.jones@abcfoodmart.com,2023-01-19,ABC Foodmart - DUMBO,2024-06-29 00:00,2024-06-29 00:00,dry goods,18.54
"Jones, Evelyn","Cooper, Robert",evelyn.jones@abcfoodmart.com,2024-02-25,ABC Foodmart - Tribeca,2026-04-25 00:00,2026-04-25 00:00,dairy,13.74
"Bradley, Rita","Cooper, Robert",rita.bradley@abcfoodmart.com,2023-08-06,ABC Foodmart - Staten Island,2025-08-02 00:00,2025-08-02 00:00,pharmacy,17.67
"Horton, Mark","Ellis, Grant",mark.horton@abcfoodmart.com,2023-02-14,ABC Foodmart - Tribeca,2024-10-11 00:00,2024-10-11 00:00,dairy,12.24
"Alvarez, Brenda","Williams, Gina",brenda.alvarez@abcfoodmart.com,2023-11-16,ABC Foodmart - Bay Ridge,2026-01-23 00:00,2026-01-23 00:00,dry goods,17.11
"Walls, Kristen","Johnston, William",kristen.walls@abcfoodmart.com,2023-02-10,ABC Foodmart - Tribeca,2024-10-11 00:00,2024-10-11 00:00,deli,14.91
"Carroll, Eric","Flores, Angela",eric.carroll@abcfoodmart.com,2022-12-26,ABC Foodmart - Whitestone,2025-04-27 00:00,2025-04-27 00:00,customer service,16.99
"Jones, Michael","Johnston, William",michael.jones@abcfoodmart.com,2023-01-19,ABC Foodmart - Staten Island,2024-07-15 00:00,2024-07-15 00:00,floral,16.36
"Herrera, Spencer","Ellis, Grant",spencer.herrera@abcfoodmart.com,2023-01-16,ABC Foodmart - Whitestone,2024-09-14 00:00,2024-09-14 00:00,floral,13.56
"Vasquez, Peter","Carter, Karen",peter.vasquez@abcfoodmart.com,2023-01-05,ABC Foodmart - DUMBO,2024-11-28 00:00,2024-11-28 00:00,pharmacy,12.59
"Werner, Kara","Moran, John",kara.werner@abcfoodmart.com,2023-10-12,ABC Foodmart - Staten Island,2025-12-22 00:00,2025-12-22 00:00,bakery,15.48
"Randolph, Emily","Ellis, Grant",emily.randolph@abcfoodmart.com,2023-03-09,ABC Foodmart - Bay Ridge,2024-12-19 00:00,2024-12-19 00:00,dry goods,13.98
"Foster, Kenneth","Johnston, William",kenneth.foster@abcfoodmart.com,2023-04-23,ABC Foodmart - Whitestone,2025-07-01 00:00,2025-07-01 00:00,fresh produce,17.38
"Waters, Julie","Hoffman, Tina",julie.waters@abcfoodmart.com,2023-05-20,ABC Foodmart - Whitestone,2025-05-03 00:00,2025-05-03 00:00,bakery,15.13
"Wells, Monica","Waller, Chad",monica.wells@abcfoodmart.com,2024-03-12,ABC Foodmart - Bay Ridge,2026-02-27 00:00,2026-02-27 00:00,meats,18.41
"Kramer, Veronica","Williams, Gina",veronica.kramer@abcfoodmart.com,2023-03-28,ABC Foodmart - Tribeca,2025-03-11 00:00,2025-03-11 00:00,fresh produce,16.68
"Jessica, Ms.","David, Mr.",ms..jessica@abcfoodmart.com,2022-06-10,ABC Foodmart - Staten Island,2024-07-04 00:00,2024-07-04 00:00,frozen foods,17.07
"Jacobs, Brenda","Flores, Angela",brenda.jacobs@abcfoodmart.com,2024-02-09,ABC Foodmart - Tribeca,2025-09-20 00:00,2025-09-20 00:00,seafood,13.34
"Bryan, Mr.","Carter, Karen",mr..bryan@abcfoodmart.com,2023-08-26,ABC Foodmart - Whitestone,2025-11-17 00:00,2025-11-17 00:00,deli,15.99
"Mckinney, Marcus","Hoffman, Tina",marcus.mckinney@abcfoodmart.com,2022-08-14,ABC Foodmart - DUMBO,2025-01-17 00:00,2025-01-17 00:00,dry goods,12.79
"Riley, Ashley","Moran, John",ashley.riley@abcfoodmart.com,2022-08-17,ABC Foodmart - Tribeca,2024-12-17 00:00,2024-12-17 00:00,deli,13.66
"Shah, Amanda","Johnston, William",amanda.shah@abcfoodmart.com,2023-10-07,ABC Foodmart - Staten Island,2025-12-11 00:00,2025-12-11 00:00,deli,16.62
"Horton, Ashley","Johnston, William",ashley.horton@abcfoodmart.com,2024-01-24,ABC Foodmart - DUMBO,2026-04-22 00:00,2026-04-22 00:00,meats,15.96
"Chen, Kathleen","Johnston, William",kathleen.chen@abcfoodmart.com,2024-02-03,ABC Foodmart - Bay Ridge,2025-12-11 00:00,2025-12-11 00:00,bakery,13.17
"Jackson, Gary","Hoffman, Tina",gary.jackson@abcfoodmart.com,2022-09-08,ABC Foodmart - DUMBO,2024-05-15 00:00,2024-05-15 00:00,dry goods,15.37
"Henderson, Nancy","Carter, Karen",nancy.henderson@abcfoodmart.com,2023-12-30,ABC Foodmart - Whitestone,2025-04-01 00:00,2025-04-01 00:00,dry goods,13.39
"Colon, Lindsey","Farrell, Christopher",lindsey.colon@abcfoodmart.com,2023-02-16,ABC Foodmart - Tribeca,2025-07-15 00:00,2025-07-15 00:00,fresh produce,13.46
"Sosa, David","David, Mr.",david.sosa@abcfoodmart.com,2023-07-27,ABC Foodmart - Staten Island,2025-09-09 00:00,2025-09-09 00:00,seafood,17.39
"Frederick, Evan","David, Mr.",evan.frederick@abcfoodmart.com,2023-02-24,ABC Foodmart - Whitestone,2024-06-10 00:00,2024-06-10 00:00,floral,18.40
"Horton, Ashley","Hoffman, Tina",ashley.horton@abcfoodmart.com,2024-01-24,ABC Foodmart - Staten Island,2026-05-14 00:00,2026-05-14 00:00,seafood,17.08
"Kerr, Jason","Waller, Chad",jason.kerr@abcfoodmart.com,2022-11-21,ABC Foodmart - Tribeca,2024-11-24 00:00,2024-11-24 00:00,cashier,18.61
"Frederick, Evan","Ellis, Grant",evan.frederick@abcfoodmart.com,2023-02-24,ABC Foodmart - Bay Ridge,2024-07-01 00:00,2024-07-01 00:00,customer service,16.74
"Thompson, Matthew","Flores, Angela",matthew.thompson@abcfoodmart.com,2022-04-22,ABC Foodmart - DUMBO,2024-02-06 00:00,2024-02-06 00:00,meats,15.59
"Walls, Kristen","Compton, Jeffrey",kristen.walls@abcfoodmart.com,2023-02-10,ABC Foodmart - Bay Ridge,2024-10-16 00:00,2024-10-16 00:00,frozen foods,19.32
"Horton, Ashley","Williams, Gina",ashley.horton@abcfoodmart.com,2024-01-24,ABC Foodmart - Tribeca,2026-05-20 00:00,2026-05-20 00:00,fresh produce,15.62
"Jackson, Michael","Hoffman, Tina",michael.jackson@abcfoodmart.com,2022-10-31,ABC Foodmart - Staten Island,2024-09-23 00:00,2024-09-23 00:00,floral,19.26
"Jones, Christopher","Moran, John",christopher.jones@abcfoodmart.com,2022-05-19,ABC Foodmart - Whitestone,2024-09-16 00:00,2024-09-16 00:00,dry goods,12.54
"Bradley, Rita","Johnston, William",rita.bradley@abcfoodmart.com,2023-08-06,ABC Foodmart - Bay Ridge,2025-08-09 00:00,2025-08-09 00:00,floral,13.57
"Williams, Michael","Waller, Chad",michael.williams@abcfoodmart.com,2023-06-11,ABC Foodmart - Bay Ridge,2025-02-26 00:00,2025-02-26 00:00,seafood,13.73
"Wilson, Jill","Compton, Jeffrey",jill.wilson@abcfoodmart.com,2022-12-06,ABC Foodmart - Staten Island,2024-10-21 00:00,2024-10-21 00:00,frozen foods,14.60
"Chambers, Jeffrey","David, Mr.",jeffrey.chambers@abcfoodmart.com,2022-09-29,ABC Foodmart - Staten Island,2024-06-11 00:00,2024-06-11 00:00,frozen foods,12.70
"Terri, Mrs.","Carter, Karen",mrs..terri@abcfoodmart.com,2022-09-23,ABC Foodmart - Bay Ridge,2025-01-02 00:00,2025-01-02 00:00,bakery,18.96
"Pena, Johnathan","Flores, Angela",johnathan.pena@abcfoodmart.com,2023-02-22,ABC Foodmart - Staten Island,2025-05-20 00:00,2025-05-20 00:00,bakery,15.00
"Pena, Johnathan","Williams, Gina",johnathan.pena@abcfoodmart.com,2023-02-22,ABC Foodmart - DUMBO,2025-06-07 00:00,2025-06-07 00:00,seafood,19.79
"Frederick, Evan","David, Mr.",evan.frederick@abcfoodmart.com,2023-02-24,ABC Foodmart - Bay Ridge,2024-07-07 00:00,2024-07-07 00:00,bakery,16.77
"Mckinney, Marcus","Williams, Gina",marcus.mckinney@abcfoodmart.com,2022-08-14,ABC Foodmart - Staten Island,2025-02-10 00:00,2025-02-10 00:00,fresh produce,18.11
"Thompson, Andrea","Compton, Jeffrey",andrea.thompson@abcfoodmart.com,2023-01-06,ABC Foodmart - Bay Ridge,2025-02-13 00:00,2025-02-13 00:00,customer service,15.54
"Long, Kirsten","Cooper, Robert",kirsten.long@abcfoodmart.com,2024-02-24,ABC Foodmart - Staten Island,2026-04-28 00:00,2026-04-28 00:00,seafood,12.92
"Bryan, Mr.","Hoffman, Tina",mr..bryan@abcfoodmart.com,2023-08-26,ABC Foodmart - Whitestone,2025-11-22 00:00,2025-11-22 00:00,dry goods,19.85
"Moyer, Steven","Flores, Angela",steven.moyer@abcfoodmart.com,2022-12-26,ABC Foodmart - Whitestone,2024-04-01 00:00,2024-04-01 00:00,bakery,16.05
"Tate, Harry","Williams, Gina",harry.tate@abcfoodmart.com,2022-09-18,ABC Foodmart - Whitestone,2024-08-28 00:00,2024-08-28 00:00,floral,17.31
"Rogers, Mark","Ellis, Grant",mark.rogers@abcfoodmart.com,2023-05-08,ABC Foodmart - Whitestone,2024-07-21 00:00,2024-07-21 00:00,customer service,18.95
"Walters, Jay","Hoffman, Tina",jay.walters@abcfoodmart.com,2023-12-17,ABC Foodmart - Whitestone,2026-08-13 00:00,2026-08-13 00:00,cashier,14.65
"Durham, Denise","Hoffman, Tina",denise.durham@abcfoodmart.com,2022-10-24,ABC Foodmart - DUMBO,2024-08-22 00:00,2024-08-22 00:00,deli,12.05
"Thompson, Matthew","Compton, Jeffrey",matthew.thompson@abcfoodmart.com,2022-04-22,ABC Foodmart - Whitestone,2024-02-13 00:00,2024-02-13 00:00,floral,15.50
"Meyer, James","Williams, Gina",james.meyer@abcfoodmart.com,2022-05-02,ABC Foodmart - Whitestone,2025-02-21 00:00,2025-02-21 00:00,seafood,17.75
"Vasquez, Peter","Hoffman, Tina",peter.vasquez@abcfoodmart.com,2023-01-05,ABC Foodmart - DUMBO,2024-12-24 00:00,2024-12-24 00:00,fresh produce,16.76
"Moyer, Steven","Hoffman, Tina",steven.moyer@abcfoodmart.com,2022-12-26,ABC Foodmart - DUMBO,2024-04-02 00:00,2024-04-02 00:00,seafood,13.76
"Alvarez, Brenda","Compton, Jeffrey",brenda.alvarez@abcfoodmart.com,2023-11-16,ABC Foodmart - Bay Ridge,2026-02-16 00:00,2026-02-16 00:00,pharmacy,12.78
"Moyer, Steven","Williams, Gina",steven.moyer@abcfoodmart.com,2022-12-26,ABC Foodmart - Tribeca,2024-04-08 00:00,2024-04-08 00:00,dry goods,17.72
"Meyer, James","Johnston, William",james.meyer@abcfoodmart.com,2022-05-02,ABC Foodmart - Whitestone,2025-03-08 00:00,2025-03-08 00:00,floral,14.52
"Harrell, Angie","David, Mr.",angie.harrell@abcfoodmart.com,2023-06-01,ABC Foodmart - DUMBO,2025-05-10 00:00,2025-05-10 00:00,bakery,15.61
"Waters, Julie","Johnston, William",julie.waters@abcfoodmart.com,2023-05-20,ABC Foodmart - Bay Ridge,2025-05-26 00:00,2025-05-26 00:00,floral,15.25
"Mckinney, Marcus","Hoffman, Tina",marcus.mckinney@abcfoodmart.com,2022-08-14,ABC Foodmart - Staten Island,2025-03-09 00:00,2025-03-09 00:00,deli,12.93
"Harrell, Angie","Compton, Jeffrey",angie.harrell@abcfoodmart.com,2023-06-01,ABC Foodmart - Staten Island,2025-06-05 00:00,2025-06-05 00:00,customer service,14.97
"Jackson, Michael","Waller, Chad",michael.jackson@abcfoodmart.com,2022-10-31,ABC Foodmart - Tribeca,2024-10-19 00:00,2024-10-19 00:00,frozen foods,17.92
"Love, Thomas","Ellis, Grant",thomas.love@abcfoodmart.com,2024-02-18,ABC Foodmart - DUMBO,2026-07-28 00:00,2026-07-28 00:00,floral,15.00
"Roach, Christine","Compton, Jeffrey",christine.roach@abcfoodmart.com,2023-10-15,ABC Foodmart - Whitestone,2025-12-29 00:00,2025-12-29 00:00,bakery,17.44
"Campbell, Brittany","Cooper, Robert",brittany.campbell@abcfoodmart.com,2023-03-25,ABC Foodmart - DUMBO,2025-05-07 00:00,2025-05-07 00:00,cashier,17.04
"Herrera, Spencer","Compton, Jeffrey",spencer.herrera@abcfoodmart.com,2023-01-16,ABC Foodmart - DUMBO,2024-10-10 00:00,2024-10-10 00:00,pharmacy,12.67
"Bryan, Mr.","Cooper, Robert",mr..bryan@abcfoodmart.com,2023-08-26,ABC Foodmart - Tribeca,2025-12-18 00:00,2025-12-18 00:00,deli,13.36
"Johnson, Samantha","Compton, Jeffrey",samantha.johnson@abcfoodmart.com,2023-01-16,ABC Foodmart - Staten Island,2025-07-21 00:00,2025-07-21 00:00,frozen foods,18.16
"Pena, Johnathan","Waller, Chad",johnathan.pena@abcfoodmart.com,2023-02-22,ABC Foodmart - Staten Island,2025-06-29 00:00,2025-06-29 00:00,fresh produce,12.50
"Wilson, Jill","Ellis, Grant",jill.wilson@abcfoodmart.com,2022-12-06,ABC Foodmart - Whitestone,2024-10-22 00:00,2024-10-22 00:00,deli,13.50
"Blanchard, Ricky","Cooper, Robert",ricky.blanchard@abcfoodmart.com,2023-05-23,ABC Foodmart - Staten Island,2025-02-18 00:00,2025-02-18 00:00,meats,19.19
"Gross, Andrew","Johnston, William",andrew.gross@abcfoodmart.com,2022-04-30,ABC Foodmart - Bay Ridge,2023-10-10 00:00,2023-10-10 00:00,dairy,19.91
"Gonzalez, Michele","Compton, Jeffrey",michele.gonzalez@abcfoodmart.com,2023-09-23,ABC Foodmart - DUMBO,2025-08-09 00:00,2025-08-09 00:00,pharmacy,13.02
"Hughes, Christopher","Compton, Jeffrey",christopher.hughes@abcfoodmart.com,2022-09-01,ABC Foodmart - Whitestone,2024-10-17 00:00,2024-10-17 00:00,dairy,19.14
"Williams, Michael","David, Mr.",michael.williams@abcfoodmart.com,2023-06-11,ABC Foodmart - Bay Ridge,2025-03-03 00:00,2025-03-03 00:00,meats,13.85
"Conrad, Frederick","Carter, Karen",frederick.conrad@abcfoodmart.com,2023-11-24,ABC Foodmart - DUMBO,2026-03-16 00:00,2026-03-16 00:00,floral,16.04
"Love, Thomas","Carter, Karen",thomas.love@abcfoodmart.com,2024-02-18,ABC Foodmart - Staten Island,2026-08-06 00:00,2026-08-06 00:00,floral,12.72
"Jackson, Michael","Flores, Angela",michael.jackson@abcfoodmart.com,2022-10-31,ABC Foodmart - DUMBO,2024-10-23 00:00,2024-10-23 00:00,frozen foods,16.42
"Long, Kirsten","Johnston, William",kirsten.long@abcfoodmart.com,2024-02-24,ABC Foodmart - Staten Island,2026-05-23 00:00,2026-05-23 00:00,floral,15.77
"Roach, Christine","Williams, Gina",christine.roach@abcfoodmart.com,2023-10-15,ABC Foodmart - Staten Island,2026-01-16 00:00,2026-01-16 00:00,bakery,19.23
"Owens, Jeffrey","Compton, Jeffrey",jeffrey.owens@abcfoodmart.com,2022-05-03,ABC Foodmart - Whitestone,2023-12-21 00:00,2023-12-21 00:00,deli,12.20
"Chambers, Jeffrey","David, Mr.",jeffrey.chambers@abcfoodmart.com,2022-09-29,ABC Foodmart - Tribeca,2024-06-25 00:00,2024-06-25 00:00,floral,13.72
"Hughes, Christopher","David, Mr.",christopher.hughes@abcfoodmart.com,2022-09-01,ABC Foodmart - DUMBO,2024-11-07 00:00,2024-11-07 00:00,seafood,12.39
"Hull, Shane","Carter, Karen",shane.hull@abcfoodmart.com,2024-01-09,ABC Foodmart - DUMBO,2025-11-21 00:00,2025-11-21 00:00,pharmacy,14.34
"Randolph, Emily","Waller, Chad",emily.randolph@abcfoodmart.com,2023-03-09,ABC Foodmart - Staten Island,2024-12-27 00:00,2024-12-27 00:00,frozen foods,16.87
"Davis, Jennifer","Johnston, William",jennifer.davis@abcfoodmart.com,2023-11-03,ABC Foodmart - Whitestone,2026-03-26 00:00,2026-03-26 00:00,customer service,16.15
"Alvarez, Brenda","Carter, Karen",brenda.alvarez@abcfoodmart.com,2023-11-16,ABC Foodmart - DUMBO,2026-02-21 00:00,2026-02-21 00:00,meats,16.03
"Warren, Timothy","Farrell, Christopher",timothy.warren@abcfoodmart.com,2022-12-27,ABC Foodmart - Staten Island,2025-04-24 00:00,2025-04-24 00:00,seafood,18.22
"Bennett, Alec","Moran, John",alec.bennett@abcfoodmart.com,2023-10-03,ABC Foodmart - Staten Island,2025-08-05 00:00,2025-08-05 00:00,cashier,19.00
"Campbell, Brittany","Cooper, Robert",brittany.campbell@abcfoodmart.com,2023-03-25,ABC Foodmart - Bay Ridge,2025-05-09 00:00,2025-05-09 00:00,frozen foods,19.89
"Campbell, Bethany","Carter, Karen",bethany.campbell@abcfoodmart.com,2023-10-07,ABC Foodmart - Staten Island,2025-06-05 00:00,2025-06-05 00:00,deli,13.94
"Kerr, Jason","Williams, Gina",jason.kerr@abcfoodmart.com,2022-11-21,ABC Foodmart - Bay Ridge,2024-12-22 00:00,2024-12-22 00:00,floral,16.76
"Church, Joshua","Ellis, Grant",joshua.church@abcfoodmart.com,2024-03-03,ABC Foodmart - Tribeca,2026-06-19 00:00,2026-06-19 00:00,seafood,16.48
"Jordan, Carla","Farrell, Christopher",carla.jordan@abcfoodmart.com,2023-12-17,ABC Foodmart - Whitestone,2025-09-06 00:00,2025-09-06 00:00,bakery,17.90
"Ellis, Lauren","Carter, Karen",lauren.ellis@abcfoodmart.com,2022-10-22,ABC Foodmart - Whitestone,2024-10-19 00:00,2024-10-19 00:00,floral,17.80
"Chambers, Jeffrey","Johnston, William",jeffrey.chambers@abcfoodmart.com,2022-09-29,ABC Foodmart - Tribeca,2024-07-24 00:00,2024-07-24 00:00,cashier,14.83
"Campbell, Brittany","Cooper, Robert",brittany.campbell@abcfoodmart.com,2023-03-25,ABC Foodmart - Staten Island,2025-05-26 00:00,2025-05-26 00:00,dry goods,19.73
"Roach, Christine","Hoffman, Tina",christine.roach@abcfoodmart.com,2023-10-15,ABC Foodmart - Tribeca,2026-02-06 00:00,2026-02-06 00:00,deli,18.48
"Warren, Timothy","Ellis, Grant",timothy.warren@abcfoodmart.com,2022-12-27,ABC Foodmart - Whitestone,2025-05-11 00:00,2025-05-11 00:00,bakery,18.14
"Sosa, David","Ellis, Grant",david.sosa@abcfoodmart.com,2023-07-27,ABC Foodmart - Tribeca,2025-09-10 00:00,2025-09-10 00:00,customer service,13.37
"Warren, Timothy","Carter, Karen",timothy.warren@abcfoodmart.com,2022-12-27,ABC Foodmart - DUMBO,2025-06-01 00:00,2025-06-01 00:00,frozen foods,15.48
"Alvarez, Brenda","Hoffman, Tina",brenda.alvarez@abcfoodmart.com,2023-11-16,ABC Foodmart - Staten Island,2026-03-07 00:00,2026-03-07 00:00,bakery,18.03
"Tate, Harry","Johnston, William",harry.tate@abcfoodmart.com,2022-09-18,ABC Foodmart - Whitestone,2024-09-25 00:00,2024-09-25 00:00,customer service,15.30
"Marquez, Jeffrey","Ellis, Grant",jeffrey.marquez@abcfoodmart.com,2023-02-19,ABC Foodmart - Whitestone,2025-02-01 00:00,2025-02-01 00:00,dairy,15.80
"Nguyen, Richard","Johnston, William",richard.nguyen@abcfoodmart.com,2022-09-27,ABC Foodmart - DUMBO,2024-09-11 00:00,2024-09-11 00:00,cashier,12.92
"Henderson, Nancy","Farrell, Christopher",nancy.henderson@abcfoodmart.com,2023-12-30,ABC Foodmart - Bay Ridge,2025-04-21 00:00,2025-04-21 00:00,frozen foods,18.05
"Conrad, Frederick","Moran, John",frederick.conrad@abcfoodmart.com,2023-11-24,ABC Foodmart - Staten Island,2026-04-10 00:00,2026-04-10 00:00,dairy,16.73
"Gonzalez, Michele","Waller, Chad",michele.gonzalez@abcfoodmart.com,2023-09-23,ABC Foodmart - DUMBO,2025-08-30 00:00,2025-08-30 00:00,floral,17.94
"Perry, Andrea","Johnston, William",andrea.perry@abcfoodmart.com,2023-05-05,ABC Foodmart - Staten Island,2025-05-01 00:00,2025-05-01 00:00,deli,12.05
"Mckinney, Marcus","Carter, Karen",marcus.mckinney@abcfoodmart.com,2022-08-14,ABC Foodmart - Bay Ridge,2025-03-25 00:00,2025-03-25 00:00,pharmacy,18.22
"Frederick, Evan","Cooper, Robert",evan.frederick@abcfoodmart.com,2023-02-24,ABC Foodmart - Staten Island,2024-08-03 00:00,2024-08-03 00:00,cashier,18.04
"Alvarez, Brenda","Moran, John",brenda.alvarez@abcfoodmart.com,2023-11-16,ABC Foodmart - Tribeca,2026-03-28 00:00,2026-03-28 00:00,pharmacy,17.97
"Kerr, Jason","Ellis, Grant",jason.kerr@abcfoodmart.com,2022-11-21,ABC Foodmart - DUMBO,2025-01-10 00:00,2025-01-10 00:00,frozen foods,12.64
"Davis, Jennifer","Flores, Angela",jennifer.davis@abcfoodmart.com,2023-11-03,ABC Foodmart - Tribeca,2026-04-03 00:00,2026-04-03 00:00,pharmacy,19.77
"Jacobs, Brenda","Moran, John",brenda.jacobs@abcfoodmart.com,2024-02-09,ABC Foodmart - Whitestone,2025-10-10 00:00,2025-10-10 00:00,fresh produce,19.91
"Williams, Michael","Flores, Angela",michael.williams@abcfoodmart.com,2023-06-11,ABC Foodmart - Staten Island,2025-03-31 00:00,2025-03-31 00:00,deli,13.68
"Roach, Christine","Williams, Gina",christine.roach@abcfoodmart.com,2023-10-15,ABC Foodmart - Tribeca,2026-02-12 00:00,2026-02-12 00:00,customer service,13.46
"Moore, Jason","Carter, Karen",jason.moore@abcfoodmart.com,2023-07-11,ABC Foodmart - Staten Island,2025-08-19 00:00,2025-08-19 00:00,pharmacy,19.24
"Ellis, Lauren","Williams, Gina",lauren.ellis@abcfoodmart.com,2022-10-22,ABC Foodmart - Staten Island,2024-11-08 00:00,2024-11-08 00:00,bakery,15.84
"Moore, Jason","David, Mr.",jason.moore@abcfoodmart.com,2023-07-11,ABC Foodmart - Bay Ridge,2025-09-08 00:00,2025-09-08 00:00,deli,14.89
"Nguyen, Richard","Ellis, Grant",richard.nguyen@abcfoodmart.com,2022-09-27,ABC Foodmart - DUMBO,2024-10-09 00:00,2024-10-09 00:00,dry goods,13.04
"Roach, Christine","Moran, John",christine.roach@abcfoodmart.com,2023-10-15,ABC Foodmart - Tribeca,2026-02-27 00:00,2026-02-27 00:00,pharmacy,13.32
"Carroll, Eric","Johnston, William",eric.carroll@abcfoodmart.com,2022-12-26,ABC Foodmart - DUMBO,2025-05-04 00:00,2025-05-04 00:00,cashier,19.71
"Jackson, Michael","Cooper, Robert",michael.jackson@abcfoodmart.com,2022-10-31,ABC Foodmart - Bay Ridge,2024-11-03 00:00,2024-11-03 00:00,frozen foods,16.02
"Riley, Ashley","Compton, Jeffrey",ashley.riley@abcfoodmart.com,2022-08-17,ABC Foodmart - Staten Island,2025-01-04 00:00,2025-01-04 00:00,deli,18.24
"Perry, Andrea","Ellis, Grant",andrea.perry@abcfoodmart.com,2023-05-05,ABC Foodmart - Tribeca,2025-05-12 00:00,2025-05-12 00:00,deli,19.75
"Myers, Gary","Compton, Jeffrey",gary.myers@abcfoodmart.com,2023-10-13,ABC Foodmart - Bay Ridge,2025-08-02 00:00,2025-08-02 00:00,pharmacy,15.59
"Colon, Lindsey","Flores, Angela",lindsey.colon@abcfoodmart.com,2023-02-16,ABC Foodmart - Staten Island,2025-08-10 00:00,2025-08-10 00:00,customer service,17.62
"Owens, Jeffrey","Cooper, Robert",jeffrey.owens@abcfoodmart.com,2022-05-03,ABC Foodmart - Staten Island,2024-01-12 00:00,2024-01-12 00:00,fresh produce,16.84
"Moore, Jason","Ellis, Grant",jason.moore@abcfoodmart.com,2023-07-11,ABC Foodmart - Bay Ridge,2025-09-17 00:00,2025-09-17 00:00,bakery,13.37
"Durham, Denise","Flores, Angela",denise.durham@abcfoodmart.com,2022-10-24,ABC Foodmart - Tribeca,2024-09-09 00:00,2024-09-09 00:00,floral,12.50
"Thomas, Robert","Flores, Angela",robert.thomas@abcfoodmart.com,2022-05-18,ABC Foodmart - Tribeca,2024-11-08 00:00,2024-11-08 00:00,dairy,15.90
"Payne, Samantha","Ellis, Grant",samantha.payne@abcfoodmart.com,2024-04-06,ABC Foodmart - Staten Island,2026-02-15 00:00,2026-02-15 00:00,bakery,16.64
"Wells, Monica","David, Mr.",monica.wells@abcfoodmart.com,2024-03-12,ABC Foodmart - Staten Island,2026-03-14 00:00,2026-03-14 00:00,pharmacy,19.23
"Moon, James","Ellis, Grant",james.moon@abcfoodmart.com,2023-10-20,ABC Foodmart - Bay Ridge,2025-08-17 00:00,2025-08-17 00:00,customer service,13.60
"Torres, Steven","Farrell, Christopher",steven.torres@abcfoodmart.com,2023-05-10,ABC Foodmart - Tribeca,2025-05-18 00:00,2025-05-18 00:00,meats,12.46
"Hughes, Christopher","Williams, Gina",christopher.hughes@abcfoodmart.com,2022-09-01,ABC Foodmart - Whitestone,2024-12-02 00:00,2024-12-02 00:00,deli,12.43
"Werner, Kara","Compton, Jeffrey",kara.werner@abcfoodmart.com,2023-10-12,ABC Foodmart - Bay Ridge,2026-01-01 00:00,2026-01-01 00:00,dairy,19.05
"Hull, Shane","Moran, John",shane.hull@abcfoodmart.com,2024-01-09,ABC Foodmart - Whitestone,2025-12-07 00:00,2025-12-07 00:00,deli,17.14
"Carroll, Eric","Johnston, William",eric.carroll@abcfoodmart.com,2022-12-26,ABC Foodmart - Whitestone,2025-06-01 00:00,2025-06-01 00:00,dairy,14.11
"Golden, Laurie","Williams, Gina",laurie.golden@abcfoodmart.com,2023-12-23,ABC Foodmart - Whitestone,2025-07-13 00:00,2025-07-13 00:00,customer service,15.12
"Bradley, Rita","Cooper, Robert",rita.bradley@abcfoodmart.com,2023-08-06,ABC Foodmart - Whitestone,2025-08-20 00:00,2025-08-20 00:00,frozen foods,14.81
"Durham, Denise","Williams, Gina",denise.durham@abcfoodmart.com,2022-10-24,ABC Foodmart - Tribeca,2024-09-22 00:00,2024-09-22 00:00,cashier,18.50
"Durham, Denise","Williams, Gina",denise.durham@abcfoodmart.com,2022-10-24,ABC Foodmart - Staten Island,2024-09-28 00:00,2024-09-28 00:00,dairy,15.33
"Galvan, Lori","Carter, Karen",lori.galvan@abcfoodmart.com,2022-05-24,ABC Foodmart - Tribeca,2023-12-01 00:00,2023-12-01 00:00,meats,15.64
"Martin, Monica","Flores, Angela",monica.martin@abcfoodmart.com,2023-11-23,ABC Foodmart - Whitestone,2026-07-29 00:00,2026-07-29 00:00,bakery,19.31
"Atkinson, Gary","Cooper, Robert",gary.atkinson@abcfoodmart.com,2022-05-24,ABC Foodmart - Tribeca,2024-08-10 00:00,2024-08-10 00:00,seafood,17.99
"Horton, Mark","Cooper, Robert",mark.horton@abcfoodmart.com,2023-02-14,ABC Foodmart - Staten Island,2024-10-29 00:00,2024-10-29 00:00,frozen foods,15.36
"Gross, Andrew","Johnston, William",andrew.gross@abcfoodmart.com,2022-04-30,ABC Foodmart - Whitestone,2023-11-04 00:00,2023-11-04 00:00,frozen foods,17.93
"Horton, Ashley","Farrell, Christopher",ashley.horton@abcfoodmart.com,2024-01-24,ABC Foodmart - DUMBO,2026-06-17 00:00,2026-06-17 00:00,frozen foods,16.72
"Colon, Lindsey","Waller, Chad",lindsey.colon@abcfoodmart.com,2023-02-16,ABC Foodmart - Whitestone,2025-09-05 00:00,2025-09-05 00:00,deli,13.61
"Colon, Lindsey","Hoffman, Tina",lindsey.colon@abcfoodmart.com,2023-02-16,ABC Foodmart - Whitestone,2025-10-02 00:00,2025-10-02 00:00,frozen foods,16.03
"Nichols, Brandon","Farrell, Christopher",brandon.nichols@abcfoodmart.com,2024-02-28,ABC Foodmart - Staten Island,2026-05-17 00:00,2026-05-17 00:00,deli,16.34
"Waters, Julie","Farrell, Christopher",julie.waters@abcfoodmart.com,2023-05-20,ABC Foodmart - Staten Island,2025-06-19 00:00,2025-06-19 00:00,dairy,14.99
"Waters, Julie","Moran, John",julie.waters@abcfoodmart.com,2023-05-20,ABC Foodmart - Bay Ridge,2025-06-26 00:00,2025-06-26 00:00,fresh produce,17.97
"Bradley, Rita","Farrell, Christopher",rita.bradley@abcfoodmart.com,2023-08-06,ABC Foodmart - Bay Ridge,2025-08-31 00:00,2025-08-31 00:00,customer service,18.05
"Eric, Mr.","Johnston, William",mr..eric@abcfoodmart.com,2022-09-02,ABC Foodmart - DUMBO,2024-01-26 00:00,2024-01-26 00:00,cashier,12.58
"Woods, Marcus","David, Mr.",marcus.woods@abcfoodmart.com,2024-04-01,ABC Foodmart - DUMBO,2026-03-29 00:00,2026-03-29 00:00,floral,15.30
"Horton, Ashley","Moran, John",ashley.horton@abcfoodmart.com,2024-01-24,ABC Foodmart - Bay Ridge,2026-07-09 00:00,2026-07-09 00:00,pharmacy,16.58
"Perry, Andrea","Compton, Jeffrey",andrea.perry@abcfoodmart.com,2023-05-05,ABC Foodmart - Bay Ridge,2025-05-31 00:00,2025-05-31 00:00,dry goods,15.59
"Hughes, Christopher","Waller, Chad",christopher.hughes@abcfoodmart.com,2022-09-01,ABC Foodmart - Whitestone,2024-12-07 00:00,2024-12-07 00:00,seafood,16.58
"Chen, Kathleen","Flores, Angela",kathleen.chen@abcfoodmart.com,2024-02-03,ABC Foodmart - Tribeca,2026-01-08 00:00,2026-01-08 00:00,pharmacy,15.96
"Kramer, Veronica","Waller, Chad",veronica.kramer@abcfoodmart.com,2023-03-28,ABC Foodmart - Tribeca,2025-03-16 00:00,2025-03-16 00:00,customer service,15.66
"Williams, Michael","Hoffman, Tina",michael.williams@abcfoodmart.com,2023-06-11,ABC Foodmart - Tribeca,2025-04-11 00:00,2025-04-11 00:00,dairy,14.13
"Hernandez, Michael","Flores, Angela",michael.hernandez@abcfoodmart.com,2022-05-24,ABC Foodmart - Whitestone,2024-07-21 00:00,2024-07-21 00:00,dairy,12.01
"Sosa, David","Cooper, Robert",david.sosa@abcfoodmart.com,2023-07-27,ABC Foodmart - DUMBO,2025-10-02 00:00,2025-10-02 00:00,cashier,16.09
"Foster, Jennifer","David, Mr.",jennifer.foster@abcfoodmart.com,2023-06-15,ABC Foodmart - DUMBO,2025-06-17 00:00,2025-06-17 00:00,pharmacy,19.30
"Werner, Kara","Flores, Angela",kara.werner@abcfoodmart.com,2023-10-12,ABC Foodmart - DUMBO,2026-01-18 00:00,2026-01-18 00:00,cashier,19.50
"Blanchard, Ricky","Williams, Gina",ricky.blanchard@abcfoodmart.com,2023-05-23,ABC Foodmart - DUMBO,2025-02-28 00:00,2025-02-28 00:00,deli,19.98
"Burns, Kendra","Hoffman, Tina",kendra.burns@abcfoodmart.com,2022-12-13,ABC Foodmart - Staten Island,2025-02-08 00:00,2025-02-08 00:00,bakery,15.23
"Dodson, Courtney","Williams, Gina",courtney.dodson@abcfoodmart.com,2023-01-10,ABC Foodmart - Staten Island,2025-04-22 00:00,2025-04-22 00:00,deli,19.03
"Brooks, Renee","Compton, Jeffrey",renee.brooks@abcfoodmart.com,2023-07-15,ABC Foodmart - Tribeca,2025-07-03 00:00,2025-07-03 00:00,bakery,13.65
"White, Kenneth","David, Mr.",kenneth.white@abcfoodmart.com,2023-01-22,ABC Foodmart - DUMBO,2025-05-16 00:00,2025-05-16 00:00,dairy,17.02
"Alvarez, Brenda","Moran, John",brenda.alvarez@abcfoodmart.com,2023-11-16,ABC Foodmart - Tribeca,2026-04-03 00:00,2026-04-03 00:00,pharmacy,19.05
"Thompson, Andrea","Cooper, Robert",andrea.thompson@abcfoodmart.com,2023-01-06,ABC Foodmart - Staten Island,2025-03-12 00:00,2025-03-12 00:00,meats,13.58
"Gardner, Laura","Hoffman, Tina",laura.gardner@abcfoodmart.com,2023-09-04,ABC Foodmart - DUMBO,2025-09-27 00:00,2025-09-27 00:00,dry goods,17.44
"Henderson, Nancy","Johnston, William",nancy.henderson@abcfoodmart.com,2023-12-30,ABC Foodmart - Staten Island,2025-04-24 00:00,2025-04-24 00:00,meats,14.39
"Walls, Kristen","David, Mr.",kristen.walls@abcfoodmart.com,2023-02-10,ABC Foodmart - Bay Ridge,2024-10-28 00:00,2024-10-28 00:00,floral,19.43
"Harrell, Angie","Flores, Angela",angie.harrell@abcfoodmart.com,2023-06-01,ABC Foodmart - Staten Island,2025-07-03 00:00,2025-07-03 00:00,seafood,13.13
"Kerr, Jason","Johnston, William",jason.kerr@abcfoodmart.com,2022-11-21,ABC Foodmart - Tribeca,2025-01-16 00:00,2025-01-16 00:00,dry goods,17.56
"Campbell, Bethany","Cooper, Robert",bethany.campbell@abcfoodmart.com,2023-10-07,ABC Foodmart - Whitestone,2025-06-29 00:00,2025-06-29 00:00,frozen foods,19.14
"White, Kenneth","Ellis, Grant",kenneth.white@abcfoodmart.com,2023-01-22,ABC Foodmart - Bay Ridge,2025-06-11 00:00,2025-06-11 00:00,seafood,14.26
"Warren, Timothy","Hoffman, Tina",timothy.warren@abcfoodmart.com,2022-12-27,ABC Foodmart - Staten Island,2025-06-17 00:00,2025-06-17 00:00,bakery,15.33
"Wilson, Jill","David, Mr.",jill.wilson@abcfoodmart.com,2022-12-06,ABC Foodmart - Bay Ridge,2024-11-18 00:00,2024-11-18 00:00,frozen foods,18.29
"Frederick, Evan","Cooper, Robert",evan.frederick@abcfoodmart.com,2023-02-24,ABC Foodmart - Whitestone,2024-08-07 00:00,2024-08-07 00:00,pharmacy,15.38
"Riley, Ashley","Moran, John",ashley.riley@abcfoodmart.com,2022-08-17,ABC Foodmart - Bay Ridge,2025-01-29 00:00,2025-01-29 00:00,bakery,19.07
"Campbell, Brittany","Williams, Gina",brittany.campbell@abcfoodmart.com,2023-03-25,ABC Foodmart - Staten Island,2025-06-07 00:00,2025-06-07 00:00,deli,16.12
"Owens, Jeffrey","Moran, John",jeffrey.owens@abcfoodmart.com,2022-05-03,ABC Foodmart - Staten Island,2024-01-14 00:00,2024-01-14 00:00,meats,19.59
"Nichols, Brandon","Johnston, William",brandon.nichols@abcfoodmart.com,2024-02-28,ABC Foodmart - DUMBO,2026-06-01 00:00,2026-06-01 00:00,bakery,18.63
"Moore, Jason","Farrell, Christopher",jason.moore@abcfoodmart.com,2023-07-11,ABC Foodmart - Bay Ridge,2025-10-02 00:00,2025-10-02 00:00,customer service,13.07
"Jones, Christopher","Cooper, Robert",christopher.jones@abcfoodmart.com,2022-05-19,ABC Foodmart - Whitestone,2024-09-22 00:00,2024-09-22 00:00,customer service,16.75
"Kramer, Veronica","Hoffman, Tina",veronica.kramer@abcfoodmart.com,2023-03-28,ABC Foodmart - Tribeca,2025-03-31 00:00,2025-03-31 00:00,cashier,18.20
"Chen, Kathleen","Williams, Gina",kathleen.chen@abcfoodmart.com,2024-02-03,ABC Foodmart - Whitestone,2026-01-29 00:00,2026-01-29 00:00,fresh produce,16.76
"Warren, Timothy","David, Mr.",timothy.warren@abcfoodmart.com,2022-12-27,ABC Foodmart - Bay Ridge,2025-07-16 00:00,2025-07-16 00:00,meats,13.82
"Moore, Jason","Compton, Jeffrey",jason.moore@abcfoodmart.com,2023-07-11,ABC Foodmart - Whitestone,2025-10-03 00:00,2025-10-03 00:00,cashier,13.91
"Nguyen, Richard","Ellis, Grant",richard.nguyen@abcfoodmart.com,2022-09-27,ABC Foodmart - DUMBO,2024-10-15 00:00,2024-10-15 00:00,seafood,16.20
"Mckinney, Marcus","Cooper, Robert",marcus.mckinney@abcfoodmart.com,2022-08-14,ABC Foodmart - DUMBO,2025-04-05 00:00,2025-04-05 00:00,pharmacy,19.30
"Jones, Evelyn","Moran, John",evelyn.jones@abcfoodmart.com,2024-02-25,ABC Foodmart - Whitestone,2026-05-10 00:00,2026-05-10 00:00,dry goods,19.29
"Riley, Ashley","Carter, Karen",ashley.riley@abcfoodmart.com,2022-08-17,ABC Foodmart - Staten Island,2025-02-27 00:00,2025-02-27 00:00,customer service,16.99
"Nichols, Mitchell","Williams, Gina",mitchell.nichols@abcfoodmart.com,2022-09-30,ABC Foodmart - Tribeca,2024-06-26 00:00,2024-06-26 00:00,fresh produce,15.10
"Walters, Jay","Hoffman, Tina",jay.walters@abcfoodmart.com,2023-12-17,ABC Foodmart - DUMBO,2026-09-07 00:00,2026-09-07 00:00,cashier,18.98
"Johnson, Samantha","Flores, Angela",samantha.johnson@abcfoodmart.com,2023-01-16,ABC Foodmart - DUMBO,2025-07-27 00:00,2025-07-27 00:00,cashier,16.35
"Warren, Timothy","Moran, John",timothy.warren@abcfoodmart.com,2022-12-27,ABC Foodmart - Staten Island,2025-07-23 00:00,2025-07-23 00:00,floral,18.58
"Carroll, Eric","Carter, Karen",eric.carroll@abcfoodmart.com,2022-12-26,ABC Foodmart - Tribeca,2025-06-17 00:00,2025-06-17 00:00,seafood,18.84
"Thomas, Robert","David, Mr.",robert.thomas@abcfoodmart.com,2022-05-18,ABC Foodmart - Bay Ridge,2024-11-20 00:00,2024-11-20 00:00,bakery,19.68
"Spears, Erin","Johnston, William",erin.spears@abcfoodmart.com,2023-07-30,ABC Foodmart - Bay Ridge,2025-10-26 00:00,2025-10-26 00:00,seafood,15.84
"Ellis, Lauren","Waller, Chad",lauren.ellis@abcfoodmart.com,2022-10-22,ABC Foodmart - Whitestone,2024-12-01 00:00,2024-12-01 00:00,dry goods,17.09
"Nguyen, Richard","Hoffman, Tina",richard.nguyen@abcfoodmart.com,2022-09-27,ABC Foodmart - Whitestone,2024-10-25 00:00,2024-10-25 00:00,bakery,14.86
"Torres, Steven","Johnston, William",steven.torres@abcfoodmart.com,2023-05-10,ABC Foodmart - Staten Island,2025-06-03 00:00,2025-06-03 00:00,cashier,18.63
"Payne, Samantha","Moran, John",samantha.payne@abcfoodmart.com,2024-04-06,ABC Foodmart - Bay Ridge,2026-03-13 00:00,2026-03-13 00:00,frozen foods,17.15
"Marquez, Jeffrey","Cooper, Robert",jeffrey.marquez@abcfoodmart.com,2023-02-19,ABC Foodmart - Whitestone,2025-02-09 00:00,2025-02-09 00:00,seafood,19.36
"Shah, Amanda","Ellis, Grant",amanda.shah@abcfoodmart.com,2023-10-07,ABC Foodmart - Whitestone,2025-12-25 00:00,2025-12-25 00:00,floral,17.15
"Gardner, Laura","Cooper, Robert",laura.gardner@abcfoodmart.com,2023-09-04,ABC Foodmart - Bay Ridge,2025-10-15 00:00,2025-10-15 00:00,deli,14.43
"Galvan, Lori","Moran, John",lori.galvan@abcfoodmart.com,2022-05-24,ABC Foodmart - Staten Island,2023-12-20 00:00,2023-12-20 00:00,pharmacy,19.20
"Shah, Amanda","Williams, Gina",amanda.shah@abcfoodmart.com,2023-10-07,ABC Foodmart - Staten Island,2026-01-08 00:00,2026-01-08 00:00,deli,14.07
"Eric, Mr.","Waller, Chad",mr..eric@abcfoodmart.com,2022-09-02,ABC Foodmart - Whitestone,2024-01-30 00:00,2024-01-30 00:00,pharmacy,12.11
"Blanchard, Ricky","Cooper, Robert",ricky.blanchard@abcfoodmart.com,2023-05-23,ABC Foodmart - DUMBO,2025-03-06 00:00,2025-03-06 00:00,deli,13.22
"Shah, Amanda","Cooper, Robert",amanda.shah@abcfoodmart.com,2023-10-07,ABC Foodmart - Whitestone,2026-01-25 00:00,2026-01-25 00:00,meats,18.09
"Glover, Michelle","Farrell, Christopher",michelle.glover@abcfoodmart.com,2022-08-25,ABC Foodmart - Bay Ridge,2025-02-09 00:00,2025-02-09 00:00,dairy,12.21
"Tate, Harry","Flores, Angela",harry.tate@abcfoodmart.com,2022-09-18,ABC Foodmart - DUMBO,2024-10-15 00:00,2024-10-15 00:00,floral,15.63
"Bradley, Rita","Waller, Chad",rita.bradley@abcfoodmart.com,2023-08-06,ABC Foodmart - DUMBO,2025-09-18 00:00,2025-09-18 00:00,cashier,16.46
"Smith, Diana","Flores, Angela",diana.smith@abcfoodmart.com,2023-05-31,ABC Foodmart - Bay Ridge,2025-06-20 00:00,2025-06-20 00:00,pharmacy,16.85
"Henderson, Nancy","Ellis, Grant",nancy.henderson@abcfoodmart.com,2023-12-30,ABC Foodmart - DUMBO,2025-05-18 00:00,2025-05-18 00:00,meats,12.96
"Horton, Mark","Hoffman, Tina",mark.horton@abcfoodmart.com,2023-02-14,ABC Foodmart - Tribeca,2024-11-26 00:00,2024-11-26 00:00,meats,18.42
"Sosa, David","Flores, Angela",david.sosa@abcfoodmart.com,2023-07-27,ABC Foodmart - Staten Island,2025-10-20 00:00,2025-10-20 00:00,meats,12.96
"Chambers, Jeffrey","Flores, Angela",jeffrey.chambers@abcfoodmart.com,2022-09-29,ABC Foodmart - Staten Island,2024-08-12 00:00,2024-08-12 00:00,frozen foods,17.56
"Jones, Christopher","Williams, Gina",christopher.jones@abcfoodmart.com,2022-05-19,ABC Foodmart - Staten Island,2024-10-12 00:00,2024-10-12 00:00,fresh produce,17.29
"Davis, Jennifer","Carter, Karen",jennifer.davis@abcfoodmart.com,2023-11-03,ABC Foodmart - Staten Island,2026-04-11 00:00,2026-04-11 00:00,cashier,13.54
"Meyer, James","Farrell, Christopher",james.meyer@abcfoodmart.com,2022-05-02,ABC Foodmart - Bay Ridge,2025-03-13 00:00,2025-03-13 00:00,dry goods,14.54
"Durham, Denise","Moran, John",denise.durham@abcfoodmart.com,2022-10-24,ABC Foodmart - Tribeca,2024-10-06 00:00,2024-10-06 00:00,cashier,14.54
"Galvan, Lori","Hoffman, Tina",lori.galvan@abcfoodmart.com,2022-05-24,ABC Foodmart - Whitestone,2024-01-08 00:00,2024-01-08 00:00,floral,12.90
"Martin, Monica","Cooper, Robert",monica.martin@abcfoodmart.com,2023-11-23,ABC Foodmart - Bay Ridge,2026-08-25 00:00,2026-08-25 00:00,bakery,15.59
"Brown, Lisa","Hoffman, Tina",lisa.brown@abcfoodmart.com,2022-08-18,ABC Foodmart - Staten Island,2024-05-15 00:00,2024-05-15 00:00,customer service,17.22
"Nguyen, Richard","Compton, Jeffrey",richard.nguyen@abcfoodmart.com,2022-09-27,ABC Foodmart - Bay Ridge,2024-10-27 00:00,2024-10-27 00:00,dry goods,18.80
"Campbell, Bethany","Hoffman, Tina",bethany.campbell@abcfoodmart.com,2023-10-07,ABC Foodmart - DUMBO,2025-07-11 00:00,2025-07-11 00:00,customer service,13.12
"Jacobs, Brenda","Farrell, Christopher",brenda.jacobs@abcfoodmart.com,2024-02-09,ABC Foodmart - Staten Island,2025-11-06 00:00,2025-11-06 00:00,bakery,14.28
"Jacobs, Brenda","Compton, Jeffrey",brenda.jacobs@abcfoodmart.com,2024-02-09,ABC Foodmart - Whitestone,2025-11-17 00:00,2025-11-17 00:00,dry goods,14.40
"Marquez, Jeffrey","Moran, John",jeffrey.marquez@abcfoodmart.com,2023-02-19,ABC Foodmart - Tribeca,2025-03-05 00:00,2025-03-05 00:00,customer service,13.66
"Pena, Johnathan","Hoffman, Tina",johnathan.pena@abcfoodmart.com,2023-02-22,ABC Foodmart - DUMBO,2025-07-18 00:00,2025-07-18 00:00,frozen foods,16.42
"Bennett, Alec","Williams, Gina",alec.bennett@abcfoodmart.com,2023-10-03,ABC Foodmart - Bay Ridge,2025-08-21 00:00,2025-08-21 00:00,pharmacy,12.87
"Colon, Lindsey","Williams, Gina",lindsey.colon@abcfoodmart.com,2023-02-16,ABC Foodmart - Tribeca,2025-10-27 00:00,2025-10-27 00:00,meats,13.93
"Gardner, Laura","Carter, Karen",laura.gardner@abcfoodmart.com,2023-09-04,ABC Foodmart - Bay Ridge,2025-11-11 00:00,2025-11-11 00:00,floral,15.33
"Brown, Lisa","Williams, Gina",lisa.brown@abcfoodmart.com,2022-08-18,ABC Foodmart - Staten Island,2024-06-07 00:00,2024-06-07 00:00,floral,18.67
"Burns, Kendra","Moran, John",kendra.burns@abcfoodmart.com,2022-12-13,ABC Foodmart - Tribeca,2025-03-02 00:00,2025-03-02 00:00,fresh produce,17.89
"Williams, Michael","Moran, John",michael.williams@abcfoodmart.com,2023-06-11,ABC Foodmart - Whitestone,2025-04-18 00:00,2025-04-18 00:00,fresh produce,16.94
"Warren, Timothy","Waller, Chad",timothy.warren@abcfoodmart.com,2022-12-27,ABC Foodmart - Staten Island,2025-08-08 00:00,2025-08-08 00:00,seafood,15.09
"Moore, Jason","Farrell, Christopher",jason.moore@abcfoodmart.com,2023-07-11,ABC Foodmart - Staten Island,2025-10-16 00:00,2025-10-16 00:00,frozen foods,16.72
"Jones, Evelyn","Moran, John",evelyn.jones@abcfoodmart.com,2024-02-25,ABC Foodmart - Tribeca,2026-05-25 00:00,2026-05-25 00:00,cashier,13.71
"Kerr, Jason","Carter, Karen",jason.kerr@abcfoodmart.com,2022-11-21,ABC Foodmart - Staten Island,2025-01-28 00:00,2025-01-28 00:00,floral,13.79
"Jones, Christopher","Waller, Chad",christopher.jones@abcfoodmart.com,2022-05-19,ABC Foodmart - Tribeca,2024-11-05 00:00,2024-11-05 00:00,customer service,15.02
"Church, Joshua","Cooper, Robert",joshua.church@abcfoodmart.com,2024-03-03,ABC Foodmart - Bay Ridge,2026-06-25 00:00,2026-06-25 00:00,customer service,12.93
"Kramer, Veronica","Farrell, Christopher",veronica.kramer@abcfoodmart.com,2023-03-28,ABC Foodmart - Whitestone,2025-04-16 00:00,2025-04-16 00:00,deli,14.81
"Golden, Laurie","Waller, Chad",laurie.golden@abcfoodmart.com,2023-12-23,ABC Foodmart - Whitestone,2025-08-03 00:00,2025-08-03 00:00,dairy,18.19
"Gross, Andrew","Johnston, William",andrew.gross@abcfoodmart.com,2022-04-30,ABC Foodmart - Tribeca,2023-11-10 00:00,2023-11-10 00:00,fresh produce,13.66
"Dodson, Courtney","Moran, John",courtney.dodson@abcfoodmart.com,2023-01-10,ABC Foodmart - DUMBO,2025-05-01 00:00,2025-05-01 00:00,bakery,15.19
"Blanchard, Ricky","Flores, Angela",ricky.blanchard@abcfoodmart.com,2023-05-23,ABC Foodmart - DUMBO,2025-03-15 00:00,2025-03-15 00:00,bakery,19.40
